
C:\Users\Natalia\Desktop\„ˆ‹ŽŒ\GQW>if "Windows_NT" == "Windows_NT" setlocal

C:\Users\Natalia\Desktop\„ˆ‹ŽŒ\GQW>set DIRNAME=C:\Users\Natalia\Desktop\„ˆ‹ŽŒ\GQW\ 

C:\Users\Natalia\Desktop\„ˆ‹ŽŒ\GQW>if "C:\Users\Natalia\Desktop\„ˆ‹ŽŒ\GQW\" == "" set DIRNAME=. 

C:\Users\Natalia\Desktop\„ˆ‹ŽŒ\GQW>set APP_BASE_NAME=gradlew 

C:\Users\Natalia\Desktop\„ˆ‹ŽŒ\GQW>set APP_HOME=C:\Users\Natalia\Desktop\„ˆ‹ŽŒ\GQW\ 

C:\Users\Natalia\Desktop\„ˆ‹ŽŒ\GQW>for %i in ("C:\Users\Natalia\Desktop\„ˆ‹ŽŒ\GQW\") do set APP_HOME=%~fsi 

C:\Users\Natalia\Desktop\„ˆ‹ŽŒ\GQW>set APP_HOME=C:\Users\Natalia\Desktop\4AD6~1\GQW\ 

C:\Users\Natalia\Desktop\„ˆ‹ŽŒ\GQW>set DEFAULT_JVM_OPTS="-Xmx64m" "-Xms64m" 

C:\Users\Natalia\Desktop\„ˆ‹ŽŒ\GQW>if defined JAVA_HOME goto findJavaFromJavaHome 

C:\Users\Natalia\Desktop\„ˆ‹ŽŒ\GQW>set JAVA_HOME=C:\Program Files\Java\jdk-21 

C:\Users\Natalia\Desktop\„ˆ‹ŽŒ\GQW>set JAVA_EXE=C:\Program Files\Java\jdk-21/bin/java.exe 

C:\Users\Natalia\Desktop\„ˆ‹ŽŒ\GQW>if exist "C:\Program Files\Java\jdk-21/bin/java.exe" goto execute 

C:\Users\Natalia\Desktop\„ˆ‹ŽŒ\GQW>"C:\Program Files\Java\jdk-21/bin/java.exe" "-Xmx64m" "-Xms64m"   "-Dorg.gradle.appname=gradlew" -jar "C:\Users\Natalia\Desktop\4AD6~1\GQW\\gradle\wrapper\gradle-wrapper.jar" bootRun --console=plain 
> Task :compileJava UP-TO-DATE
> Task :processResources UP-TO-DATE
> Task :classes UP-TO-DATE

> Task :freePort8080
Port 8080 is already free.

> Task :resolveMainClassName

> Task :bootRun

  .   ____          _            __ _ _
 /\\ / ___'_ __ _ _(_)_ __  __ _ \ \ \ \
( ( )\___ | '_ | '_| | '_ \/ _` | \ \ \ \
 \\/  ___)| |_)| | | | | || (_| |  ) ) ) )
  '  |____| .__|_| |_|_| |_\__, | / / / /
 =========|_|==============|___/=/_/_/_/

 :: Spring Boot ::                (v4.0.4)

2026-06-03 21:31:50.065  INFO [trace:] [event:] [module:] --- [  restartedMain] com.example.gqw.GqwApplication           : Starting GqwApplication using Java 21.0.8 with PID 7184 (C:\Users\Natalia\.gqw-build\gqw\classes\java\main started by Natalia in C:\Users\Natalia\Desktop\Ð”Ð˜ÐŸÐ›ÐžÐœ\GQW)
2026-06-03 21:31:50.074  INFO [trace:] [event:] [module:] --- [  restartedMain] com.example.gqw.GqwApplication           : No active profile set, falling back to 1 default profile: "default"
2026-06-03 21:31:50.074 DEBUG [trace:] [event:] [module:] --- [  restartedMain] o.s.boot.SpringApplication               : Loading source class com.example.gqw.GqwApplication
2026-06-03 21:31:50.106 DEBUG [trace:] [event:] [module:] --- [  restartedMain] o.s.b.devtools.restart.ChangeableUrls    : Matching URLs for reloading : [file:/C:/Users/Natalia/.gqw-build/gqw/classes/java/main/, file:/C:/Users/Natalia/.gqw-build/gqw/resources/main/]
2026-06-03 21:31:50.106 DEBUG [trace:] [event:] [module:] --- [  restartedMain] o.s.b.d.settings.DevToolsSettings        : Included patterns for restart : []
2026-06-03 21:31:50.106 DEBUG [trace:] [event:] [module:] --- [  restartedMain] o.s.b.d.settings.DevToolsSettings        : Excluded patterns for restart : [/spring-boot-starter-[\w-]+/, /spring-boot/(bin|build|out)/, /spring-boot-starter/(bin|build|out)/, /spring-boot-devtools/(bin|build|out)/, /spring-boot-actuator/(bin|build|out)/, /spring-boot-autoconfigure/(bin|build|out)/]
2026-06-03 21:31:50.106  INFO [trace:] [event:] [module:] --- [  restartedMain] .e.DevToolsPropertyDefaultsPostProcessor : Devtools property defaults active! Set 'spring.devtools.add-properties' to 'false' to disable
2026-06-03 21:31:50.107  INFO [trace:] [event:] [module:] --- [  restartedMain] .e.DevToolsPropertyDefaultsPostProcessor : For additional web related logging consider setting the 'logging.level.web' property to 'DEBUG'
2026-06-03 21:31:50.107 DEBUG [trace:] [event:] [module:] --- [  restartedMain] ConfigServletWebServerApplicationContext : Refreshing org.springframework.boot.web.server.servlet.context.AnnotationConfigServletWebServerApplicationContext@26c75663
2026-06-03 21:31:50.751  INFO [trace:] [event:] [module:] --- [  restartedMain] .s.d.r.c.RepositoryConfigurationDelegate : Bootstrapping Spring Data JPA repositories in DEFAULT mode.
2026-06-03 21:31:50.766 DEBUG [trace:] [event:] [module:] --- [  restartedMain] o.s.b.a.AutoConfigurationPackages        : @EnableAutoConfiguration was declared on a class in the package 'com.example.gqw'. Automatic @Repository and @Entity scanning is enabled.
2026-06-03 21:31:50.837  INFO [trace:] [event:] [module:] --- [  restartedMain] .s.d.r.c.RepositoryConfigurationDelegate : Finished Spring Data repository scanning in 79 ms. Found 30 JPA repository interfaces.
2026-06-03 21:31:51.498 DEBUG [trace:] [event:] [module:] --- [  restartedMain] o.s.b.t.s.TomcatServletWebServerFactory  : Code archive: C:\Users\Natalia\.gradle\caches\modules-2\files-2.1\org.springframework.boot\spring-boot-web-server\4.0.4\fa5a9f0f4625491552aaf91dcefe5e1cb590d954\spring-boot-web-server-4.0.4.jar
2026-06-03 21:31:51.499 DEBUG [trace:] [event:] [module:] --- [  restartedMain] o.s.b.t.s.TomcatServletWebServerFactory  : Code archive: C:\Users\Natalia\.gradle\caches\modules-2\files-2.1\org.springframework.boot\spring-boot-web-server\4.0.4\fa5a9f0f4625491552aaf91dcefe5e1cb590d954\spring-boot-web-server-4.0.4.jar
2026-06-03 21:31:51.499 DEBUG [trace:] [event:] [module:] --- [  restartedMain] o.s.b.t.s.TomcatServletWebServerFactory  : None of the document roots [src/main/webapp, public, static] point to a directory and will be ignored.
2026-06-03 21:31:51.532  INFO [trace:] [event:] [module:] --- [  restartedMain] o.s.boot.tomcat.TomcatWebServer          : Tomcat initialized with port 8080 (http)
2026-06-03 21:31:51.545  INFO [trace:] [event:] [module:] --- [  restartedMain] o.apache.catalina.core.StandardService   : Starting service [Tomcat]
2026-06-03 21:31:51.545  INFO [trace:] [event:] [module:] --- [  restartedMain] o.apache.catalina.core.StandardEngine    : Starting Servlet engine: [Apache Tomcat/11.0.18]
2026-06-03 21:31:51.579 DEBUG [trace:] [event:] [module:] --- [  restartedMain] b.w.c.s.WebApplicationContextInitializer : Published root WebApplicationContext as ServletContext attribute with name [org.springframework.web.context.WebApplicationContext.ROOT]
2026-06-03 21:31:51.580  INFO [trace:] [event:] [module:] --- [  restartedMain] b.w.c.s.WebApplicationContextInitializer : Root WebApplicationContext: initialization completed in 1473 ms
2026-06-03 21:31:51.823  INFO [trace:] [event:] [module:] --- [  restartedMain] org.hibernate.orm.jpa                    : HHH008540: Processing PersistenceUnitInfo [name: default]
2026-06-03 21:31:51.886  INFO [trace:] [event:] [module:] --- [  restartedMain] org.hibernate.orm.core                   : HHH000001: Hibernate ORM core version 7.2.7.Final
2026-06-03 21:31:52.270  INFO [trace:] [event:] [module:] --- [  restartedMain] o.s.o.j.p.SpringPersistenceUnitInfo      : No LoadTimeWeaver setup: ignoring JPA class transformer
2026-06-03 21:31:52.298  INFO [trace:] [event:] [module:] --- [  restartedMain] com.zaxxer.hikari.HikariDataSource       : HikariPool-1 - Starting...
2026-06-03 21:31:52.338  INFO [trace:] [event:] [module:] --- [  restartedMain] com.zaxxer.hikari.pool.HikariPool        : HikariPool-1 - Added connection org.postgresql.jdbc.PgConnection@7c55e381
2026-06-03 21:31:52.339  INFO [trace:] [event:] [module:] --- [  restartedMain] com.zaxxer.hikari.HikariDataSource       : HikariPool-1 - Start completed.
2026-06-03 21:31:52.403  INFO [trace:] [event:] [module:] --- [  restartedMain] org.hibernate.orm.connections.pooling    : HHH10001005: Database info:
	Database JDBC URL [jdbc:postgresql://localhost:5432/gqw]
	Database driver: PostgreSQL JDBC Driver
	Database dialect: PostgreSQLDialect
	Database version: 18.0
	Default catalog/schema: gqw/public
	Autocommit mode: undefined/unknown
	Isolation level: READ_COMMITTED [default READ_COMMITTED]
	JDBC fetch size: none
	Pool: DataSourceConnectionProvider
	Minimum pool size: undefined/unknown
	Maximum pool size: undefined/unknown
2026-06-03 21:31:53.436  INFO [trace:] [event:] [module:] --- [  restartedMain] org.hibernate.orm.core                   : HHH000489: No JTA platform available (set 'hibernate.transaction.jta.platform' to enable JTA platform integration)
2026-06-03 21:31:53.523  INFO [trace:] [event:] [module:] --- [  restartedMain] j.LocalContainerEntityManagerFactoryBean : Initialized JPA EntityManagerFactory for persistence unit 'default'
2026-06-03 21:31:53.593  INFO [trace:] [event:] [module:] --- [  restartedMain] o.s.d.j.r.query.QueryEnhancerFactories   : Hibernate is in classpath; If applicable, HQL parser will be used.
2026-06-03 21:31:55.155 DEBUG [trace:] [event:] [module:] --- [  restartedMain] o.s.b.w.s.ServletContextInitializerBeans : Mapping filters: springSecurityFilterChain urls=[/*] order=-100, characterEncodingFilter urls=[/*] order=-2147483648, appModuleMdcFilter urls=[/*] order=-2147483643, traceIdFilter urls=[/*] order=-2147483638, hiddenHttpMethodFilter urls=[/*] order=-10000, formContentFilter urls=[/*] order=-9900, requestContextFilter urls=[/*] order=-105
2026-06-03 21:31:55.155 DEBUG [trace:] [event:] [module:] --- [  restartedMain] o.s.b.w.s.ServletContextInitializerBeans : Mapping servlets: dispatcherServlet urls=[/]
2026-06-03 21:31:55.175 DEBUG [trace:] [event:] [module:] --- [  restartedMain] o.s.b.s.f.OrderedRequestContextFilter    : Filter 'requestContextFilter' configured for use
2026-06-03 21:31:55.176 DEBUG [trace:] [event:] [module:] --- [  restartedMain] o.s.b.s.f.OrderedHiddenHttpMethodFilter  : Filter 'hiddenHttpMethodFilter' configured for use
2026-06-03 21:31:55.176 DEBUG [trace:] [event:] [module:] --- [  restartedMain] o.s.b.s.f.OrderedCharacterEncodingFilter : Filter 'characterEncodingFilter' configured for use
2026-06-03 21:31:55.176 DEBUG [trace:] [event:] [module:] --- [  restartedMain] .DelegatingFilterProxyRegistrationBean$1 : Filter 'springSecurityFilterChain' configured for use
2026-06-03 21:31:55.176 DEBUG [trace:] [event:] [module:] --- [  restartedMain] o.s.b.s.filter.OrderedFormContentFilter  : Filter 'formContentFilter' configured for use
2026-06-03 21:31:55.919  INFO [trace:] [event:] [module:] --- [  restartedMain] r$InitializeUserDetailsManagerConfigurer : Global AuthenticationManager configured with UserDetailsService bean with name customUserDetailsService
2026-06-03 21:31:56.208 DEBUG [trace:] [event:] [module:] --- [  restartedMain] s.w.s.m.m.a.RequestMappingHandlerMapping : 147 mappings in 'requestMappingHandlerMapping'
2026-06-03 21:31:56.243 DEBUG [trace:] [event:] [module:] --- [  restartedMain] o.s.w.s.handler.SimpleUrlHandlerMapping  : Patterns [/webjars/**, /**, /analytics/js/**, /analytics/css/**, /analytics/img/**, /shop/**, /admin/**, /img/**, /uploads/products/**, /uploads/categories/**, /uploads/library/**, /uploads/reviews/**] in 'resourceHandlerMapping'
2026-06-03 21:31:56.268 DEBUG [trace:] [event:] [module:] --- [  restartedMain] s.w.s.m.m.a.RequestMappingHandlerAdapter : ControllerAdvice beans: 1 @ModelAttribute, 0 @InitBinder, 2 RequestBodyAdvice, 1 ResponseBodyAdvice
2026-06-03 21:31:56.328 DEBUG [trace:] [event:] [module:] --- [  restartedMain] .m.m.a.ExceptionHandlerExceptionResolver : ControllerAdvice beans: 1 @ExceptionHandler, 1 ResponseBodyAdvice
2026-06-03 21:31:56.479  INFO [trace:] [event:] [module:] --- [  restartedMain] o.s.boot.tomcat.TomcatWebServer          : Tomcat started on port 8080 (http) with context path '/'
2026-06-03 21:31:56.483 DEBUG [trace:] [event:] [module:] --- [  restartedMain] .s.b.a.l.ConditionEvaluationReportLogger : 


============================
CONDITIONS EVALUATION REPORT
============================


Positive matches:
-----------------

   AnalyticsEventCodesMigrationConfig matched:
      - @ConditionalOnProperty (app.analytics.event-codes-migration-enabled=true) matched; @ConditionalOnProperty (app.startup.runners-enabled=true) matched (OnPropertyCondition)

   AnalyticsFilterRollupSchemaConfig matched:
      - @ConditionalOnProperty (app.startup.runners-enabled=true) matched (OnPropertyCondition)

   AnalyticsMethodLoggingAspect matched:
      - @ConditionalOnProperty (app.analytics.method-logging.enabled=true) matched (OnPropertyCondition)

   AnalyticsMetricNamesPatchConfig matched:
      - @ConditionalOnProperty (app.analytics.metric-names-patch-enabled=true) matched; @ConditionalOnProperty (app.startup.runners-enabled=true) matched (OnPropertyCondition)

   AnalyticsModuleSchemaPatchConfig matched:
      - @ConditionalOnProperty (app.startup.runners-enabled=true) matched (OnPropertyCondition)

   AnalyticsPerformanceIndexesConfig matched:
      - @ConditionalOnProperty (app.startup.runners-enabled=true) matched (OnPropertyCondition)

   AnalyticsRequestPathSchemaPatchConfig matched:
      - @ConditionalOnProperty (app.startup.runners-enabled=true) matched (OnPropertyCondition)

   AnalyticsResponseStageCleanupConfig matched:
      - @ConditionalOnProperty (app.startup.runners-enabled=true) matched (OnPropertyCondition)

   AnalyticsRuntimeSettingsSchemaConfig matched:
      - @ConditionalOnProperty (app.startup.runners-enabled=true) matched (OnPropertyCondition)

   AnalyticsStageMetricRollupSchemaConfig matched:
      - @ConditionalOnProperty (app.startup.runners-enabled=true) matched (OnPropertyCondition)

   AnalyticsStageSchemaPatchConfig matched:
      - @ConditionalOnProperty (app.startup.runners-enabled=true) matched (OnPropertyCondition)

   AnalyticsSystemFlagsSchemaPatchConfig matched:
      - @ConditionalOnProperty (app.startup.runners-enabled=true) matched (OnPropertyCondition)

   AnalyticsTimeRollupSchemaConfig matched:
      - @ConditionalOnProperty (app.startup.runners-enabled=true) matched (OnPropertyCondition)

   AopAutoConfiguration matched:
      - @ConditionalOnBooleanProperty (spring.aop.auto=true) matched (OnPropertyCondition)

   AopAutoConfiguration.AspectJAutoProxyingConfiguration matched:
      - @ConditionalOnClass found required class 'org.aspectj.weaver.Advice' (OnClassCondition)

   AopAutoConfiguration.AspectJAutoProxyingConfiguration.CglibAutoProxyConfiguration matched:
      - @ConditionalOnBooleanProperty (spring.aop.proxy-target-class=true) matched (OnPropertyCondition)

   ApplicationAvailabilityAutoConfiguration#applicationAvailability matched:
      - @ConditionalOnMissingBean (types: org.springframework.boot.availability.ApplicationAvailability; SearchStrategy: all) did not find any beans (OnBeanCondition)

   CategorySchemaPatchConfig matched:
      - @ConditionalOnProperty (app.startup.runners-enabled=true) matched (OnPropertyCondition)

   DataJpaRepositoriesAutoConfiguration matched:
      - @ConditionalOnClass found required class 'org.springframework.data.jpa.repository.JpaRepository' (OnClassCondition)
      - @ConditionalOnBooleanProperty (spring.data.jpa.repositories.enabled=true) matched (OnPropertyCondition)
      - @ConditionalOnBean (types: javax.sql.DataSource; SearchStrategy: all) found bean 'dataSource'; @ConditionalOnMissingBean (types: org.springframework.data.jpa.repository.support.JpaRepositoryFactoryBean,org.springframework.data.jpa.repository.config.JpaRepositoryConfigExtension; SearchStrategy: all) did not find any beans (OnBeanCondition)

   DataSourceAutoConfiguration matched:
      - @ConditionalOnClass found required classes 'javax.sql.DataSource', 'org.springframework.jdbc.datasource.embedded.EmbeddedDatabaseType' (OnClassCondition)
      - @ConditionalOnMissingBean (types: io.r2dbc.spi.ConnectionFactory; SearchStrategy: all) did not find any beans (OnBeanCondition)

   DataSourceConfiguration.Hikari matched:
      - @ConditionalOnClass found required class 'com.zaxxer.hikari.HikariDataSource' (OnClassCondition)
      - @ConditionalOnProperty (spring.datasource.type=com.zaxxer.hikari.HikariDataSource) matched (OnPropertyCondition)

   DataSourceInitializationAutoConfiguration matched:
      - @ConditionalOnClass found required class 'org.springframework.jdbc.datasource.init.DatabasePopulator' (OnClassCondition)
      - SQL InitializationDatabase Initialization default value is EMBEDDED (OnSqlInitializationCondition)
      - @ConditionalOnSingleCandidate (types: javax.sql.DataSource; SearchStrategy: all) found a single bean 'dataSource'; @ConditionalOnMissingBean (types: org.springframework.boot.sql.autoconfigure.init.ApplicationScriptDatabaseInitializer; SearchStrategy: all) did not find any beans (OnBeanCondition)

   DataSourcePoolMetadataProvidersConfiguration.HikariPoolDataSourceMetadataProviderConfiguration matched:
      - @ConditionalOnClass found required class 'com.zaxxer.hikari.HikariDataSource' (OnClassCondition)

   DataSourceTransactionManagerAutoConfiguration matched:
      - @ConditionalOnClass found required classes 'javax.sql.DataSource', 'org.springframework.jdbc.core.JdbcTemplate', 'org.springframework.transaction.TransactionManager' (OnClassCondition)

   DataSourceTransactionManagerAutoConfiguration.JdbcTransactionManagerConfiguration matched:
      - @ConditionalOnSingleCandidate (types: javax.sql.DataSource; SearchStrategy: all) found a single bean 'dataSource' (OnBeanCondition)

   DataWebAutoConfiguration matched:
      - @ConditionalOnClass found required classes 'org.springframework.data.web.PageableHandlerMethodArgumentResolver', 'org.springframework.web.servlet.config.annotation.WebMvcConfigurer' (OnClassCondition)
      - found 'session' scope (OnWebApplicationCondition)
      - @ConditionalOnMissingBean (types: org.springframework.data.web.PageableHandlerMethodArgumentResolver; SearchStrategy: all) did not find any beans (OnBeanCondition)

   DataWebAutoConfiguration#pageableCustomizer matched:
      - @ConditionalOnMissingBean (types: org.springframework.data.web.config.PageableHandlerMethodArgumentResolverCustomizer; SearchStrategy: all) did not find any beans (OnBeanCondition)

   DataWebAutoConfiguration#sortCustomizer matched:
      - @ConditionalOnMissingBean (types: org.springframework.data.web.config.SortHandlerMethodArgumentResolverCustomizer; SearchStrategy: all) did not find any beans (OnBeanCondition)

   DataWebAutoConfiguration#springDataWebSettings matched:
      - @ConditionalOnMissingBean (types: org.springframework.data.web.config.SpringDataWebSettings; SearchStrategy: all) did not find any beans (OnBeanCondition)

   DispatcherServletAutoConfiguration matched:
      - @ConditionalOnClass found required class 'org.springframework.web.servlet.DispatcherServlet' (OnClassCondition)
      - found 'session' scope (OnWebApplicationCondition)

   DispatcherServletAutoConfiguration.DispatcherServletConfiguration matched:
      - @ConditionalOnClass found required class 'jakarta.servlet.ServletRegistration' (OnClassCondition)
      - Default DispatcherServlet did not find dispatcher servlet beans (DispatcherServletAutoConfiguration.DefaultDispatcherServletCondition)

   DispatcherServletAutoConfiguration.DispatcherServletRegistrationConfiguration matched:
      - @ConditionalOnClass found required class 'jakarta.servlet.ServletRegistration' (OnClassCondition)
      - DispatcherServlet Registration did not find servlet registration bean (DispatcherServletAutoConfiguration.DispatcherServletRegistrationCondition)

   DispatcherServletAutoConfiguration.DispatcherServletRegistrationConfiguration#dispatcherServletRegistration matched:
      - @ConditionalOnBean (names: dispatcherServlet types: org.springframework.web.servlet.DispatcherServlet; SearchStrategy: all) found bean 'dispatcherServlet' (OnBeanCondition)

   ErrorMvcAutoConfiguration matched:
      - @ConditionalOnClass found required classes 'jakarta.servlet.Servlet', 'org.springframework.web.servlet.DispatcherServlet' (OnClassCondition)
      - found 'session' scope (OnWebApplicationCondition)

   ErrorMvcAutoConfiguration#errorAttributes matched:
      - @ConditionalOnMissingBean (types: org.springframework.boot.webmvc.error.ErrorAttributes; SearchStrategy: current) did not find any beans (OnBeanCondition)

   ErrorMvcAutoConfiguration.DefaultErrorViewResolverConfiguration#conventionErrorViewResolver matched:
      - @ConditionalOnBean (types: org.springframework.web.servlet.DispatcherServlet; SearchStrategy: all) found bean 'dispatcherServlet'; @ConditionalOnMissingBean (types: org.springframework.boot.webmvc.autoconfigure.error.ErrorViewResolver; SearchStrategy: all) did not find any beans (OnBeanCondition)

   ErrorMvcAutoConfiguration.WhitelabelErrorViewConfiguration matched:
      - @ConditionalOnBooleanProperty (spring.web.error.whitelabel.enabled=true) matched (OnPropertyCondition)
      - ErrorTemplate Missing did not find error template view (ErrorMvcAutoConfiguration.ErrorTemplateMissingCondition)

   ErrorMvcAutoConfiguration.WhitelabelErrorViewConfiguration#beanNameViewResolver matched:
      - @ConditionalOnMissingBean (types: org.springframework.web.servlet.view.BeanNameViewResolver; SearchStrategy: all) did not find any beans (OnBeanCondition)

   ErrorMvcAutoConfiguration.WhitelabelErrorViewConfiguration#defaultErrorView matched:
      - @ConditionalOnMissingBean (names: error; SearchStrategy: all) did not find any beans (OnBeanCondition)

   FrontendAnalyticsDictionaryConfig matched:
      - @ConditionalOnProperty (app.analytics.frontend.dictionary-seed-enabled=true) matched; @ConditionalOnProperty (app.startup.runners-enabled=true) matched (OnPropertyCondition)

   HibernateJpaAutoConfiguration matched:
      - @ConditionalOnClass found required classes 'org.springframework.orm.jpa.LocalContainerEntityManagerFactoryBean', 'jakarta.persistence.EntityManager', 'org.hibernate.engine.spi.SessionImplementor' (OnClassCondition)

   HibernateJpaConfiguration matched:
      - @ConditionalOnSingleCandidate (types: javax.sql.DataSource; SearchStrategy: all) found a single bean 'dataSource' (OnBeanCondition)

   HttpEncodingAutoConfiguration matched:
      - @ConditionalOnClass found required class 'org.springframework.web.filter.CharacterEncodingFilter' (OnClassCondition)
      - found 'session' scope (OnWebApplicationCondition)
      - @ConditionalOnBooleanProperty (spring.servlet.encoding.enabled=true) matched (OnPropertyCondition)

   HttpEncodingAutoConfiguration#characterEncodingFilter matched:
      - @ConditionalOnMissingBean (types: org.springframework.web.filter.CharacterEncodingFilter; SearchStrategy: all) did not find any beans (OnBeanCondition)

   HttpMessageConvertersAutoConfiguration matched:
      - @ConditionalOnClass found required class 'org.springframework.http.converter.HttpMessageConverter' (OnClassCondition)
      - NoneNestedConditions 0 matched 1 did not; NestedCondition on HttpMessageConvertersAutoConfiguration.NotReactiveWebApplicationCondition.ReactiveWebApplication did not find reactive web application classes (HttpMessageConvertersAutoConfiguration.NotReactiveWebApplicationCondition)

   HttpMessageConvertersAutoConfiguration.StringHttpMessageConverterConfiguration#stringHttpMessageConvertersCustomizer matched:
      - @ConditionalOnMissingBean (types: org.springframework.http.converter.StringHttpMessageConverter; SearchStrategy: all) did not find any beans (OnBeanCondition)

   JacksonAutoConfiguration matched:
      - @ConditionalOnClass found required class 'tools.jackson.databind.json.JsonMapper' (OnClassCondition)

   JacksonAutoConfiguration#jacksonJsonMapper matched:
      - @ConditionalOnMissingBean (types: tools.jackson.databind.json.JsonMapper; SearchStrategy: all) did not find any beans (OnBeanCondition)

   JacksonAutoConfiguration#jsonMapperBuilder matched:
      - @ConditionalOnMissingBean (types: tools.jackson.databind.json.JsonMapper$Builder; SearchStrategy: all) did not find any beans (OnBeanCondition)

   JacksonAutoConfiguration.JsonProblemDetailsConfiguration matched:
      - @ConditionalOnClass found required class 'org.springframework.http.ProblemDetail' (OnClassCondition)

   JacksonHttpMessageConvertersConfiguration.JacksonJsonHttpMessageConverterConfiguration matched:
      - @ConditionalOnClass found required class 'tools.jackson.databind.json.JsonMapper' (OnClassCondition)
      - @ConditionalOnProperty (spring.http.converters.preferred-json-mapper=jackson) matched (OnPropertyCondition)
      - @ConditionalOnBean (types: tools.jackson.databind.json.JsonMapper; SearchStrategy: all) found bean 'jacksonJsonMapper' (OnBeanCondition)

   JacksonHttpMessageConvertersConfiguration.JacksonJsonHttpMessageConverterConfiguration#jacksonJsonHttpMessageConvertersCustomizer matched:
      - @ConditionalOnMissingBean (types: org.springframework.http.converter.json.JacksonJsonHttpMessageConverter ignored: org.springframework.hateoas.server.mvc.TypeConstrainedJacksonJsonHttpMessageConverter,org.springframework.data.rest.webmvc.alps.AlpsJacksonJsonHttpMessageConverter; SearchStrategy: all) did not find any beans (OnBeanCondition)

   JdbcClientAutoConfiguration matched:
      - @ConditionalOnSingleCandidate (types: org.springframework.jdbc.core.namedparam.NamedParameterJdbcTemplate; SearchStrategy: all) found a single bean 'namedParameterJdbcTemplate'; @ConditionalOnMissingBean (types: org.springframework.jdbc.core.simple.JdbcClient; SearchStrategy: all) did not find any beans (OnBeanCondition)

   JdbcTemplateAutoConfiguration matched:
      - @ConditionalOnClass found required classes 'javax.sql.DataSource', 'org.springframework.jdbc.core.JdbcTemplate' (OnClassCondition)
      - @ConditionalOnSingleCandidate (types: javax.sql.DataSource; SearchStrategy: all) found a single bean 'dataSource' (OnBeanCondition)

   JdbcTemplateConfiguration matched:
      - @ConditionalOnMissingBean (types: org.springframework.jdbc.core.JdbcOperations; SearchStrategy: all) did not find any beans (OnBeanCondition)

   JpaBaseConfiguration#entityManagerFactory matched:
      - @ConditionalOnMissingBean (types: org.springframework.orm.jpa.LocalContainerEntityManagerFactoryBean,jakarta.persistence.EntityManagerFactory; SearchStrategy: all) did not find any beans (OnBeanCondition)

   JpaBaseConfiguration#entityManagerFactoryBuilder matched:
      - @ConditionalOnMissingBean (types: org.springframework.boot.jpa.EntityManagerFactoryBuilder; SearchStrategy: all) did not find any beans (OnBeanCondition)

   JpaBaseConfiguration#jpaVendorAdapter matched:
      - @ConditionalOnMissingBean (types: org.springframework.orm.jpa.JpaVendorAdapter; SearchStrategy: all) did not find any beans (OnBeanCondition)

   JpaBaseConfiguration#transactionManager matched:
      - @ConditionalOnMissingBean (types: org.springframework.transaction.TransactionManager; SearchStrategy: all) did not find any beans (OnBeanCondition)

   JpaBaseConfiguration.JpaWebConfiguration matched:
      - @ConditionalOnClass found required class 'org.springframework.web.servlet.config.annotation.WebMvcConfigurer' (OnClassCondition)
      - found 'session' scope (OnWebApplicationCondition)
      - @ConditionalOnBooleanProperty (spring.jpa.open-in-view=true) matched (OnPropertyCondition)
      - @ConditionalOnMissingBean (types: org.springframework.orm.jpa.support.OpenEntityManagerInViewInterceptor,org.springframework.orm.jpa.support.OpenEntityManagerInViewFilter; SearchStrategy: all) did not find any beans (OnBeanCondition)

   JpaBaseConfiguration.PersistenceManagedTypesConfiguration matched:
      - @ConditionalOnMissingBean (types: org.springframework.orm.jpa.LocalContainerEntityManagerFactoryBean,jakarta.persistence.EntityManagerFactory; SearchStrategy: all) did not find any beans (OnBeanCondition)

   JpaBaseConfiguration.PersistenceManagedTypesConfiguration#persistenceManagedTypes matched:
      - @ConditionalOnMissingBean (types: org.springframework.orm.jpa.persistenceunit.PersistenceManagedTypes; SearchStrategy: all) did not find any beans (OnBeanCondition)

   JtaAutoConfiguration matched:
      - @ConditionalOnClass found required class 'jakarta.transaction.Transaction' (OnClassCondition)
      - @ConditionalOnBooleanProperty (spring.jta.enabled=true) matched (OnPropertyCondition)

   LifecycleAutoConfiguration#defaultLifecycleProcessor matched:
      - @ConditionalOnMissingBean (names: lifecycleProcessor; SearchStrategy: current) did not find any beans (OnBeanCondition)

   LocalDevToolsAutoConfiguration matched:
      - Initialized Restarter Condition available and initialized (OnInitializedRestarterCondition)

   LocalDevToolsAutoConfiguration.RestartConfiguration matched:
      - @ConditionalOnBooleanProperty (spring.devtools.restart.enabled=true) matched (OnPropertyCondition)

   LocalDevToolsAutoConfiguration.RestartConfiguration#classPathFileSystemWatcher matched:
      - @ConditionalOnMissingBean (types: org.springframework.boot.devtools.classpath.ClassPathFileSystemWatcher; SearchStrategy: all) did not find any beans (OnBeanCondition)

   LocalDevToolsAutoConfiguration.RestartConfiguration#classPathRestartStrategy matched:
      - @ConditionalOnMissingBean (types: org.springframework.boot.devtools.classpath.ClassPathRestartStrategy; SearchStrategy: all) did not find any beans (OnBeanCondition)

   LocalDevToolsAutoConfiguration.RestartConfiguration#conditionEvaluationDeltaLoggingListener matched:
      - @ConditionalOnBooleanProperty (spring.devtools.restart.log-condition-evaluation-delta=true) matched (OnPropertyCondition)

   MultipartAutoConfiguration matched:
      - @ConditionalOnClass found required classes 'jakarta.servlet.Servlet', 'org.springframework.web.multipart.support.StandardServletMultipartResolver', 'jakarta.servlet.MultipartConfigElement' (OnClassCondition)
      - found 'session' scope (OnWebApplicationCondition)
      - @ConditionalOnBooleanProperty (spring.servlet.multipart.enabled=true) matched (OnPropertyCondition)

   MultipartAutoConfiguration#multipartConfigElement matched:
      - @ConditionalOnMissingBean (types: jakarta.servlet.MultipartConfigElement; SearchStrategy: all) did not find any beans (OnBeanCondition)

   MultipartAutoConfiguration#multipartResolver matched:
      - @ConditionalOnMissingBean (types: org.springframework.web.multipart.MultipartResolver; SearchStrategy: all) did not find any beans (OnBeanCondition)

   NamedParameterJdbcTemplateConfiguration matched:
      - @ConditionalOnSingleCandidate (types: org.springframework.jdbc.core.JdbcTemplate; SearchStrategy: all) found a single bean 'jdbcTemplate'; @ConditionalOnMissingBean (types: org.springframework.jdbc.core.namedparam.NamedParameterJdbcOperations; SearchStrategy: all) did not find any beans (OnBeanCondition)

   OrderStatusHistoryPatchConfig matched:
      - @ConditionalOnProperty (app.startup.runners-enabled=true) matched (OnPropertyCondition)

   PersistenceExceptionTranslationAutoConfiguration matched:
      - @ConditionalOnClass found required class 'org.springframework.dao.annotation.PersistenceExceptionTranslationPostProcessor' (OnClassCondition)

   PersistenceExceptionTranslationAutoConfiguration#persistenceExceptionTranslationPostProcessor matched:
      - @ConditionalOnBooleanProperty (spring.persistence.exceptiontranslation.enabled=true) matched (OnPropertyCondition)
      - @ConditionalOnMissingBean (types: org.springframework.dao.annotation.PersistenceExceptionTranslationPostProcessor; SearchStrategy: all) did not find any beans (OnBeanCondition)

   ProductSchemaPatchConfig matched:
      - @ConditionalOnProperty (app.startup.runners-enabled=true) matched (OnPropertyCondition)

   PropertyPlaceholderAutoConfiguration#propertySourcesPlaceholderConfigurer matched:
      - @ConditionalOnMissingBean (types: org.springframework.context.support.PropertySourcesPlaceholderConfigurer; SearchStrategy: current) did not find any beans (OnBeanCondition)

   SecurityAutoConfiguration matched:
      - @ConditionalOnClass found required class 'org.springframework.security.authentication.DefaultAuthenticationEventPublisher' (OnClassCondition)

   SecurityAutoConfiguration#authenticationEventPublisher matched:
      - @ConditionalOnMissingBean (types: org.springframework.security.authentication.AuthenticationEventPublisher; SearchStrategy: all) did not find any beans (OnBeanCondition)

   SecurityFilterAutoConfiguration matched:
      - @ConditionalOnClass found required classes 'org.springframework.security.web.context.AbstractSecurityWebApplicationInitializer', 'org.springframework.security.config.http.SessionCreationPolicy' (OnClassCondition)
      - found 'session' scope (OnWebApplicationCondition)

   SecurityFilterAutoConfiguration#securityFilterChainRegistration matched:
      - @ConditionalOnBean (names: springSecurityFilterChain; SearchStrategy: all) found bean 'springSecurityFilterChain' (OnBeanCondition)

   SeedDataConfig#seedData matched:
      - @ConditionalOnProperty (app.seed.enabled=true) matched (OnPropertyCondition)

   ServletWebSecurityAutoConfiguration matched:
      - @ConditionalOnClass found required class 'org.springframework.security.config.annotation.web.configuration.EnableWebSecurity' (OnClassCondition)
      - found 'session' scope (OnWebApplicationCondition)

   ServletWebSecurityAutoConfiguration.EnableWebSecurityConfiguration matched:
      - @ConditionalOnClass found required class 'org.springframework.security.config.annotation.web.configuration.EnableWebSecurity' (OnClassCondition)
      - @ConditionalOnMissingBean (names: springSecurityFilterChain; SearchStrategy: all) did not find any beans (OnBeanCondition)

   ServletWebSecurityAutoConfiguration.PathPatternRequestMatcherBuilderConfiguration matched:
      - @ConditionalOnClass found required class 'org.springframework.boot.webmvc.autoconfigure.DispatcherServletPath' (OnClassCondition)
      - @ConditionalOnBean (types: org.springframework.boot.webmvc.autoconfigure.DispatcherServletPath; SearchStrategy: all) found bean 'dispatcherServletRegistration' (OnBeanCondition)

   ServletWebSecurityAutoConfiguration.PathPatternRequestMatcherBuilderConfiguration#pathPatternRequestMatcherBuilder matched:
      - @ConditionalOnMissingBean (types: org.springframework.security.web.servlet.util.matcher.PathPatternRequestMatcher$Builder; SearchStrategy: all) did not find any beans (OnBeanCondition)

   ShopOrderSchemaPatchConfig matched:
      - @ConditionalOnProperty (app.startup.runners-enabled=true) matched (OnPropertyCondition)

   SslAutoConfiguration#sslBundleRegistry matched:
      - @ConditionalOnMissingBean (types: org.springframework.boot.ssl.SslBundleRegistry,org.springframework.boot.ssl.SslBundles; SearchStrategy: all) did not find any beans (OnBeanCondition)

   SystemAnalyticsAttributeDictionaryConfig matched:
      - @ConditionalOnProperty (app.analytics.system-attributes-seed-enabled=true) matched; @ConditionalOnProperty (app.startup.runners-enabled=true) matched (OnPropertyCondition)

   SystemAnalyticsMetricReadingGuideConfig matched:
      - @ConditionalOnProperty (app.startup.runners-enabled=true) matched (OnPropertyCondition)

   TaskExecutionAutoConfiguration matched:
      - @ConditionalOnClass found required class 'org.springframework.scheduling.concurrent.ThreadPoolTaskExecutor' (OnClassCondition)

   TaskExecutorConfigurations.AsyncConfigurerConfiguration matched:
      - @ConditionalOnMissingBean (types: org.springframework.scheduling.annotation.AsyncConfigurer; SearchStrategy: all) did not find any beans (OnBeanCondition)

   TaskExecutorConfigurations.SimpleAsyncTaskExecutorBuilderConfiguration#simpleAsyncTaskExecutorBuilder matched:
      - @ConditionalOnMissingBean (types: org.springframework.boot.task.SimpleAsyncTaskExecutorBuilder; SearchStrategy: all) did not find any beans (OnBeanCondition)
      - @ConditionalOnThreading found PLATFORM (OnThreadingCondition)

   TaskExecutorConfigurations.TaskExecutorConfiguration matched:
      - AnyNestedCondition 1 matched 1 did not; NestedCondition on TaskExecutorConfigurations.OnExecutorCondition.ModelCondition @ConditionalOnProperty (spring.task.execution.mode=force) did not find property 'spring.task.execution.mode'; NestedCondition on TaskExecutorConfigurations.OnExecutorCondition.ExecutorBeanCondition @ConditionalOnMissingBean (types: java.util.concurrent.Executor; SearchStrategy: all) did not find any beans (TaskExecutorConfigurations.OnExecutorCondition)

   TaskExecutorConfigurations.TaskExecutorConfiguration#applicationTaskExecutor matched:
      - @ConditionalOnThreading found PLATFORM (OnThreadingCondition)

   TaskExecutorConfigurations.ThreadPoolTaskExecutorBuilderConfiguration#threadPoolTaskExecutorBuilder matched:
      - @ConditionalOnMissingBean (types: org.springframework.boot.task.ThreadPoolTaskExecutorBuilder; SearchStrategy: all) did not find any beans (OnBeanCondition)

   TaskSchedulingAutoConfiguration matched:
      - @ConditionalOnClass found required class 'org.springframework.scheduling.concurrent.ThreadPoolTaskScheduler' (OnClassCondition)

   TaskSchedulingAutoConfiguration#scheduledBeanLazyInitializationExcludeFilter matched:
      - @ConditionalOnBean (names: org.springframework.scheduling.config.internalScheduledAnnotationProcessor; SearchStrategy: all) found bean 'org.springframework.scheduling.config.internalScheduledAnnotationProcessor' (OnBeanCondition)

   TaskSchedulingConfigurations.SimpleAsyncTaskSchedulerBuilderConfiguration#simpleAsyncTaskSchedulerBuilder matched:
      - @ConditionalOnMissingBean (types: org.springframework.boot.task.SimpleAsyncTaskSchedulerBuilder; SearchStrategy: all) did not find any beans (OnBeanCondition)
      - @ConditionalOnThreading found PLATFORM (OnThreadingCondition)

   TaskSchedulingConfigurations.TaskSchedulerConfiguration matched:
      - @ConditionalOnBean (names: org.springframework.scheduling.config.internalScheduledAnnotationProcessor; SearchStrategy: all) found bean 'org.springframework.scheduling.config.internalScheduledAnnotationProcessor'; @ConditionalOnMissingBean (types: org.springframework.scheduling.TaskScheduler,java.util.concurrent.ScheduledExecutorService; SearchStrategy: all) did not find any beans (OnBeanCondition)

   TaskSchedulingConfigurations.TaskSchedulerConfiguration#taskScheduler matched:
      - @ConditionalOnThreading found PLATFORM (OnThreadingCondition)

   TaskSchedulingConfigurations.ThreadPoolTaskSchedulerBuilderConfiguration#threadPoolTaskSchedulerBuilder matched:
      - @ConditionalOnMissingBean (types: org.springframework.boot.task.ThreadPoolTaskSchedulerBuilder; SearchStrategy: all) did not find any beans (OnBeanCondition)

   TemplateEngineConfigurations.DefaultTemplateEngineConfiguration#templateEngine matched:
      - @ConditionalOnMissingBean (types: org.thymeleaf.spring6.ISpringTemplateEngine; SearchStrategy: all) did not find any beans (OnBeanCondition)

   ThymeleafAutoConfiguration matched:
      - @ConditionalOnClass found required classes 'org.thymeleaf.templatemode.TemplateMode', 'org.thymeleaf.spring6.SpringTemplateEngine' (OnClassCondition)

   ThymeleafAutoConfiguration.DefaultTemplateResolverConfiguration matched:
      - @ConditionalOnMissingBean (names: defaultTemplateResolver; SearchStrategy: all) did not find any beans (OnBeanCondition)

   ThymeleafAutoConfiguration.ThymeleafWebMvcConfiguration matched:
      - found 'session' scope (OnWebApplicationCondition)

   ThymeleafAutoConfiguration.ThymeleafWebMvcConfiguration.ThymeleafViewResolverConfiguration matched:
      - @ConditionalOnClass found required class 'org.springframework.web.servlet.view.AbstractCachingViewResolver' (OnClassCondition)

   ThymeleafAutoConfiguration.ThymeleafWebMvcConfiguration.ThymeleafViewResolverConfiguration#thymeleafViewResolver matched:
      - @ConditionalOnMissingBean (names: thymeleafViewResolver; SearchStrategy: all) did not find any beans (OnBeanCondition)

   TomcatServletWebServerAutoConfiguration matched:
      - @ConditionalOnClass found required classes 'jakarta.servlet.ServletRequest', 'org.apache.catalina.startup.Tomcat', 'org.apache.coyote.UpgradeProtocol', 'org.springframework.boot.tomcat.servlet.TomcatServletWebServerFactory' (OnClassCondition)
      - found 'session' scope (OnWebApplicationCondition)

   TomcatServletWebServerAutoConfiguration#tomcatServletWebServerFactory matched:
      - @ConditionalOnMissingBean (types: org.springframework.boot.web.server.servlet.ServletWebServerFactory; SearchStrategy: current) did not find any beans (OnBeanCondition)

   TomcatWebServerConfiguration matched:
      - @ConditionalOnWarDeployment the application is not deployed as a WAR file. (OnWarDeploymentCondition)

   TomcatWebServerConfiguration.TomcatWebSocketConfiguration matched:
      - @ConditionalOnClass found required class 'org.apache.tomcat.websocket.server.WsSci' (OnClassCondition)

   TransactionAutoConfiguration matched:
      - @ConditionalOnClass found required class 'org.springframework.transaction.PlatformTransactionManager' (OnClassCondition)

   TransactionAutoConfiguration.EnableTransactionManagementConfiguration matched:
      - @ConditionalOnBean (types: org.springframework.transaction.TransactionManager; SearchStrategy: all) found bean 'transactionManager'; @ConditionalOnMissingBean (types: org.springframework.transaction.annotation.AbstractTransactionManagementConfiguration; SearchStrategy: all) did not find any beans (OnBeanCondition)

   TransactionAutoConfiguration.EnableTransactionManagementConfiguration.CglibAutoProxyConfiguration matched:
      - @ConditionalOnBooleanProperty (spring.aop.proxy-target-class=true) matched (OnPropertyCondition)

   TransactionAutoConfiguration.TransactionTemplateConfiguration matched:
      - @ConditionalOnSingleCandidate (types: org.springframework.transaction.PlatformTransactionManager; SearchStrategy: all) found a single bean 'transactionManager' (OnBeanCondition)

   TransactionAutoConfiguration.TransactionTemplateConfiguration#transactionTemplate matched:
      - @ConditionalOnMissingBean (types: org.springframework.transaction.support.TransactionOperations; SearchStrategy: all) did not find any beans (OnBeanCondition)

   TransactionManagerCustomizationAutoConfiguration matched:
      - @ConditionalOnClass found required class 'org.springframework.transaction.PlatformTransactionManager' (OnClassCondition)

   TransactionManagerCustomizationAutoConfiguration#platformTransactionManagerCustomizers matched:
      - @ConditionalOnMissingBean (types: org.springframework.boot.transaction.autoconfigure.TransactionManagerCustomizers; SearchStrategy: all) did not find any beans (OnBeanCondition)

   ValidationAutoConfiguration matched:
      - @ConditionalOnClass found required class 'jakarta.validation.executable.ExecutableValidator' (OnClassCondition)
      - @ConditionalOnResource found location classpath:META-INF/services/jakarta.validation.spi.ValidationProvider (OnResourceCondition)

   ValidationAutoConfiguration#defaultValidator matched:
      - @ConditionalOnMissingBean (types: jakarta.validation.Validator; SearchStrategy: all) did not find any beans (OnBeanCondition)

   ValidationAutoConfiguration#methodValidationPostProcessor matched:
      - @ConditionalOnMissingBean (types: org.springframework.validation.beanvalidation.MethodValidationPostProcessor; SearchStrategy: current) did not find any beans (OnBeanCondition)

   WebMvcAutoConfiguration matched:
      - @ConditionalOnClass found required classes 'jakarta.servlet.Servlet', 'org.springframework.web.servlet.DispatcherServlet', 'org.springframework.web.servlet.config.annotation.WebMvcConfigurer' (OnClassCondition)
      - found 'session' scope (OnWebApplicationCondition)
      - @ConditionalOnMissingBean (types: org.springframework.web.servlet.config.annotation.WebMvcConfigurationSupport; SearchStrategy: all) did not find any beans (OnBeanCondition)

   WebMvcAutoConfiguration#formContentFilter matched:
      - @ConditionalOnBooleanProperty (spring.mvc.formcontent.filter.enabled=true) matched (OnPropertyCondition)
      - @ConditionalOnMissingBean (types: org.springframework.web.filter.FormContentFilter; SearchStrategy: all) did not find any beans (OnBeanCondition)

   WebMvcAutoConfiguration#hiddenHttpMethodFilter matched:
      - @ConditionalOnBooleanProperty (spring.mvc.hiddenmethod.filter.enabled=true) matched (OnPropertyCondition)
      - @ConditionalOnMissingBean (types: org.springframework.web.filter.HiddenHttpMethodFilter; SearchStrategy: all) did not find any beans (OnBeanCondition)

   WebMvcAutoConfiguration.EnableWebMvcConfiguration#flashMapManager matched:
      - @ConditionalOnMissingBean (names: flashMapManager; SearchStrategy: all) did not find any beans (OnBeanCondition)

   WebMvcAutoConfiguration.EnableWebMvcConfiguration#localeResolver matched:
      - @ConditionalOnMissingBean (names: localeResolver; SearchStrategy: all) did not find any beans (OnBeanCondition)

   WebMvcAutoConfiguration.EnableWebMvcConfiguration#viewNameTranslator matched:
      - @ConditionalOnMissingBean (names: viewNameTranslator; SearchStrategy: all) did not find any beans (OnBeanCondition)

   WebMvcAutoConfiguration.WebMvcAutoConfigurationAdapter#defaultViewResolver matched:
      - @ConditionalOnMissingBean (types: org.springframework.web.servlet.view.InternalResourceViewResolver; SearchStrategy: all) did not find any beans (OnBeanCondition)

   WebMvcAutoConfiguration.WebMvcAutoConfigurationAdapter#requestContextFilter matched:
      - @ConditionalOnMissingBean (types: org.springframework.web.context.request.RequestContextListener,org.springframework.web.filter.RequestContextFilter; SearchStrategy: all) did not find any beans (OnBeanCondition)

   WebMvcAutoConfiguration.WebMvcAutoConfigurationAdapter#viewResolver matched:
      - @ConditionalOnBean (types: org.springframework.web.servlet.ViewResolver; SearchStrategy: all) found beans 'defaultViewResolver', 'beanNameViewResolver', 'mvcViewResolver'; @ConditionalOnMissingBean (names: viewResolver types: org.springframework.web.servlet.view.ContentNegotiatingViewResolver; SearchStrategy: all) did not find any beans (OnBeanCondition)

   WishlistSchemaPatchConfig matched:
      - @ConditionalOnProperty (app.startup.runners-enabled=true) matched (OnPropertyCondition)


Negative matches:
-----------------

   AnalyticsBootstrap:
      Did not match:
         - @ConditionalOnProperty (app.analytics.bootstrap-enabled=true) found different value in property 'app.analytics.bootstrap-enabled' (OnPropertyCondition)

   AopAutoConfiguration.AspectJAutoProxyingConfiguration.JdkDynamicAutoProxyConfiguration:
      Did not match:
         - @ConditionalOnBooleanProperty (spring.aop.proxy-target-class=false) did not find property 'spring.aop.proxy-target-class' (OnPropertyCondition)

   AopAutoConfiguration.ClassProxyingConfiguration:
      Did not match:
         - @ConditionalOnMissingClass found unwanted class 'org.aspectj.weaver.Advice' (OnClassCondition)

   AutoCrudAnalyticsEventAspect:
      Did not match:
         - @ConditionalOnProperty (app.analytics.auto-crud.enabled=true) found different value in property 'app.analytics.auto-crud.enabled' (OnPropertyCondition)

   DataJpaRepositoriesAutoConfiguration#entityManagerFactoryBootstrapExecutorCustomizer:
      Did not match:
         - AnyNestedCondition 0 matched 2 did not; NestedCondition on DataJpaRepositoriesAutoConfiguration.BootstrapExecutorCondition.LazyBootstrapMode @ConditionalOnProperty (spring.data.jpa.repositories.bootstrap-mode=lazy) did not find property 'spring.data.jpa.repositories.bootstrap-mode'; NestedCondition on DataJpaRepositoriesAutoConfiguration.BootstrapExecutorCondition.DeferredBootstrapMode @ConditionalOnProperty (spring.data.jpa.repositories.bootstrap-mode=deferred) did not find property 'spring.data.jpa.repositories.bootstrap-mode' (DataJpaRepositoriesAutoConfiguration.BootstrapExecutorCondition)

   DataRepositoryMetricsAutoConfiguration:
      Did not match:
         - @ConditionalOnBean did not find required type 'io.micrometer.core.instrument.MeterRegistry' (OnBeanCondition)

   DataSourceAutoConfiguration.EmbeddedDatabaseConfiguration:
      Did not match:
         - EmbeddedDataSource spring.datasource.url is set (DataSourceAutoConfiguration.EmbeddedDatabaseCondition)

   DataSourceAutoConfiguration.PooledDataSourceConfiguration:
      Did not match:
         - @ConditionalOnMissingBean (types: javax.sql.DataSource,javax.sql.XADataSource; SearchStrategy: all) found beans of type 'javax.sql.DataSource' dataSource (OnBeanCondition)
      Matched:
         - AnyNestedCondition 1 matched 1 did not; NestedCondition on DataSourceAutoConfiguration.PooledDataSourceCondition.PooledDataSourceAvailable PooledDataSource found supported DataSource; NestedCondition on DataSourceAutoConfiguration.PooledDataSourceCondition.ExplicitType @ConditionalOnProperty (spring.datasource.type) did not find property 'spring.datasource.type' (DataSourceAutoConfiguration.PooledDataSourceCondition)

   DataSourceCheckpointRestoreConfiguration:
      Did not match:
         - @ConditionalOnClass did not find required class 'org.crac.Resource' (OnClassCondition)

   DataSourceConfiguration.Dbcp2:
      Did not match:
         - @ConditionalOnClass did not find required class 'org.apache.commons.dbcp2.BasicDataSource' (OnClassCondition)

   DataSourceConfiguration.Generic:
      Did not match:
         - @ConditionalOnProperty (spring.datasource.type) did not find property 'spring.datasource.type' (OnPropertyCondition)

   DataSourceConfiguration.OracleUcp:
      Did not match:
         - @ConditionalOnClass did not find required classes 'oracle.ucp.jdbc.PoolDataSourceImpl', 'oracle.jdbc.OracleConnection' (OnClassCondition)

   DataSourceConfiguration.Tomcat:
      Did not match:
         - @ConditionalOnClass did not find required class 'org.apache.tomcat.jdbc.pool.DataSource' (OnClassCondition)

   DataSourceHealthContributorAutoConfiguration:
      Did not match:
         - @ConditionalOnClass did not find required class 'org.springframework.boot.health.autoconfigure.contributor.ConditionalOnEnabledHealthIndicator' (OnClassCondition)

   DataSourceJmxConfiguration:
      Did not match:
         - @ConditionalOnBooleanProperty (spring.jmx.enabled=true) did not find property 'spring.jmx.enabled' (OnPropertyCondition)

   DataSourcePoolMetadataProvidersConfiguration.CommonsDbcp2PoolDataSourceMetadataProviderConfiguration:
      Did not match:
         - @ConditionalOnClass did not find required class 'org.apache.commons.dbcp2.BasicDataSource' (OnClassCondition)

   DataSourcePoolMetadataProvidersConfiguration.OracleUcpPoolDataSourceMetadataProviderConfiguration:
      Did not match:
         - @ConditionalOnClass did not find required classes 'oracle.ucp.jdbc.PoolDataSource', 'oracle.jdbc.OracleConnection' (OnClassCondition)

   DataSourcePoolMetadataProvidersConfiguration.TomcatDataSourcePoolMetadataProviderConfiguration:
      Did not match:
         - @ConditionalOnClass did not find required class 'org.apache.tomcat.jdbc.pool.DataSource' (OnClassCondition)

   DataSourcePoolMetricsAutoConfiguration:
      Did not match:
         - @ConditionalOnClass did not find required class 'io.micrometer.core.instrument.MeterRegistry' (OnClassCondition)

   DataSourceTransactionManagerAutoConfiguration.JdbcTransactionManagerConfiguration#transactionManager:
      Did not match:
         - @ConditionalOnMissingBean (types: org.springframework.transaction.TransactionManager; SearchStrategy: all) found beans of type 'org.springframework.transaction.TransactionManager' transactionManager (OnBeanCondition)

   DevToolsDataSourceAutoConfiguration:
      Did not match:
         - DevTools DataSource Condition did not find an auto-configured DataSource (DevToolsDataSourceAutoConfiguration.DevToolsDataSourceCondition)
      Matched:
         - @ConditionalOnClass found required class 'javax.sql.DataSource' (OnClassCondition)
         - Devtools devtools enabled. (OnEnabledDevToolsCondition)

   DevToolsDataSourceAutoConfiguration.DatabaseShutdownExecutorEntityManagerFactoryDependsOnConfiguration:
      Did not match:
         - Ancestor org.springframework.boot.devtools.autoconfigure.DevToolsDataSourceAutoConfiguration did not match (ConditionEvaluationReport.AncestorsMatchedCondition)
      Matched:
         - @ConditionalOnClass found required classes 'org.springframework.boot.jpa.autoconfigure.EntityManagerFactoryDependsOnPostProcessor', 'org.springframework.orm.jpa.LocalContainerEntityManagerFactoryBean' (OnClassCondition)

   DevToolsR2dbcAutoConfiguration:
      Did not match:
         - @ConditionalOnClass did not find required class 'io.r2dbc.spi.ConnectionFactory' (OnClassCondition)

   DispatcherServletAutoConfiguration.DispatcherServletConfiguration#multipartResolver:
      Did not match:
         - @ConditionalOnBean (types: org.springframework.web.multipart.MultipartResolver; SearchStrategy: all) did not find any beans of type org.springframework.web.multipart.MultipartResolver (OnBeanCondition)

   ErrorMvcAutoConfiguration#basicErrorController:
      Did not match:
         - @ConditionalOnMissingBean (types: org.springframework.boot.webmvc.error.ErrorController; SearchStrategy: current) found beans of type 'org.springframework.boot.webmvc.error.ErrorController' appErrorController (OnBeanCondition)

   GsonHttpMessageConvertersConfiguration:
      Did not match:
         - @ConditionalOnClass did not find required class 'com.google.gson.Gson' (OnClassCondition)

   HibernateMetricsAutoConfiguration:
      Did not match:
         - @ConditionalOnClass did not find required class 'io.micrometer.core.instrument.MeterRegistry' (OnClassCondition)

   Jackson2HttpMessageConvertersConfiguration.MappingJackson2HttpMessageConverterConfiguration:
      Did not match:
         - @ConditionalOnClass did not find required class 'com.fasterxml.jackson.databind.ObjectMapper' (OnClassCondition)

   Jackson2HttpMessageConvertersConfiguration.MappingJackson2XmlHttpMessageConverterConfiguration:
      Did not match:
         - @ConditionalOnClass did not find required class 'com.fasterxml.jackson.dataformat.xml.XmlMapper' (OnClassCondition)

   JacksonAutoConfiguration.CborConfiguration:
      Did not match:
         - @ConditionalOnClass did not find required class 'tools.jackson.dataformat.cbor.CBORMapper' (OnClassCondition)

   JacksonAutoConfiguration.XmlConfiguration:
      Did not match:
         - @ConditionalOnClass did not find required class 'tools.jackson.dataformat.xml.XmlMapper' (OnClassCondition)

   JacksonHttpMessageConvertersConfiguration.JacksonXmlHttpMessageConverterConfiguration:
      Did not match:
         - @ConditionalOnClass did not find required class 'tools.jackson.dataformat.xml.XmlMapper' (OnClassCondition)

   JmxAutoConfiguration:
      Did not match:
         - @ConditionalOnBooleanProperty (spring.jmx.enabled=true) did not find property 'spring.jmx.enabled' (OnPropertyCondition)
      Matched:
         - @ConditionalOnClass found required class 'org.springframework.jmx.export.MBeanExporter' (OnClassCondition)

   JndiDataSourceAutoConfiguration:
      Did not match:
         - @ConditionalOnProperty (spring.datasource.jndi-name) did not find property 'spring.datasource.jndi-name' (OnPropertyCondition)
      Matched:
         - @ConditionalOnClass found required classes 'javax.sql.DataSource', 'org.springframework.jdbc.datasource.embedded.EmbeddedDatabaseType' (OnClassCondition)

   JndiJtaConfiguration:
      Did not match:
         - @ConditionalOnJndi JNDI environment is not available (OnJndiCondition)
      Matched:
         - @ConditionalOnClass found required class 'org.springframework.transaction.jta.JtaTransactionManager' (OnClassCondition)

   JsonbHttpMessageConvertersConfiguration:
      Did not match:
         - @ConditionalOnClass did not find required class 'jakarta.json.bind.Jsonb' (OnClassCondition)

   KotlinSerializationHttpMessageConvertersConfiguration:
      Did not match:
         - @ConditionalOnClass did not find required classes 'kotlinx.serialization.Serializable', 'kotlinx.serialization.json.Json' (OnClassCondition)

   LocalDevToolsAutoConfiguration.LiveReloadConfiguration:
      Did not match:
         - @ConditionalOnBooleanProperty (spring.devtools.livereload.enabled=true) did not find property 'spring.devtools.livereload.enabled' (OnPropertyCondition)

   ManagementWebSecurityAutoConfiguration:
      Did not match:
         - @ConditionalOnClass did not find required class 'org.springframework.boot.actuate.autoconfigure.endpoint.web.WebEndpointAutoConfiguration' (OnClassCondition)

   MessageSourceAutoConfiguration:
      Did not match:
         - ResourceBundle did not find bundle with basename messages (MessageSourceAutoConfiguration.ResourceBundleCondition)

   ProjectInfoAutoConfiguration#buildProperties:
      Did not match:
         - @ConditionalOnResource did not find resource '${spring.info.build.location:classpath:META-INF/build-info.properties}' (OnResourceCondition)

   ProjectInfoAutoConfiguration#gitProperties:
      Did not match:
         - GitResource did not find git info at classpath:git.properties (ProjectInfoAutoConfiguration.GitResourceAvailableCondition)

   RSocketSecurityAutoConfiguration:
      Did not match:
         - @ConditionalOnClass did not find required class 'org.springframework.boot.rsocket.server.RSocketServerCustomizer' (OnClassCondition)

   ReactiveManagementWebSecurityAutoConfiguration:
      Did not match:
         - @ConditionalOnClass did not find required class 'org.springframework.boot.actuate.autoconfigure.endpoint.web.WebEndpointAutoConfiguration' (OnClassCondition)

   ReactiveUserDetailsServiceAutoConfiguration:
      Did not match:
         - AnyNestedCondition 0 matched 2 did not; NestedCondition on ReactiveUserDetailsServiceAutoConfiguration.RSocketEnabledOrReactiveWebApplication.ReactiveWebApplicationCondition did not find reactive web application classes; NestedCondition on ReactiveUserDetailsServiceAutoConfiguration.RSocketEnabledOrReactiveWebApplication.RSocketSecurityEnabledCondition @ConditionalOnBean (types: org.springframework.messaging.rsocket.annotation.support.RSocketMessageHandler; SearchStrategy: all) did not find any beans of type org.springframework.messaging.rsocket.annotation.support.RSocketMessageHandler (ReactiveUserDetailsServiceAutoConfiguration.RSocketEnabledOrReactiveWebApplication)
      Matched:
         - @ConditionalOnClass found required class 'org.springframework.security.authentication.ReactiveAuthenticationManager' (OnClassCondition)
         - AnyNestedCondition 1 matched 2 did not; NestedCondition on MissingAlternativeUserDetailsManagerOrUserPropertiesConfigured.PasswordConfigured @ConditionalOnProperty (spring.security.user.password) did not find property 'spring.security.user.password'; NestedCondition on MissingAlternativeUserDetailsManagerOrUserPropertiesConfigured.NameConfigured @ConditionalOnProperty (spring.security.user.name) did not find property 'spring.security.user.name'; NestedCondition on MissingAlternativeUserDetailsManagerOrUserPropertiesConfigured.MissingAlternative @ConditionalOnMissingClass did not find unwanted classes 'org.springframework.security.oauth2.client.registration.ClientRegistrationRepository', 'org.springframework.security.oauth2.server.resource.introspection.OpaqueTokenIntrospector', 'org.springframework.security.saml2.provider.service.registration.RelyingPartyRegistrationRepository' (MissingAlternativeUserDetailsManagerOrUserPropertiesConfigured)

   ReactiveWebSecurityAutoConfiguration:
      Did not match:
         - @ConditionalOnClass did not find required class 'reactor.core.publisher.Flux' (OnClassCondition)

   RemoteDevToolsAutoConfiguration:
      Did not match:
         - @ConditionalOnProperty (spring.devtools.remote.secret) did not find property 'spring.devtools.remote.secret' (OnPropertyCondition)
      Matched:
         - @ConditionalOnClass found required classes 'jakarta.servlet.Filter', 'org.springframework.http.server.ServerHttpRequest', 'org.springframework.boot.web.server.autoconfigure.ServerProperties' (OnClassCondition)

   SecurityAutoConfiguration.SecurityDataConfiguration:
      Did not match:
         - @ConditionalOnClass did not find required class 'org.springframework.security.data.repository.query.SecurityEvaluationContextExtension' (OnClassCondition)

   ServletHttpExchangesAutoConfiguration:
      Did not match:
         - @ConditionalOnBean did not find required type 'org.springframework.boot.actuate.web.exchanges.HttpExchangeRepository' (OnBeanCondition)

   ServletManagementContextAutoConfiguration:
      Did not match:
         - @ConditionalOnClass did not find required class 'org.springframework.boot.actuate.autoconfigure.endpoint.web.WebEndpointProperties' (OnClassCondition)

   ServletMappingsAutoConfiguration:
      Did not match:
         - @ConditionalOnClass did not find required class 'org.springframework.boot.actuate.autoconfigure.endpoint.condition.ConditionalOnAvailableEndpoint' (OnClassCondition)

   ServletWebSecurityAutoConfiguration.SecurityFilterChainConfiguration:
      Did not match:
         - AllNestedConditions 1 matched 1 did not; NestedCondition on DefaultWebSecurityCondition.Beans @ConditionalOnMissingBean (types: org.springframework.security.web.SecurityFilterChain; SearchStrategy: all) found beans of type 'org.springframework.security.web.SecurityFilterChain' securityFilterChain; NestedCondition on DefaultWebSecurityCondition.Classes @ConditionalOnClass found required classes 'org.springframework.security.web.SecurityFilterChain', 'org.springframework.security.config.annotation.web.builders.HttpSecurity' (DefaultWebSecurityCondition)

   ServletWebServerConfiguration#forwardedHeaderFilter:
      Did not match:
         - @ConditionalOnProperty (server.forward-headers-strategy=framework) did not find property 'server.forward-headers-strategy' (OnPropertyCondition)

   SpringApplicationAdminJmxAutoConfiguration:
      Did not match:
         - @ConditionalOnBooleanProperty (spring.application.admin.enabled=true) did not find property 'spring.application.admin.enabled' (OnPropertyCondition)

   TaskExecutorConfigurations.AsyncConfigurerWrapperConfiguration:
      Did not match:
         - @ConditionalOnBean (types: org.springframework.scheduling.annotation.AsyncConfigurer; SearchStrategy: all) did not find any beans of type org.springframework.scheduling.annotation.AsyncConfigurer (OnBeanCondition)

   TaskExecutorConfigurations.SimpleAsyncTaskExecutorBuilderConfiguration#simpleAsyncTaskExecutorBuilderVirtualThreads:
      Did not match:
         - @ConditionalOnMissingBean (types: org.springframework.boot.task.SimpleAsyncTaskExecutorBuilder; SearchStrategy: all) found beans of type 'org.springframework.boot.task.SimpleAsyncTaskExecutorBuilder' simpleAsyncTaskExecutorBuilder (OnBeanCondition)

   TaskExecutorConfigurations.TaskExecutorConfiguration#applicationTaskExecutorVirtualThreads:
      Did not match:
         - @ConditionalOnThreading did not find VIRTUAL (OnThreadingCondition)

   TaskSchedulingConfigurations.SimpleAsyncTaskSchedulerBuilderConfiguration#simpleAsyncTaskSchedulerBuilderVirtualThreads:
      Did not match:
         - @ConditionalOnMissingBean (types: org.springframework.boot.task.SimpleAsyncTaskSchedulerBuilder; SearchStrategy: all) found beans of type 'org.springframework.boot.task.SimpleAsyncTaskSchedulerBuilder' simpleAsyncTaskSchedulerBuilder (OnBeanCondition)

   TaskSchedulingConfigurations.TaskSchedulerConfiguration#taskSchedulerVirtualThreads:
      Did not match:
         - @ConditionalOnThreading did not find VIRTUAL (OnThreadingCondition)

   TemplateEngineConfigurations.ReactiveTemplateEngineConfiguration:
      Did not match:
         - did not find reactive web application classes (OnWebApplicationCondition)

   ThymeleafAutoConfiguration.DataAttributeDialectConfiguration:
      Did not match:
         - @ConditionalOnClass did not find required class 'com.github.mxab.thymeleaf.extras.dataattribute.dialect.DataAttributeDialect' (OnClassCondition)

   ThymeleafAutoConfiguration.ThymeleafSecurityDialectConfiguration:
      Did not match:
         - @ConditionalOnClass did not find required class 'org.thymeleaf.extras.springsecurity6.dialect.SpringSecurityDialect' (OnClassCondition)

   ThymeleafAutoConfiguration.ThymeleafWebFluxConfiguration:
      Did not match:
         - did not find reactive web application classes (OnWebApplicationCondition)

   ThymeleafAutoConfiguration.ThymeleafWebLayoutConfiguration:
      Did not match:
         - @ConditionalOnClass did not find required class 'nz.net.ultraq.thymeleaf.layoutdialect.LayoutDialect' (OnClassCondition)

   ThymeleafAutoConfiguration.ThymeleafWebMvcConfiguration#resourceUrlEncodingFilter:
      Did not match:
         - @ConditionalOnEnabledResourceChain did not find class org.webjars.WebJarVersionLocator (OnEnabledResourceChainCondition)

   TomcatMetricsAutoConfiguration:
      Did not match:
         - @ConditionalOnClass did not find required class 'io.micrometer.core.instrument.binder.tomcat.TomcatMetrics' (OnClassCondition)

   TomcatReactiveManagementContextAutoConfiguration:
      Did not match:
         - @ConditionalOnClass did not find required class 'org.springframework.boot.actuate.autoconfigure.web.server.ManagementContextFactory' (OnClassCondition)

   TomcatReactiveWebServerAutoConfiguration:
      Did not match:
         - @ConditionalOnWebApplication did not find reactive web application classes (OnWebApplicationCondition)

   TomcatServletManagementContextAutoConfiguration:
      Did not match:
         - @ConditionalOnClass did not find required class 'org.springframework.boot.actuate.autoconfigure.web.server.ManagementContextFactory' (OnClassCondition)

   TomcatServletWebServerAutoConfiguration#tomcatForwardedHeaderFilterCustomizer:
      Did not match:
         - @ConditionalOnProperty (server.forward-headers-strategy=framework) did not find property 'server.forward-headers-strategy' (OnPropertyCondition)

   TomcatWebServerConfiguration#tomcatVirtualThreadsProtocolHandlerCustomizer:
      Did not match:
         - @ConditionalOnThreading did not find VIRTUAL (OnThreadingCondition)

   TransactionAutoConfiguration#transactionalOperator:
      Did not match:
         - @ConditionalOnSingleCandidate (types: org.springframework.transaction.ReactiveTransactionManager; SearchStrategy: all) did not find any beans (OnBeanCondition)

   TransactionAutoConfiguration.AspectJTransactionManagementConfiguration:
      Did not match:
         - @ConditionalOnBean (types: org.springframework.transaction.aspectj.AbstractTransactionAspect; SearchStrategy: all) did not find any beans of type org.springframework.transaction.aspectj.AbstractTransactionAspect (OnBeanCondition)

   TransactionAutoConfiguration.EnableTransactionManagementConfiguration.JdkDynamicAutoProxyConfiguration:
      Did not match:
         - @ConditionalOnBooleanProperty (spring.aop.proxy-target-class=false) did not find property 'spring.aop.proxy-target-class' (OnPropertyCondition)

   UserDetailsServiceAutoConfiguration:
      Did not match:
         - @ConditionalOnMissingBean (types: org.springframework.security.authentication.AuthenticationManager,org.springframework.security.authentication.AuthenticationProvider,org.springframework.security.core.userdetails.UserDetailsService,org.springframework.security.authentication.AuthenticationManagerResolver,org.springframework.security.oauth2.jwt.JwtDecoder; SearchStrategy: all) found beans of type 'org.springframework.security.core.userdetails.UserDetailsService' customUserDetailsService (OnBeanCondition)
      Matched:
         - @ConditionalOnClass found required class 'org.springframework.security.authentication.AuthenticationManager' (OnClassCondition)
         - found 'session' scope (OnWebApplicationCondition)
         - AnyNestedCondition 1 matched 2 did not; NestedCondition on MissingAlternativeUserDetailsManagerOrUserPropertiesConfigured.PasswordConfigured @ConditionalOnProperty (spring.security.user.password) did not find property 'spring.security.user.password'; NestedCondition on MissingAlternativeUserDetailsManagerOrUserPropertiesConfigured.NameConfigured @ConditionalOnProperty (spring.security.user.name) did not find property 'spring.security.user.name'; NestedCondition on MissingAlternativeUserDetailsManagerOrUserPropertiesConfigured.MissingAlternative @ConditionalOnMissingClass did not find unwanted classes 'org.springframework.security.oauth2.client.registration.ClientRegistrationRepository', 'org.springframework.security.oauth2.server.resource.introspection.OpaqueTokenIntrospector', 'org.springframework.security.saml2.provider.service.registration.RelyingPartyRegistrationRepository' (MissingAlternativeUserDetailsManagerOrUserPropertiesConfigured)

   WebMvcAutoConfiguration.ProblemDetailsErrorHandlingConfiguration:
      Did not match:
         - @ConditionalOnBooleanProperty (spring.mvc.problemdetails.enabled=true) did not find property 'spring.mvc.problemdetails.enabled' (OnPropertyCondition)

   WebMvcAutoConfiguration.ResourceChainCustomizerConfiguration:
      Did not match:
         - @ConditionalOnEnabledResourceChain did not find class org.webjars.WebJarVersionLocator (OnEnabledResourceChainCondition)

   WebMvcAutoConfiguration.WebMvcAutoConfigurationAdapter#beanNameViewResolver:
      Did not match:
         - @ConditionalOnMissingBean (types: org.springframework.web.servlet.view.BeanNameViewResolver; SearchStrategy: all) found beans of type 'org.springframework.web.servlet.view.BeanNameViewResolver' beanNameViewResolver (OnBeanCondition)

   WebMvcHealthEndpointExtensionAutoConfiguration:
      Did not match:
         - @ConditionalOnClass did not find required class 'org.springframework.boot.health.actuate.endpoint.HealthEndpoint' (OnClassCondition)

   WebMvcMappingsAutoConfiguration:
      Did not match:
         - @ConditionalOnClass did not find required class 'org.springframework.boot.actuate.autoconfigure.endpoint.condition.ConditionalOnAvailableEndpoint' (OnClassCondition)

   WebMvcObservationAutoConfiguration:
      Did not match:
         - @ConditionalOnClass did not find required class 'org.springframework.boot.micrometer.observation.autoconfigure.ObservationProperties' (OnClassCondition)

   XADataSourceAutoConfiguration:
      Did not match:
         - @ConditionalOnBean (types: org.springframework.boot.jdbc.XADataSourceWrapper; SearchStrategy: all) did not find any beans of type org.springframework.boot.jdbc.XADataSourceWrapper (OnBeanCondition)
      Matched:
         - @ConditionalOnClass found required classes 'javax.sql.DataSource', 'jakarta.transaction.TransactionManager', 'org.springframework.jdbc.datasource.embedded.EmbeddedDatabaseType' (OnClassCondition)


Exclusions:
-----------

    None


Unconditional classes:
----------------------

    org.springframework.boot.autoconfigure.context.ConfigurationPropertiesAutoConfiguration

    org.springframework.boot.autoconfigure.ssl.SslAutoConfiguration

    org.springframework.boot.autoconfigure.context.LifecycleAutoConfiguration

    org.springframework.boot.autoconfigure.context.PropertyPlaceholderAutoConfiguration

    org.springframework.boot.autoconfigure.availability.ApplicationAvailabilityAutoConfiguration

    org.springframework.boot.autoconfigure.info.ProjectInfoAutoConfiguration



2026-06-03 21:31:56.492  INFO [trace:] [event:] [module:] --- [  restartedMain] com.example.gqw.GqwApplication           : Started GqwApplication in 6.806 seconds (process running for 7.115)
2026-06-03 21:31:56.493 DEBUG [trace:] [event:] [module:] --- [  restartedMain] o.s.b.a.ApplicationAvailabilityBean      : Application availability state LivenessState changed to CORRECT
2026-06-03 21:31:56.496 DEBUG [trace:] [event:] [module:] --- [  restartedMain] o.s.jdbc.core.JdbcTemplate               : Executing prepared SQL query
2026-06-03 21:31:56.496 DEBUG [trace:] [event:] [module:] --- [  restartedMain] o.s.jdbc.core.JdbcTemplate               : Executing prepared SQL statement [select to_regclass(?) is not null]
2026-06-03 21:31:56.501 DEBUG [trace:] [event:] [module:] --- [  restartedMain] o.s.jdbc.core.JdbcTemplate               : Executing SQL statement [do $$
declare constraint_row record;
begin
  for constraint_row in
    select c.conname
    from pg_constraint c
    where c.conrelid = 'shop.shop_order'::regclass
      and c.contype = 'c'
      and (
        c.conname = 'shop_order_status_check'
        or pg_get_constraintdef(c.oid) ilike '%status%'
      )
  loop
    execute format('alter table shop.shop_order drop constraint if exists %I', constraint_row.conname);
  end loop;
end $$;
]
2026-06-03 21:31:56.505 DEBUG [trace:] [event:] [module:] --- [  restartedMain] o.s.jdbc.core.JdbcTemplate               : Executing SQL statement [update shop.shop_order
set status = case upper(trim(coalesce(status, '')))
    when 'NEW' then 'NEW'
    when 'CREATED' then 'NEW'
    when 'PENDING' then 'NEW'
    when 'ACCEPTED' then 'ACCEPTED'
    when 'PROCESSING' then 'ACCEPTED'
    when 'CONFIRMED' then 'ACCEPTED'
    when 'ASSEMBLED' then 'ASSEMBLED'
    when 'PACKED' then 'ASSEMBLED'
    when 'WAITING_PICKUP' then 'WAITING_PICKUP'
    when 'READY' then 'WAITING_PICKUP'
    when 'DELIVERED' then 'DELIVERED'
    when 'REJECTED' then 'REJECTED'
    when 'CANCELLED' then 'REJECTED'
    when 'CANCELED' then 'REJECTED'
    when 'DECLINED' then 'REJECTED'
    else trim(status)
end
]
2026-06-03 21:31:56.508 DEBUG [trace:] [event:] [module:] --- [  restartedMain] o.s.jdbc.core.JdbcTemplate               : Executing SQL statement [update shop.shop_order
set status = 'DELIVERED'
where upper(trim(coalesce(delivery_type, ''))) = 'DELIVERY'
  and upper(trim(coalesce(status, ''))) = 'WAITING_PICKUP'
]
2026-06-03 21:31:56.508 DEBUG [trace:] [event:] [module:] --- [  restartedMain] o.s.jdbc.core.JdbcTemplate               : Executing SQL statement [update shop.shop_order
set status = 'NEW'
where status is null
   or upper(trim(status)) not in ('NEW', 'ACCEPTED', 'REJECTED', 'ASSEMBLED', 'WAITING_PICKUP', 'DELIVERED')
]
2026-06-03 21:31:56.509 DEBUG [trace:] [event:] [module:] --- [  restartedMain] o.s.jdbc.core.JdbcTemplate               : Executing SQL statement [alter table shop.shop_order
add constraint shop_order_status_check
check (upper(trim(status)) in ('NEW', 'ACCEPTED', 'REJECTED', 'ASSEMBLED', 'WAITING_PICKUP', 'DELIVERED'))
]
2026-06-03 21:31:56.510 DEBUG [trace:] [event:] [module:] --- [  restartedMain] o.s.jdbc.core.JdbcTemplate               : Executing prepared SQL query
2026-06-03 21:31:56.511 DEBUG [trace:] [event:] [module:] --- [  restartedMain] o.s.jdbc.core.JdbcTemplate               : Executing prepared SQL statement [select to_regclass(?) is not null]
2026-06-03 21:31:56.511 DEBUG [trace:] [event:] [module:] --- [  restartedMain] o.s.jdbc.core.JdbcTemplate               : Executing SQL statement [do $$
declare constraint_row record;
begin
  for constraint_row in
    select c.conname
    from pg_constraint c
    where c.conrelid = 'shop.order_status_history'::regclass
      and c.contype = 'c'
      and (
        c.conname = 'order_status_history_status_check'
        or pg_get_constraintdef(c.oid) ilike '%status%'
      )
  loop
    execute format('alter table shop.order_status_history drop constraint if exists %I', constraint_row.conname);
  end loop;
end $$;
]
2026-06-03 21:31:56.512 DEBUG [trace:] [event:] [module:] --- [  restartedMain] o.s.jdbc.core.JdbcTemplate               : Executing SQL statement [update shop.order_status_history
set status = case upper(trim(coalesce(status, '')))
    when 'NEW' then 'NEW'
    when 'CREATED' then 'NEW'
    when 'PENDING' then 'NEW'
    when 'ACCEPTED' then 'ACCEPTED'
    when 'PROCESSING' then 'ACCEPTED'
    when 'CONFIRMED' then 'ACCEPTED'
    when 'ASSEMBLED' then 'ASSEMBLED'
    when 'PACKED' then 'ASSEMBLED'
    when 'WAITING_PICKUP' then 'WAITING_PICKUP'
    when 'READY' then 'WAITING_PICKUP'
    when 'DELIVERED' then 'DELIVERED'
    when 'REJECTED' then 'REJECTED'
    when 'CANCELLED' then 'REJECTED'
    when 'CANCELED' then 'REJECTED'
    when 'DECLINED' then 'REJECTED'
    else trim(status)
end
]
2026-06-03 21:31:56.514 DEBUG [trace:] [event:] [module:] --- [  restartedMain] o.s.jdbc.core.JdbcTemplate               : Executing SQL statement [update shop.order_status_history
set status = 'NEW'
where status is null
   or upper(trim(status)) not in ('NEW', 'ACCEPTED', 'REJECTED', 'ASSEMBLED', 'WAITING_PICKUP', 'DELIVERED')
]
2026-06-03 21:31:56.514 DEBUG [trace:] [event:] [module:] --- [  restartedMain] o.s.jdbc.core.JdbcTemplate               : Executing SQL statement [alter table shop.order_status_history
add constraint order_status_history_status_check
check (upper(trim(status)) in ('NEW', 'ACCEPTED', 'REJECTED', 'ASSEMBLED', 'WAITING_PICKUP', 'DELIVERED'))
]
2026-06-03 21:31:56.515 DEBUG [trace:] [event:] [module:] --- [  restartedMain] o.s.jdbc.core.JdbcTemplate               : Executing prepared SQL query
2026-06-03 21:31:56.515 DEBUG [trace:] [event:] [module:] --- [  restartedMain] o.s.jdbc.core.JdbcTemplate               : Executing prepared SQL statement [select to_regclass(?) is not null]
2026-06-03 21:31:56.515 DEBUG [trace:] [event:] [module:] --- [  restartedMain] o.s.jdbc.core.JdbcTemplate               : Executing SQL statement [alter table shop.category add column if not exists is_published boolean]
2026-06-03 21:31:56.517 DEBUG [trace:] [event:] [module:] --- [  restartedMain] o.s.jdbc.core.JdbcTemplate               : SQLWarning ignored: SQL state '42701', error code '0', message [column "is_published" of relation "category" already exists, skipping]
2026-06-03 21:31:56.517 DEBUG [trace:] [event:] [module:] --- [  restartedMain] o.s.jdbc.core.JdbcTemplate               : Executing SQL statement [update shop.category set is_published = true where is_published is null]
2026-06-03 21:31:56.518 DEBUG [trace:] [event:] [module:] --- [  restartedMain] o.s.jdbc.core.JdbcTemplate               : Executing SQL statement [alter table shop.category alter column is_published set default true]
2026-06-03 21:31:56.519 DEBUG [trace:] [event:] [module:] --- [  restartedMain] o.s.jdbc.core.JdbcTemplate               : Executing SQL statement [alter table shop.category alter column is_published set not null]
2026-06-03 21:31:56.519 DEBUG [trace:] [event:] [module:] --- [  restartedMain] o.s.jdbc.core.JdbcTemplate               : Executing prepared SQL query
2026-06-03 21:31:56.519 DEBUG [trace:] [event:] [module:] --- [  restartedMain] o.s.jdbc.core.JdbcTemplate               : Executing prepared SQL statement [select to_regclass(?) is not null]
2026-06-03 21:31:56.520 DEBUG [trace:] [event:] [module:] --- [  restartedMain] o.s.jdbc.core.JdbcTemplate               : Executing SQL statement [alter table shop.product add column if not exists article varchar(64)]
2026-06-03 21:31:56.520 DEBUG [trace:] [event:] [module:] --- [  restartedMain] o.s.jdbc.core.JdbcTemplate               : SQLWarning ignored: SQL state '42701', error code '0', message [column "article" of relation "product" already exists, skipping]
2026-06-03 21:31:56.520 DEBUG [trace:] [event:] [module:] --- [  restartedMain] o.s.jdbc.core.JdbcTemplate               : Executing SQL statement [alter table shop.product add column if not exists is_published boolean]
2026-06-03 21:31:56.520 DEBUG [trace:] [event:] [module:] --- [  restartedMain] o.s.jdbc.core.JdbcTemplate               : SQLWarning ignored: SQL state '42701', error code '0', message [column "is_published" of relation "product" already exists, skipping]
2026-06-03 21:31:56.520 DEBUG [trace:] [event:] [module:] --- [  restartedMain] o.s.jdbc.core.JdbcTemplate               : Executing SQL statement [alter table shop.product add column if not exists in_stock boolean]
2026-06-03 21:31:56.521 DEBUG [trace:] [event:] [module:] --- [  restartedMain] o.s.jdbc.core.JdbcTemplate               : SQLWarning ignored: SQL state '42701', error code '0', message [column "in_stock" of relation "product" already exists, skipping]
2026-06-03 21:31:56.521 DEBUG [trace:] [event:] [module:] --- [  restartedMain] o.s.jdbc.core.JdbcTemplate               : Executing SQL statement [update shop.product set is_published = true where is_published is null]
2026-06-03 21:31:56.522 DEBUG [trace:] [event:] [module:] --- [  restartedMain] o.s.jdbc.core.JdbcTemplate               : Executing SQL statement [update shop.product set in_stock = true where in_stock is null]
2026-06-03 21:31:56.523 DEBUG [trace:] [event:] [module:] --- [  restartedMain] o.s.jdbc.core.JdbcTemplate               : Executing SQL statement [alter table shop.product alter column is_published set default true]
2026-06-03 21:31:56.523 DEBUG [trace:] [event:] [module:] --- [  restartedMain] o.s.jdbc.core.JdbcTemplate               : Executing SQL statement [alter table shop.product alter column is_published set not null]
2026-06-03 21:31:56.524 DEBUG [trace:] [event:] [module:] --- [  restartedMain] o.s.jdbc.core.JdbcTemplate               : Executing SQL statement [alter table shop.product alter column in_stock set default true]
2026-06-03 21:31:56.524 DEBUG [trace:] [event:] [module:] --- [  restartedMain] o.s.jdbc.core.JdbcTemplate               : Executing SQL statement [alter table shop.product alter column in_stock set not null]
2026-06-03 21:31:56.525 DEBUG [trace:] [event:] [module:] --- [  restartedMain] o.s.jdbc.core.JdbcTemplate               : Executing SQL statement [update shop.product set article = upper(trim(article)) where article is not null]
2026-06-03 21:31:56.526 DEBUG [trace:] [event:] [module:] --- [  restartedMain] o.s.jdbc.core.JdbcTemplate               : Executing SQL statement [update shop.product set article = null where article is not null and trim(article) = '']
2026-06-03 21:31:56.527 DEBUG [trace:] [event:] [module:] --- [  restartedMain] o.s.jdbc.core.JdbcTemplate               : Executing SQL statement [update shop.product
set article = 'ART-' || lpad(id::text, 6, '0')
where article is null
]
2026-06-03 21:31:56.527 DEBUG [trace:] [event:] [module:] --- [  restartedMain] o.s.jdbc.core.JdbcTemplate               : Executing SQL statement [with ranked as (
    select id, article, row_number() over (partition by article order by id) rn
    from shop.product
    where article is not null
)
update shop.product p
set article = p.article || '-' || p.id
from ranked r
where p.id = r.id
  and r.rn > 1
]
2026-06-03 21:31:56.528 DEBUG [trace:] [event:] [module:] --- [  restartedMain] o.s.jdbc.core.JdbcTemplate               : Executing SQL statement [create unique index if not exists uk_product_article
on shop.product(article)
where article is not null
]
2026-06-03 21:31:56.529 DEBUG [trace:] [event:] [module:] --- [  restartedMain] o.s.jdbc.core.JdbcTemplate               : SQLWarning ignored: SQL state '42P07', error code '0', message [relation "uk_product_article" already exists, skipping]
2026-06-03 21:31:56.529 DEBUG [trace:] [event:] [module:] --- [  restartedMain] o.s.jdbc.core.JdbcTemplate               : Executing prepared SQL query
2026-06-03 21:31:56.529 DEBUG [trace:] [event:] [module:] --- [  restartedMain] o.s.jdbc.core.JdbcTemplate               : Executing prepared SQL statement [select to_regclass(?) is not null]
2026-06-03 21:31:56.530 DEBUG [trace:] [event:] [module:] --- [  restartedMain] o.s.jdbc.core.JdbcTemplate               : Executing SQL statement [alter table shop.wishlist_item add column if not exists session_id varchar(128)]
2026-06-03 21:31:56.530 DEBUG [trace:] [event:] [module:] --- [  restartedMain] o.s.jdbc.core.JdbcTemplate               : SQLWarning ignored: SQL state '42701', error code '0', message [column "session_id" of relation "wishlist_item" already exists, skipping]
2026-06-03 21:31:56.530 DEBUG [trace:] [event:] [module:] --- [  restartedMain] o.s.jdbc.core.JdbcTemplate               : Executing SQL statement [alter table shop.wishlist_item alter column user_id drop not null]
2026-06-03 21:31:56.531 DEBUG [trace:] [event:] [module:] --- [  restartedMain] o.s.jdbc.core.JdbcTemplate               : Executing SQL statement [create index if not exists idx_wishlist_item_session_id on shop.wishlist_item(session_id)]
2026-06-03 21:31:56.531 DEBUG [trace:] [event:] [module:] --- [  restartedMain] o.s.jdbc.core.JdbcTemplate               : SQLWarning ignored: SQL state '42P07', error code '0', message [relation "idx_wishlist_item_session_id" already exists, skipping]
2026-06-03 21:31:56.531 DEBUG [trace:] [event:] [module:] --- [  restartedMain] o.s.jdbc.core.JdbcTemplate               : Executing SQL statement [with ranked as (
    select id, row_number() over(partition by user_id, product_id order by id) rn
    from shop.wishlist_item
    where user_id is not null
)
delete from shop.wishlist_item w
using ranked
where w.id = ranked.id
  and ranked.rn > 1
]
2026-06-03 21:31:56.533 DEBUG [trace:] [event:] [module:] --- [  restartedMain] o.s.jdbc.core.JdbcTemplate               : Executing SQL statement [with ranked as (
    select id, row_number() over(partition by session_id, product_id order by id) rn
    from shop.wishlist_item
    where session_id is not null and session_id <> ''
)
delete from shop.wishlist_item w
using ranked
where w.id = ranked.id
  and ranked.rn > 1
]
2026-06-03 21:31:56.534 DEBUG [trace:] [event:] [module:] --- [  restartedMain] o.s.jdbc.core.JdbcTemplate               : Executing SQL statement [create unique index if not exists uk_wishlist_item_user_product
on shop.wishlist_item(user_id, product_id)
where user_id is not null
]
2026-06-03 21:31:56.535 DEBUG [trace:] [event:] [module:] --- [  restartedMain] o.s.jdbc.core.JdbcTemplate               : SQLWarning ignored: SQL state '42P07', error code '0', message [relation "uk_wishlist_item_user_product" already exists, skipping]
2026-06-03 21:31:56.535 DEBUG [trace:] [event:] [module:] --- [  restartedMain] o.s.jdbc.core.JdbcTemplate               : Executing SQL statement [create unique index if not exists uk_wishlist_item_session_product
on shop.wishlist_item(session_id, product_id)
where session_id is not null and session_id <> ''
]
2026-06-03 21:31:56.535 DEBUG [trace:] [event:] [module:] --- [  restartedMain] o.s.jdbc.core.JdbcTemplate               : SQLWarning ignored: SQL state '42P07', error code '0', message [relation "uk_wishlist_item_session_product" already exists, skipping]
2026-06-03 21:31:56.535 DEBUG [trace:] [event:] [module:] --- [  restartedMain] o.s.jdbc.core.JdbcTemplate               : Executing prepared SQL query
2026-06-03 21:31:56.535 DEBUG [trace:] [event:] [module:] --- [  restartedMain] o.s.jdbc.core.JdbcTemplate               : Executing prepared SQL statement [select to_regclass(?) is not null]
2026-06-03 21:31:56.536 DEBUG [trace:] [event:] [module:] --- [  restartedMain] o.s.jdbc.core.JdbcTemplate               : Executing SQL statement [alter table shop.cart_item add column if not exists session_id varchar(128)]
2026-06-03 21:31:56.536 DEBUG [trace:] [event:] [module:] --- [  restartedMain] o.s.jdbc.core.JdbcTemplate               : SQLWarning ignored: SQL state '42701', error code '0', message [column "session_id" of relation "cart_item" already exists, skipping]
2026-06-03 21:31:56.536 DEBUG [trace:] [event:] [module:] --- [  restartedMain] o.s.jdbc.core.JdbcTemplate               : Executing SQL statement [alter table shop.cart_item alter column user_id drop not null]
2026-06-03 21:31:56.536 DEBUG [trace:] [event:] [module:] --- [  restartedMain] o.s.jdbc.core.JdbcTemplate               : Executing SQL statement [create index if not exists idx_cart_item_session_id on shop.cart_item(session_id)]
2026-06-03 21:31:56.537 DEBUG [trace:] [event:] [module:] --- [  restartedMain] o.s.jdbc.core.JdbcTemplate               : SQLWarning ignored: SQL state '42P07', error code '0', message [relation "idx_cart_item_session_id" already exists, skipping]
2026-06-03 21:31:56.537 DEBUG [trace:] [event:] [module:] --- [  restartedMain] o.s.jdbc.core.JdbcTemplate               : Executing SQL statement [with ranked as (
    select id,
           row_number() over(partition by user_id, product_id order by id) rn,
           max(quantity) over(partition by user_id, product_id) max_qty
    from shop.cart_item
    where user_id is not null
)
update shop.cart_item c
set quantity = ranked.max_qty
from ranked
where c.id = ranked.id
  and ranked.rn = 1
]
2026-06-03 21:31:56.539 DEBUG [trace:] [event:] [module:] --- [  restartedMain] o.s.jdbc.core.JdbcTemplate               : Executing SQL statement [with ranked as (
    select id, row_number() over(partition by user_id, product_id order by id) rn
    from shop.cart_item
    where user_id is not null
)
delete from shop.cart_item c
using ranked
where c.id = ranked.id
  and ranked.rn > 1
]
2026-06-03 21:31:56.539 DEBUG [trace:] [event:] [module:] --- [  restartedMain] o.s.jdbc.core.JdbcTemplate               : Executing SQL statement [with ranked as (
    select id,
           row_number() over(partition by session_id, product_id order by id) rn,
           max(quantity) over(partition by session_id, product_id) max_qty
    from shop.cart_item
    where session_id is not null and session_id <> ''
)
update shop.cart_item c
set quantity = ranked.max_qty
from ranked
where c.id = ranked.id
  and ranked.rn = 1
]
2026-06-03 21:31:56.614 DEBUG [trace:] [event:] [module:] --- [  restartedMain] o.s.jdbc.core.JdbcTemplate               : Executing SQL statement [with ranked as (
    select id, row_number() over(partition by session_id, product_id order by id) rn
    from shop.cart_item
    where session_id is not null and session_id <> ''
)
delete from shop.cart_item c
using ranked
where c.id = ranked.id
  and ranked.rn > 1
]
2026-06-03 21:31:56.634 DEBUG [trace:] [event:] [module:] --- [  restartedMain] o.s.jdbc.core.JdbcTemplate               : Executing SQL statement [create unique index if not exists uk_cart_item_user_product
on shop.cart_item(user_id, product_id)
where user_id is not null
]
2026-06-03 21:31:56.635 DEBUG [trace:] [event:] [module:] --- [  restartedMain] o.s.jdbc.core.JdbcTemplate               : SQLWarning ignored: SQL state '42P07', error code '0', message [relation "uk_cart_item_user_product" already exists, skipping]
2026-06-03 21:31:56.635 DEBUG [trace:] [event:] [module:] --- [  restartedMain] o.s.jdbc.core.JdbcTemplate               : Executing SQL statement [create unique index if not exists uk_cart_item_session_product
on shop.cart_item(session_id, product_id)
where session_id is not null and session_id <> ''
]
2026-06-03 21:31:56.636 DEBUG [trace:] [event:] [module:] --- [  restartedMain] o.s.jdbc.core.JdbcTemplate               : SQLWarning ignored: SQL state '42P07', error code '0', message [relation "uk_cart_item_session_product" already exists, skipping]
2026-06-03 21:31:56.636 DEBUG [trace:] [event:] [module:] --- [  restartedMain] o.s.jdbc.core.JdbcTemplate               : Executing prepared SQL query
2026-06-03 21:31:56.636 DEBUG [trace:] [event:] [module:] --- [  restartedMain] o.s.jdbc.core.JdbcTemplate               : Executing prepared SQL statement [select exists(select 1 from information_schema.schemata where schema_name = ?)]
2026-06-03 21:31:56.638 DEBUG [trace:] [event:] [module:] --- [  restartedMain] o.s.jdbc.core.JdbcTemplate               : Executing prepared SQL query
2026-06-03 21:31:56.638 DEBUG [trace:] [event:] [module:] --- [  restartedMain] o.s.jdbc.core.JdbcTemplate               : Executing prepared SQL statement [select to_regclass(?) is not null]
2026-06-03 21:31:56.639 DEBUG [trace:] [event:] [module:] --- [  restartedMain] o.s.jdbc.core.JdbcTemplate               : Executing SQL statement [alter table analytics.stage_metric_type add column if not exists reading_guide varchar(2048)]
2026-06-03 21:31:56.639 DEBUG [trace:] [event:] [module:] --- [  restartedMain] o.s.jdbc.core.JdbcTemplate               : SQLWarning ignored: SQL state '42701', error code '0', message [column "reading_guide" of relation "stage_metric_type" already exists, skipping]
2026-06-03 21:31:56.639 DEBUG [trace:] [event:] [module:] --- [  restartedMain] o.s.jdbc.core.JdbcTemplate               : Executing prepared SQL query
2026-06-03 21:31:56.640 DEBUG [trace:] [event:] [module:] --- [  restartedMain] o.s.jdbc.core.JdbcTemplate               : Executing prepared SQL statement [select to_regclass(?) is not null]
2026-06-03 21:31:56.640 DEBUG [trace:] [event:] [module:] --- [  restartedMain] o.s.jdbc.core.JdbcTemplate               : Executing SQL statement [alter table analytics.event_type add column if not exists is_system boolean]
2026-06-03 21:31:56.640 DEBUG [trace:] [event:] [module:] --- [  restartedMain] o.s.jdbc.core.JdbcTemplate               : SQLWarning ignored: SQL state '42701', error code '0', message [column "is_system" of relation "event_type" already exists, skipping]
2026-06-03 21:31:56.641 DEBUG [trace:] [event:] [module:] --- [  restartedMain] o.s.jdbc.core.JdbcTemplate               : Executing SQL statement [update analytics.event_type set is_system = false where is_system is null]
2026-06-03 21:31:56.643 DEBUG [trace:] [event:] [module:] --- [  restartedMain] o.s.jdbc.core.JdbcTemplate               : Executing SQL statement [alter table analytics.event_type alter column is_system set not null]
2026-06-03 21:31:56.643 DEBUG [trace:] [event:] [module:] --- [  restartedMain] o.s.jdbc.core.JdbcTemplate               : Executing SQL statement [alter table analytics.event_type alter column is_system set default false]
2026-06-03 21:31:56.644 DEBUG [trace:] [event:] [module:] --- [  restartedMain] o.s.jdbc.core.JdbcTemplate               : Executing prepared SQL update
2026-06-03 21:31:56.645 DEBUG [trace:] [event:] [module:] --- [  restartedMain] o.s.jdbc.core.JdbcTemplate               : Executing prepared SQL statement [update analytics.event_type set is_system = true where code = ?]
2026-06-03 21:31:56.646 DEBUG [trace:] [event:] [module:] --- [  restartedMain] o.s.jdbc.core.JdbcTemplate               : Executing prepared SQL update
2026-06-03 21:31:56.646 DEBUG [trace:] [event:] [module:] --- [  restartedMain] o.s.jdbc.core.JdbcTemplate               : Executing prepared SQL statement [update analytics.event_type set is_system = true where code = ?]
2026-06-03 21:31:56.647 DEBUG [trace:] [event:] [module:] --- [  restartedMain] o.s.jdbc.core.JdbcTemplate               : Executing prepared SQL update
2026-06-03 21:31:56.647 DEBUG [trace:] [event:] [module:] --- [  restartedMain] o.s.jdbc.core.JdbcTemplate               : Executing prepared SQL statement [update analytics.event_type set is_system = true where code = ?]
2026-06-03 21:31:56.647 DEBUG [trace:] [event:] [module:] --- [  restartedMain] o.s.jdbc.core.JdbcTemplate               : Executing prepared SQL update
2026-06-03 21:31:56.647 DEBUG [trace:] [event:] [module:] --- [  restartedMain] o.s.jdbc.core.JdbcTemplate               : Executing prepared SQL statement [update analytics.event_type set is_system = true where code = ?]
2026-06-03 21:31:56.647 DEBUG [trace:] [event:] [module:] --- [  restartedMain] o.s.jdbc.core.JdbcTemplate               : Executing prepared SQL update
2026-06-03 21:31:56.647 DEBUG [trace:] [event:] [module:] --- [  restartedMain] o.s.jdbc.core.JdbcTemplate               : Executing prepared SQL statement [update analytics.event_type set is_system = true where code = ?]
2026-06-03 21:31:56.648 DEBUG [trace:] [event:] [module:] --- [  restartedMain] o.s.jdbc.core.JdbcTemplate               : Executing prepared SQL query
2026-06-03 21:31:56.648 DEBUG [trace:] [event:] [module:] --- [  restartedMain] o.s.jdbc.core.JdbcTemplate               : Executing prepared SQL statement [select to_regclass(?) is not null]
2026-06-03 21:31:56.649 DEBUG [trace:] [event:] [module:] --- [  restartedMain] o.s.jdbc.core.JdbcTemplate               : Executing SQL statement [alter table analytics.event_attribute_type add column if not exists is_system boolean]
2026-06-03 21:31:56.649 DEBUG [trace:] [event:] [module:] --- [  restartedMain] o.s.jdbc.core.JdbcTemplate               : SQLWarning ignored: SQL state '42701', error code '0', message [column "is_system" of relation "event_attribute_type" already exists, skipping]
2026-06-03 21:31:56.649 DEBUG [trace:] [event:] [module:] --- [  restartedMain] o.s.jdbc.core.JdbcTemplate               : Executing SQL statement [update analytics.event_attribute_type set is_system = false where is_system is null]
2026-06-03 21:31:56.650 DEBUG [trace:] [event:] [module:] --- [  restartedMain] o.s.jdbc.core.JdbcTemplate               : Executing SQL statement [alter table analytics.event_attribute_type alter column is_system set not null]
2026-06-03 21:31:56.651 DEBUG [trace:] [event:] [module:] --- [  restartedMain] o.s.jdbc.core.JdbcTemplate               : Executing SQL statement [alter table analytics.event_attribute_type alter column is_system set default false]
2026-06-03 21:31:56.651 DEBUG [trace:] [event:] [module:] --- [  restartedMain] o.s.jdbc.core.JdbcTemplate               : Executing prepared SQL update
2026-06-03 21:31:56.651 DEBUG [trace:] [event:] [module:] --- [  restartedMain] o.s.jdbc.core.JdbcTemplate               : Executing prepared SQL statement [update analytics.event_attribute_type set is_system = true where code = ?]
2026-06-03 21:31:56.653 DEBUG [trace:] [event:] [module:] --- [  restartedMain] o.s.jdbc.core.JdbcTemplate               : Executing prepared SQL update
2026-06-03 21:31:56.653 DEBUG [trace:] [event:] [module:] --- [  restartedMain] o.s.jdbc.core.JdbcTemplate               : Executing prepared SQL statement [update analytics.event_attribute_type set is_system = true where code = ?]
2026-06-03 21:31:56.654 DEBUG [trace:] [event:] [module:] --- [  restartedMain] o.s.jdbc.core.JdbcTemplate               : Executing prepared SQL update
2026-06-03 21:31:56.654 DEBUG [trace:] [event:] [module:] --- [  restartedMain] o.s.jdbc.core.JdbcTemplate               : Executing prepared SQL statement [update analytics.event_attribute_type set is_system = true where code = ?]
2026-06-03 21:31:56.654 DEBUG [trace:] [event:] [module:] --- [  restartedMain] o.s.jdbc.core.JdbcTemplate               : Executing prepared SQL update
2026-06-03 21:31:56.654 DEBUG [trace:] [event:] [module:] --- [  restartedMain] o.s.jdbc.core.JdbcTemplate               : Executing prepared SQL statement [update analytics.event_attribute_type set is_system = true where code = ?]
2026-06-03 21:31:56.654 DEBUG [trace:] [event:] [module:] --- [  restartedMain] o.s.jdbc.core.JdbcTemplate               : Executing prepared SQL update
2026-06-03 21:31:56.654 DEBUG [trace:] [event:] [module:] --- [  restartedMain] o.s.jdbc.core.JdbcTemplate               : Executing prepared SQL statement [update analytics.event_attribute_type set is_system = true where code = ?]
2026-06-03 21:31:56.654 DEBUG [trace:] [event:] [module:] --- [  restartedMain] o.s.jdbc.core.JdbcTemplate               : Executing prepared SQL update
2026-06-03 21:31:56.654 DEBUG [trace:] [event:] [module:] --- [  restartedMain] o.s.jdbc.core.JdbcTemplate               : Executing prepared SQL statement [update analytics.event_attribute_type set is_system = true where code = ?]
2026-06-03 21:31:56.654 DEBUG [trace:] [event:] [module:] --- [  restartedMain] o.s.jdbc.core.JdbcTemplate               : Executing prepared SQL update
2026-06-03 21:31:56.654 DEBUG [trace:] [event:] [module:] --- [  restartedMain] o.s.jdbc.core.JdbcTemplate               : Executing prepared SQL statement [update analytics.event_attribute_type set is_system = true where code = ?]
2026-06-03 21:31:56.655 DEBUG [trace:] [event:] [module:] --- [  restartedMain] o.s.jdbc.core.JdbcTemplate               : Executing prepared SQL update
2026-06-03 21:31:56.655 DEBUG [trace:] [event:] [module:] --- [  restartedMain] o.s.jdbc.core.JdbcTemplate               : Executing prepared SQL statement [update analytics.event_attribute_type set is_system = true where code = ?]
2026-06-03 21:31:56.655 DEBUG [trace:] [event:] [module:] --- [  restartedMain] o.s.jdbc.core.JdbcTemplate               : Executing prepared SQL update
2026-06-03 21:31:56.655 DEBUG [trace:] [event:] [module:] --- [  restartedMain] o.s.jdbc.core.JdbcTemplate               : Executing prepared SQL statement [update analytics.event_attribute_type set is_system = true where code = ?]
2026-06-03 21:31:56.656 DEBUG [trace:] [event:] [module:] --- [  restartedMain] o.s.jdbc.core.JdbcTemplate               : Executing prepared SQL update
2026-06-03 21:31:56.656 DEBUG [trace:] [event:] [module:] --- [  restartedMain] o.s.jdbc.core.JdbcTemplate               : Executing prepared SQL statement [update analytics.event_attribute_type set is_system = true where code = ?]
2026-06-03 21:31:56.656 DEBUG [trace:] [event:] [module:] --- [  restartedMain] o.s.jdbc.core.JdbcTemplate               : Executing prepared SQL update
2026-06-03 21:31:56.656 DEBUG [trace:] [event:] [module:] --- [  restartedMain] o.s.jdbc.core.JdbcTemplate               : Executing prepared SQL statement [update analytics.event_attribute_type set is_system = true where code = ?]
2026-06-03 21:31:56.656 DEBUG [trace:] [event:] [module:] --- [  restartedMain] o.s.jdbc.core.JdbcTemplate               : Executing prepared SQL query
2026-06-03 21:31:56.657 DEBUG [trace:] [event:] [module:] --- [  restartedMain] o.s.jdbc.core.JdbcTemplate               : Executing prepared SQL statement [select to_regclass(?) is not null]
2026-06-03 21:31:56.657 DEBUG [trace:] [event:] [module:] --- [  restartedMain] o.s.jdbc.core.JdbcTemplate               : Executing SQL statement [alter table analytics.stage_type add column if not exists is_system boolean]
2026-06-03 21:31:56.658 DEBUG [trace:] [event:] [module:] --- [  restartedMain] o.s.jdbc.core.JdbcTemplate               : SQLWarning ignored: SQL state '42701', error code '0', message [column "is_system" of relation "stage_type" already exists, skipping]
2026-06-03 21:31:56.658 DEBUG [trace:] [event:] [module:] --- [  restartedMain] o.s.jdbc.core.JdbcTemplate               : Executing SQL statement [update analytics.stage_type set is_system = false where is_system is null]
2026-06-03 21:31:56.659 DEBUG [trace:] [event:] [module:] --- [  restartedMain] o.s.jdbc.core.JdbcTemplate               : Executing SQL statement [alter table analytics.stage_type alter column is_system set not null]
2026-06-03 21:31:56.659 DEBUG [trace:] [event:] [module:] --- [  restartedMain] o.s.jdbc.core.JdbcTemplate               : Executing SQL statement [alter table analytics.stage_type alter column is_system set default false]
2026-06-03 21:31:56.660 DEBUG [trace:] [event:] [module:] --- [  restartedMain] o.s.jdbc.core.JdbcTemplate               : Executing prepared SQL update
2026-06-03 21:31:56.660 DEBUG [trace:] [event:] [module:] --- [  restartedMain] o.s.jdbc.core.JdbcTemplate               : Executing prepared SQL statement [update analytics.stage_type set is_system = true where code = ?]
2026-06-03 21:31:56.660 DEBUG [trace:] [event:] [module:] --- [  restartedMain] o.s.jdbc.core.JdbcTemplate               : Executing prepared SQL update
2026-06-03 21:31:56.660 DEBUG [trace:] [event:] [module:] --- [  restartedMain] o.s.jdbc.core.JdbcTemplate               : Executing prepared SQL statement [update analytics.stage_type set is_system = true where code = ?]
2026-06-03 21:31:56.661 DEBUG [trace:] [event:] [module:] --- [  restartedMain] o.s.jdbc.core.JdbcTemplate               : Executing prepared SQL update
2026-06-03 21:31:56.661 DEBUG [trace:] [event:] [module:] --- [  restartedMain] o.s.jdbc.core.JdbcTemplate               : Executing prepared SQL statement [update analytics.stage_type set is_system = true where code = ?]
2026-06-03 21:31:56.661 DEBUG [trace:] [event:] [module:] --- [  restartedMain] o.s.jdbc.core.JdbcTemplate               : Executing prepared SQL update
2026-06-03 21:31:56.661 DEBUG [trace:] [event:] [module:] --- [  restartedMain] o.s.jdbc.core.JdbcTemplate               : Executing prepared SQL statement [update analytics.stage_type set is_system = true where code = ?]
2026-06-03 21:31:56.661 DEBUG [trace:] [event:] [module:] --- [  restartedMain] o.s.jdbc.core.JdbcTemplate               : Executing prepared SQL query
2026-06-03 21:31:56.661 DEBUG [trace:] [event:] [module:] --- [  restartedMain] o.s.jdbc.core.JdbcTemplate               : Executing prepared SQL statement [select to_regclass(?) is not null]
2026-06-03 21:31:56.662 DEBUG [trace:] [event:] [module:] --- [  restartedMain] o.s.jdbc.core.JdbcTemplate               : Executing SQL statement [alter table analytics.stage_metric_type add column if not exists is_system boolean]
2026-06-03 21:31:56.662 DEBUG [trace:] [event:] [module:] --- [  restartedMain] o.s.jdbc.core.JdbcTemplate               : SQLWarning ignored: SQL state '42701', error code '0', message [column "is_system" of relation "stage_metric_type" already exists, skipping]
2026-06-03 21:31:56.662 DEBUG [trace:] [event:] [module:] --- [  restartedMain] o.s.jdbc.core.JdbcTemplate               : Executing SQL statement [update analytics.stage_metric_type set is_system = false where is_system is null]
2026-06-03 21:31:56.663 DEBUG [trace:] [event:] [module:] --- [  restartedMain] o.s.jdbc.core.JdbcTemplate               : Executing SQL statement [alter table analytics.stage_metric_type alter column is_system set not null]
2026-06-03 21:31:56.663 DEBUG [trace:] [event:] [module:] --- [  restartedMain] o.s.jdbc.core.JdbcTemplate               : Executing SQL statement [alter table analytics.stage_metric_type alter column is_system set default false]
2026-06-03 21:31:56.664 DEBUG [trace:] [event:] [module:] --- [  restartedMain] o.s.jdbc.core.JdbcTemplate               : Executing prepared SQL update
2026-06-03 21:31:56.664 DEBUG [trace:] [event:] [module:] --- [  restartedMain] o.s.jdbc.core.JdbcTemplate               : Executing prepared SQL statement [update analytics.stage_metric_type set is_system = true where code = ?]
2026-06-03 21:31:56.665 DEBUG [trace:] [event:] [module:] --- [  restartedMain] o.s.jdbc.core.JdbcTemplate               : Executing prepared SQL update
2026-06-03 21:31:56.665 DEBUG [trace:] [event:] [module:] --- [  restartedMain] o.s.jdbc.core.JdbcTemplate               : Executing prepared SQL statement [update analytics.stage_metric_type set is_system = true where code = ?]
2026-06-03 21:31:56.665 DEBUG [trace:] [event:] [module:] --- [  restartedMain] o.s.jdbc.core.JdbcTemplate               : Executing prepared SQL update
2026-06-03 21:31:56.665 DEBUG [trace:] [event:] [module:] --- [  restartedMain] o.s.jdbc.core.JdbcTemplate               : Executing prepared SQL statement [update analytics.stage_metric_type set is_system = true where code = ?]
2026-06-03 21:31:56.666 DEBUG [trace:] [event:] [module:] --- [  restartedMain] o.s.jdbc.core.JdbcTemplate               : Executing prepared SQL update
2026-06-03 21:31:56.666 DEBUG [trace:] [event:] [module:] --- [  restartedMain] o.s.jdbc.core.JdbcTemplate               : Executing prepared SQL statement [update analytics.stage_metric_type set is_system = true where code = ?]
2026-06-03 21:31:56.666 DEBUG [trace:] [event:] [module:] --- [  restartedMain] o.s.jdbc.core.JdbcTemplate               : Executing prepared SQL update
2026-06-03 21:31:56.666 DEBUG [trace:] [event:] [module:] --- [  restartedMain] o.s.jdbc.core.JdbcTemplate               : Executing prepared SQL statement [update analytics.stage_metric_type set is_system = true where code = ?]
2026-06-03 21:31:56.666 DEBUG [trace:] [event:] [module:] --- [  restartedMain] o.s.jdbc.core.JdbcTemplate               : Executing prepared SQL update
2026-06-03 21:31:56.667 DEBUG [trace:] [event:] [module:] --- [  restartedMain] o.s.jdbc.core.JdbcTemplate               : Executing prepared SQL statement [update analytics.stage_metric_type set is_system = true where code = ?]
2026-06-03 21:31:56.667 DEBUG [trace:] [event:] [module:] --- [  restartedMain] o.s.jdbc.core.JdbcTemplate               : Executing prepared SQL update
2026-06-03 21:31:56.667 DEBUG [trace:] [event:] [module:] --- [  restartedMain] o.s.jdbc.core.JdbcTemplate               : Executing prepared SQL statement [update analytics.stage_metric_type set is_system = true where code = ?]
2026-06-03 21:31:56.668 DEBUG [trace:] [event:] [module:] --- [  restartedMain] o.s.jdbc.core.JdbcTemplate               : Executing prepared SQL update
2026-06-03 21:31:56.668 DEBUG [trace:] [event:] [module:] --- [  restartedMain] o.s.jdbc.core.JdbcTemplate               : Executing prepared SQL statement [update analytics.stage_metric_type set is_system = true where code = ?]
2026-06-03 21:31:56.668 DEBUG [trace:] [event:] [module:] --- [  restartedMain] o.s.jdbc.core.JdbcTemplate               : Executing prepared SQL update
2026-06-03 21:31:56.668 DEBUG [trace:] [event:] [module:] --- [  restartedMain] o.s.jdbc.core.JdbcTemplate               : Executing prepared SQL statement [update analytics.stage_metric_type set is_system = true where code = ?]
2026-06-03 21:31:56.669 DEBUG [trace:] [event:] [module:] --- [  restartedMain] o.s.jdbc.core.JdbcTemplate               : Executing prepared SQL update
2026-06-03 21:31:56.669 DEBUG [trace:] [event:] [module:] --- [  restartedMain] o.s.jdbc.core.JdbcTemplate               : Executing prepared SQL statement [update analytics.stage_metric_type set is_system = true where code = ?]
2026-06-03 21:31:56.670 DEBUG [trace:] [event:] [module:] --- [  restartedMain] o.s.jdbc.core.JdbcTemplate               : Executing prepared SQL update
2026-06-03 21:31:56.670 DEBUG [trace:] [event:] [module:] --- [  restartedMain] o.s.jdbc.core.JdbcTemplate               : Executing prepared SQL statement [update analytics.stage_metric_type set is_system = true where code = ?]
2026-06-03 21:31:56.670 DEBUG [trace:] [event:] [module:] --- [  restartedMain] o.s.jdbc.core.JdbcTemplate               : Executing prepared SQL update
2026-06-03 21:31:56.670 DEBUG [trace:] [event:] [module:] --- [  restartedMain] o.s.jdbc.core.JdbcTemplate               : Executing prepared SQL statement [update analytics.stage_metric_type set is_system = true where code = ?]
2026-06-03 21:31:56.670 DEBUG [trace:] [event:] [module:] --- [  restartedMain] o.s.jdbc.core.JdbcTemplate               : Executing prepared SQL update
2026-06-03 21:31:56.670 DEBUG [trace:] [event:] [module:] --- [  restartedMain] o.s.jdbc.core.JdbcTemplate               : Executing prepared SQL statement [update analytics.stage_metric_type set is_system = true where code = ?]
2026-06-03 21:31:56.671 DEBUG [trace:] [event:] [module:] --- [  restartedMain] o.s.jdbc.core.JdbcTemplate               : Executing prepared SQL update
2026-06-03 21:31:56.671 DEBUG [trace:] [event:] [module:] --- [  restartedMain] o.s.jdbc.core.JdbcTemplate               : Executing prepared SQL statement [update analytics.stage_metric_type set is_system = true where code = ?]
2026-06-03 21:31:56.671 DEBUG [trace:] [event:] [module:] --- [  restartedMain] o.s.jdbc.core.JdbcTemplate               : Executing prepared SQL update
2026-06-03 21:31:56.671 DEBUG [trace:] [event:] [module:] --- [  restartedMain] o.s.jdbc.core.JdbcTemplate               : Executing prepared SQL statement [update analytics.stage_metric_type set is_system = true where code = ?]
2026-06-03 21:31:56.671 DEBUG [trace:] [event:] [module:] --- [  restartedMain] o.s.jdbc.core.JdbcTemplate               : Executing prepared SQL update
2026-06-03 21:31:56.671 DEBUG [trace:] [event:] [module:] --- [  restartedMain] o.s.jdbc.core.JdbcTemplate               : Executing prepared SQL statement [update analytics.stage_metric_type set is_system = true where code = ?]
2026-06-03 21:31:56.672 DEBUG [trace:] [event:] [module:] --- [  restartedMain] o.s.jdbc.core.JdbcTemplate               : Executing prepared SQL update
2026-06-03 21:31:56.672 DEBUG [trace:] [event:] [module:] --- [  restartedMain] o.s.jdbc.core.JdbcTemplate               : Executing prepared SQL statement [update analytics.stage_metric_type set is_system = true where code = ?]
2026-06-03 21:31:56.672 DEBUG [trace:] [event:] [module:] --- [  restartedMain] o.s.jdbc.core.JdbcTemplate               : Executing prepared SQL update
2026-06-03 21:31:56.672 DEBUG [trace:] [event:] [module:] --- [  restartedMain] o.s.jdbc.core.JdbcTemplate               : Executing prepared SQL statement [update analytics.stage_metric_type set is_system = true where code = ?]
2026-06-03 21:31:56.672 DEBUG [trace:] [event:] [module:] --- [  restartedMain] o.s.jdbc.core.JdbcTemplate               : Executing prepared SQL update
2026-06-03 21:31:56.673 DEBUG [trace:] [event:] [module:] --- [  restartedMain] o.s.jdbc.core.JdbcTemplate               : Executing prepared SQL statement [update analytics.stage_metric_type set is_system = true where code = ?]
2026-06-03 21:31:56.673 DEBUG [trace:] [event:] [module:] --- [  restartedMain] o.s.jdbc.core.JdbcTemplate               : Executing prepared SQL update
2026-06-03 21:31:56.673 DEBUG [trace:] [event:] [module:] --- [  restartedMain] o.s.jdbc.core.JdbcTemplate               : Executing prepared SQL statement [update analytics.stage_metric_type set is_system = true where code = ?]
2026-06-03 21:31:56.673 DEBUG [trace:] [event:] [module:] --- [  restartedMain] o.s.jdbc.core.JdbcTemplate               : Executing prepared SQL update
2026-06-03 21:31:56.673 DEBUG [trace:] [event:] [module:] --- [  restartedMain] o.s.jdbc.core.JdbcTemplate               : Executing prepared SQL statement [update analytics.stage_metric_type set is_system = true where code = ?]
2026-06-03 21:31:56.674 DEBUG [trace:] [event:] [module:] --- [  restartedMain] o.s.jdbc.core.JdbcTemplate               : Executing prepared SQL update
2026-06-03 21:31:56.674 DEBUG [trace:] [event:] [module:] --- [  restartedMain] o.s.jdbc.core.JdbcTemplate               : Executing prepared SQL statement [update analytics.stage_metric_type set is_system = true where code = ?]
2026-06-03 21:31:56.674 DEBUG [trace:] [event:] [module:] --- [  restartedMain] o.s.jdbc.core.JdbcTemplate               : Executing prepared SQL update
2026-06-03 21:31:56.674 DEBUG [trace:] [event:] [module:] --- [  restartedMain] o.s.jdbc.core.JdbcTemplate               : Executing prepared SQL statement [update analytics.stage_metric_type set is_system = true where code = ?]
2026-06-03 21:31:56.674 DEBUG [trace:] [event:] [module:] --- [  restartedMain] o.s.jdbc.core.JdbcTemplate               : Executing prepared SQL update
2026-06-03 21:31:56.674 DEBUG [trace:] [event:] [module:] --- [  restartedMain] o.s.jdbc.core.JdbcTemplate               : Executing prepared SQL statement [update analytics.stage_metric_type set is_system = true where code = ?]
2026-06-03 21:31:56.675 DEBUG [trace:] [event:] [module:] --- [  restartedMain] o.s.jdbc.core.JdbcTemplate               : Executing prepared SQL update
2026-06-03 21:31:56.675 DEBUG [trace:] [event:] [module:] --- [  restartedMain] o.s.jdbc.core.JdbcTemplate               : Executing prepared SQL statement [update analytics.stage_metric_type set is_system = true where code = ?]
2026-06-03 21:31:56.676 DEBUG [trace:] [event:] [module:] --- [  restartedMain] o.s.jdbc.core.JdbcTemplate               : Executing prepared SQL update
2026-06-03 21:31:56.676 DEBUG [trace:] [event:] [module:] --- [  restartedMain] o.s.jdbc.core.JdbcTemplate               : Executing prepared SQL statement [update analytics.stage_metric_type set is_system = true where code = ?]
2026-06-03 21:31:56.676 DEBUG [trace:] [event:] [module:] --- [  restartedMain] o.s.jdbc.core.JdbcTemplate               : Executing prepared SQL update
2026-06-03 21:31:56.676 DEBUG [trace:] [event:] [module:] --- [  restartedMain] o.s.jdbc.core.JdbcTemplate               : Executing prepared SQL statement [update analytics.stage_metric_type set is_system = true where code = ?]
2026-06-03 21:31:56.676 DEBUG [trace:] [event:] [module:] --- [  restartedMain] o.s.jdbc.core.JdbcTemplate               : Executing prepared SQL query
2026-06-03 21:31:56.677 DEBUG [trace:] [event:] [module:] --- [  restartedMain] o.s.jdbc.core.JdbcTemplate               : Executing prepared SQL statement [select exists(select 1 from information_schema.schemata where schema_name = ?)]
2026-06-03 21:31:56.677 DEBUG [trace:] [event:] [module:] --- [  restartedMain] o.s.jdbc.core.JdbcTemplate               : Executing SQL statement [create table if not exists analytics.module_type (
    code varchar(64) primary key,
    name varchar(128) not null,
    description varchar(512),
    is_active boolean not null default true
)
]
2026-06-03 21:31:56.678 DEBUG [trace:] [event:] [module:] --- [  restartedMain] o.s.jdbc.core.JdbcTemplate               : SQLWarning ignored: SQL state '42P07', error code '0', message [relation "module_type" already exists, skipping]
2026-06-03 21:31:56.678 DEBUG [trace:] [event:] [module:] --- [  restartedMain] o.s.jdbc.core.JdbcTemplate               : Executing SQL statement [insert into analytics.module_type(code, name, description, is_active)
values ('DEFAULT', 'ÐžÐ±Ñ‰Ð¸Ð¹', 'ÐœÐ¾Ð´ÑƒÐ»ÑŒ Ð¿Ð¾ ÑƒÐ¼Ð¾Ð»Ñ‡Ð°Ð½Ð¸ÑŽ Ð´Ð»Ñ ÑƒÐ½Ð¸Ð²ÐµÑ€ÑÐ°Ð»ÑŒÐ½Ñ‹Ñ… ÑÐ¾Ð±Ñ‹Ñ‚Ð¸Ð¹', true)
on conflict (code) do update
set name = excluded.name,
    description = excluded.description,
    is_active = true
]
2026-06-03 21:31:56.678 DEBUG [trace:] [event:] [module:] --- [  restartedMain] o.s.jdbc.core.JdbcTemplate               : Executing prepared SQL query
2026-06-03 21:31:56.678 DEBUG [trace:] [event:] [module:] --- [  restartedMain] o.s.jdbc.core.JdbcTemplate               : Executing prepared SQL statement [select to_regclass(?) is not null]
2026-06-03 21:31:56.678 DEBUG [trace:] [event:] [module:] --- [  restartedMain] o.s.jdbc.core.JdbcTemplate               : Executing SQL statement [alter table analytics.event_type add column if not exists module_code varchar(64)]
2026-06-03 21:31:56.679 DEBUG [trace:] [event:] [module:] --- [  restartedMain] o.s.jdbc.core.JdbcTemplate               : SQLWarning ignored: SQL state '42701', error code '0', message [column "module_code" of relation "event_type" already exists, skipping]
2026-06-03 21:31:56.679 DEBUG [trace:] [event:] [module:] --- [  restartedMain] o.s.jdbc.core.JdbcTemplate               : Executing SQL statement [update analytics.event_type set module_code = 'DEFAULT' where module_code is null]
2026-06-03 21:31:56.680 DEBUG [trace:] [event:] [module:] --- [  restartedMain] o.s.jdbc.core.JdbcTemplate               : Executing SQL statement [alter table analytics.event_type alter column module_code set not null]
2026-06-03 21:31:56.680 DEBUG [trace:] [event:] [module:] --- [  restartedMain] o.s.jdbc.core.JdbcTemplate               : Executing prepared SQL query
2026-06-03 21:31:56.680 DEBUG [trace:] [event:] [module:] --- [  restartedMain] o.s.jdbc.core.JdbcTemplate               : Executing prepared SQL statement [select to_regclass(?) is not null]
2026-06-03 21:31:56.680 DEBUG [trace:] [event:] [module:] --- [  restartedMain] o.s.jdbc.core.JdbcTemplate               : Executing SQL statement [alter table analytics.event add column if not exists module_code varchar(64)]
2026-06-03 21:31:56.681 DEBUG [trace:] [event:] [module:] --- [  restartedMain] o.s.jdbc.core.JdbcTemplate               : SQLWarning ignored: SQL state '42701', error code '0', message [column "module_code" of relation "event" already exists, skipping]
2026-06-03 21:31:56.681 DEBUG [trace:] [event:] [module:] --- [  restartedMain] o.s.jdbc.core.JdbcTemplate               : Executing SQL statement [update analytics.event set module_code = 'DEFAULT' where module_code is null]
2026-06-03 21:31:56.685 DEBUG [trace:] [event:] [module:] --- [  restartedMain] o.s.jdbc.core.JdbcTemplate               : Executing SQL statement [create index if not exists idx_analytics_event_module on analytics.event(module_code)]
2026-06-03 21:31:56.685 DEBUG [trace:] [event:] [module:] --- [  restartedMain] o.s.jdbc.core.JdbcTemplate               : SQLWarning ignored: SQL state '42P07', error code '0', message [relation "idx_analytics_event_module" already exists, skipping]
2026-06-03 21:31:56.685 DEBUG [trace:] [event:] [module:] --- [  restartedMain] o.s.jdbc.core.JdbcTemplate               : Executing prepared SQL query
2026-06-03 21:31:56.685 DEBUG [trace:] [event:] [module:] --- [  restartedMain] o.s.jdbc.core.JdbcTemplate               : Executing prepared SQL statement [select to_regclass(?) is not null]
2026-06-03 21:31:56.686 DEBUG [trace:] [event:] [module:] --- [  restartedMain] o.s.jdbc.core.JdbcTemplate               : Executing prepared SQL query
2026-06-03 21:31:56.686 DEBUG [trace:] [event:] [module:] --- [  restartedMain] o.s.jdbc.core.JdbcTemplate               : Executing prepared SQL statement [select to_regclass(?) is not null]
2026-06-03 21:31:56.686 DEBUG [trace:] [event:] [module:] --- [  restartedMain] o.s.jdbc.core.JdbcTemplate               : Executing SQL statement [    create table if not exists analytics.time_rollup_watermark (
        scope_code varchar(32) not null,
        granularity_minutes integer not null,
        watermark_at timestamp with time zone,
        updated_at timestamp with time zone not null default now(),
        primary key (scope_code, granularity_minutes)
    )
]
2026-06-03 21:31:56.687 DEBUG [trace:] [event:] [module:] --- [  restartedMain] o.s.jdbc.core.JdbcTemplate               : SQLWarning ignored: SQL state '42P07', error code '0', message [relation "time_rollup_watermark" already exists, skipping]
2026-06-03 21:31:56.687 DEBUG [trace:] [event:] [module:] --- [  restartedMain] o.s.jdbc.core.JdbcTemplate               : Executing SQL statement [    create table if not exists analytics.event_rollup_bucket (
        bucket_start timestamp with time zone not null,
        granularity_minutes integer not null,
        module_code varchar(64) not null,
        event_type_code varchar(64) not null,
        sample_count bigint not null,
        error_count bigint not null,
        duration_sum bigint not null,
        avg_ms numeric(12, 3) not null,
        p95_ms numeric(12, 3) not null,
        p99_ms numeric(12, 3) not null,
        max_ms numeric(12, 3) not null,
        primary key (bucket_start, granularity_minutes, module_code, event_type_code)
    )
]
2026-06-03 21:31:56.687 DEBUG [trace:] [event:] [module:] --- [  restartedMain] o.s.jdbc.core.JdbcTemplate               : SQLWarning ignored: SQL state '42P07', error code '0', message [relation "event_rollup_bucket" already exists, skipping]
2026-06-03 21:31:56.687 DEBUG [trace:] [event:] [module:] --- [  restartedMain] o.s.jdbc.core.JdbcTemplate               : Executing SQL statement [    create table if not exists analytics.stage_rollup_bucket (
        bucket_start timestamp with time zone not null,
        granularity_minutes integer not null,
        module_code varchar(64) not null,
        event_type_code varchar(64) not null,
        stage_type_code varchar(64) not null,
        sample_count bigint not null,
        error_count bigint not null,
        duration_sum bigint not null,
        avg_ms numeric(12, 3) not null,
        p95_ms numeric(12, 3) not null,
        p99_ms numeric(12, 3) not null,
        max_ms numeric(12, 3) not null,
        primary key (bucket_start, granularity_minutes, module_code, event_type_code, stage_type_code)
    )
]
2026-06-03 21:31:56.687 DEBUG [trace:] [event:] [module:] --- [  restartedMain] o.s.jdbc.core.JdbcTemplate               : SQLWarning ignored: SQL state '42P07', error code '0', message [relation "stage_rollup_bucket" already exists, skipping]
2026-06-03 21:31:56.687 DEBUG [trace:] [event:] [module:] --- [  restartedMain] o.s.jdbc.core.JdbcTemplate               : Executing SQL statement [    create index if not exists idx_event_rollup_scope_bucket
    on analytics.event_rollup_bucket (granularity_minutes, module_code, event_type_code, bucket_start)
]
2026-06-03 21:31:56.688 DEBUG [trace:] [event:] [module:] --- [  restartedMain] o.s.jdbc.core.JdbcTemplate               : SQLWarning ignored: SQL state '42P07', error code '0', message [relation "idx_event_rollup_scope_bucket" already exists, skipping]
2026-06-03 21:31:56.688 DEBUG [trace:] [event:] [module:] --- [  restartedMain] o.s.jdbc.core.JdbcTemplate               : Executing SQL statement [    create index if not exists idx_event_rollup_bucket_only
    on analytics.event_rollup_bucket (granularity_minutes, bucket_start)
]
2026-06-03 21:31:56.688 DEBUG [trace:] [event:] [module:] --- [  restartedMain] o.s.jdbc.core.JdbcTemplate               : SQLWarning ignored: SQL state '42P07', error code '0', message [relation "idx_event_rollup_bucket_only" already exists, skipping]
2026-06-03 21:31:56.688 DEBUG [trace:] [event:] [module:] --- [  restartedMain] o.s.jdbc.core.JdbcTemplate               : Executing SQL statement [    create index if not exists idx_stage_rollup_scope_bucket
    on analytics.stage_rollup_bucket (granularity_minutes, module_code, event_type_code, stage_type_code, bucket_start)
]
2026-06-03 21:31:56.688 DEBUG [trace:] [event:] [module:] --- [  restartedMain] o.s.jdbc.core.JdbcTemplate               : SQLWarning ignored: SQL state '42P07', error code '0', message [relation "idx_stage_rollup_scope_bucket" already exists, skipping]
2026-06-03 21:31:56.689 DEBUG [trace:] [event:] [module:] --- [  restartedMain] o.s.jdbc.core.JdbcTemplate               : Executing SQL statement [    create index if not exists idx_stage_rollup_bucket_only
    on analytics.stage_rollup_bucket (granularity_minutes, bucket_start)
]
2026-06-03 21:31:56.689 DEBUG [trace:] [event:] [module:] --- [  restartedMain] o.s.jdbc.core.JdbcTemplate               : SQLWarning ignored: SQL state '42P07', error code '0', message [relation "idx_stage_rollup_bucket_only" already exists, skipping]
2026-06-03 21:31:56.689 DEBUG [trace:] [event:] [module:] --- [  restartedMain] o.s.jdbc.core.JdbcTemplate               : Executing prepared SQL query
2026-06-03 21:31:56.689 DEBUG [trace:] [event:] [module:] --- [  restartedMain] o.s.jdbc.core.JdbcTemplate               : Executing prepared SQL statement [select exists(select 1 from information_schema.schemata where schema_name = ?)]
2026-06-03 21:31:56.689 DEBUG [trace:] [event:] [module:] --- [  restartedMain] o.s.jdbc.core.JdbcTemplate               : Executing SQL statement [    create table if not exists analytics.runtime_setting (
        setting_key varchar(160) not null primary key,
        setting_value varchar(2048),
        updated_at timestamp with time zone not null default now(),
        updated_by varchar(128)
    )
]
2026-06-03 21:31:56.690 DEBUG [trace:] [event:] [module:] --- [  restartedMain] o.s.jdbc.core.JdbcTemplate               : SQLWarning ignored: SQL state '42P07', error code '0', message [relation "runtime_setting" already exists, skipping]
2026-06-03 21:31:56.690 DEBUG [trace:] [event:] [module:] --- [  restartedMain] o.s.jdbc.core.JdbcTemplate               : Executing prepared SQL query
2026-06-03 21:31:56.690 DEBUG [trace:] [event:] [module:] --- [  restartedMain] o.s.jdbc.core.JdbcTemplate               : Executing prepared SQL statement [select to_regclass(?) is not null]
2026-06-03 21:31:56.690 DEBUG [trace:] [event:] [module:] --- [  restartedMain] o.s.jdbc.core.JdbcTemplate               : Executing prepared SQL query
2026-06-03 21:31:56.690 DEBUG [trace:] [event:] [module:] --- [  restartedMain] o.s.jdbc.core.JdbcTemplate               : Executing prepared SQL statement [select to_regclass(?) is not null]
2026-06-03 21:31:56.691 DEBUG [trace:] [event:] [module:] --- [  restartedMain] o.s.jdbc.core.JdbcTemplate               : Executing prepared SQL query
2026-06-03 21:31:56.691 DEBUG [trace:] [event:] [module:] --- [  restartedMain] o.s.jdbc.core.JdbcTemplate               : Executing prepared SQL statement [select to_regclass(?) is not null]
2026-06-03 21:31:56.691 DEBUG [trace:] [event:] [module:] --- [  restartedMain] o.s.jdbc.core.JdbcTemplate               : Executing SQL statement [    create table if not exists analytics.stage_metric_rollup_bucket (
        bucket_start timestamp with time zone not null,
        granularity_minutes integer not null,
        module_code varchar(64) not null,
        event_type_code varchar(64) not null,
        stage_type_code varchar(64) not null,
        metric_type_code varchar(64) not null,
        unit varchar(32),
        sample_count bigint not null,
        numeric_count bigint not null,
        numeric_sum numeric(20, 3) not null,
        p95_value numeric(20, 3) not null,
        min_value numeric(20, 3),
        max_value numeric(20, 3),
        primary key (
            bucket_start,
            granularity_minutes,
            module_code,
            event_type_code,
            stage_type_code,
            metric_type_code
        )
    )
]
2026-06-03 21:31:56.691 DEBUG [trace:] [event:] [module:] --- [  restartedMain] o.s.jdbc.core.JdbcTemplate               : SQLWarning ignored: SQL state '42P07', error code '0', message [relation "stage_metric_rollup_bucket" already exists, skipping]
2026-06-03 21:31:56.691 DEBUG [trace:] [event:] [module:] --- [  restartedMain] o.s.jdbc.core.JdbcTemplate               : Executing SQL statement [    create index if not exists idx_stage_metric_rollup_scope_bucket
    on analytics.stage_metric_rollup_bucket (
        granularity_minutes,
        module_code,
        event_type_code,
        stage_type_code,
        metric_type_code,
        bucket_start
    )
]
2026-06-03 21:31:56.692 DEBUG [trace:] [event:] [module:] --- [  restartedMain] o.s.jdbc.core.JdbcTemplate               : SQLWarning ignored: SQL state '42P07', error code '0', message [relation "idx_stage_metric_rollup_scope_bucket" already exists, skipping]
2026-06-03 21:31:56.692 DEBUG [trace:] [event:] [module:] --- [  restartedMain] o.s.jdbc.core.JdbcTemplate               : Executing SQL statement [    create index if not exists idx_stage_metric_rollup_bucket_only
    on analytics.stage_metric_rollup_bucket (granularity_minutes, bucket_start)
]
2026-06-03 21:31:56.692 DEBUG [trace:] [event:] [module:] --- [  restartedMain] o.s.jdbc.core.JdbcTemplate               : SQLWarning ignored: SQL state '42P07', error code '0', message [relation "idx_stage_metric_rollup_bucket_only" already exists, skipping]
2026-06-03 21:31:56.692 DEBUG [trace:] [event:] [module:] --- [  restartedMain] o.s.jdbc.core.JdbcTemplate               : Executing prepared SQL query
2026-06-03 21:31:56.692 DEBUG [trace:] [event:] [module:] --- [  restartedMain] o.s.jdbc.core.JdbcTemplate               : Executing prepared SQL statement [select to_regclass(?) is not null]
2026-06-03 21:31:56.693 DEBUG [trace:] [event:] [module:] --- [  restartedMain] o.s.jdbc.core.JdbcTemplate               : Executing prepared SQL query
2026-06-03 21:31:56.693 DEBUG [trace:] [event:] [module:] --- [  restartedMain] o.s.jdbc.core.JdbcTemplate               : Executing prepared SQL statement [select to_regclass(?) is not null]
2026-06-03 21:31:56.693 DEBUG [trace:] [event:] [module:] --- [  restartedMain] o.s.jdbc.core.JdbcTemplate               : Executing prepared SQL query
2026-06-03 21:31:56.693 DEBUG [trace:] [event:] [module:] --- [  restartedMain] o.s.jdbc.core.JdbcTemplate               : Executing prepared SQL statement [    select exists(
        select 1
        from information_schema.columns
        where table_schema = ?
          and table_name = ?
          and column_name = ?
    )
]
2026-06-03 21:31:56.700 DEBUG [trace:] [event:] [module:] --- [  restartedMain] o.s.jdbc.core.JdbcTemplate               : Executing prepared SQL query
2026-06-03 21:31:56.700 DEBUG [trace:] [event:] [module:] --- [  restartedMain] o.s.jdbc.core.JdbcTemplate               : Executing prepared SQL statement [    select exists(
        select 1
        from information_schema.columns
        where table_schema = ?
          and table_name = ?
          and column_name = ?
    )
]
2026-06-03 21:31:56.703 DEBUG [trace:] [event:] [module:] --- [  restartedMain] o.s.jdbc.core.JdbcTemplate               : Executing prepared SQL query
2026-06-03 21:31:56.703 DEBUG [trace:] [event:] [module:] --- [  restartedMain] o.s.jdbc.core.JdbcTemplate               : Executing prepared SQL statement [    select exists(
        select 1
        from information_schema.columns
        where table_schema = ?
          and table_name = ?
          and column_name = ?
    )
]
2026-06-03 21:31:56.706 DEBUG [trace:] [event:] [module:] --- [  restartedMain] o.s.jdbc.core.JdbcTemplate               : Executing SQL statement [    create index if not exists idx_analytics_event_started_module_type
    on analytics.event (started_at, module_code, event_type_code)
]
2026-06-03 21:31:56.707 DEBUG [trace:] [event:] [module:] --- [  restartedMain] o.s.jdbc.core.JdbcTemplate               : SQLWarning ignored: SQL state '42P07', error code '0', message [relation "idx_analytics_event_started_module_type" already exists, skipping]
2026-06-03 21:31:56.707 DEBUG [trace:] [event:] [module:] --- [  restartedMain] o.s.jdbc.core.JdbcTemplate               : Executing prepared SQL query
2026-06-03 21:31:56.707 DEBUG [trace:] [event:] [module:] --- [  restartedMain] o.s.jdbc.core.JdbcTemplate               : Executing prepared SQL statement [    select exists(
        select 1
        from information_schema.columns
        where table_schema = ?
          and table_name = ?
          and column_name = ?
    )
]
2026-06-03 21:31:56.710 DEBUG [trace:] [event:] [module:] --- [  restartedMain] o.s.jdbc.core.JdbcTemplate               : Executing prepared SQL query
2026-06-03 21:31:56.710 DEBUG [trace:] [event:] [module:] --- [  restartedMain] o.s.jdbc.core.JdbcTemplate               : Executing prepared SQL statement [    select exists(
        select 1
        from information_schema.columns
        where table_schema = ?
          and table_name = ?
          and column_name = ?
    )
]
2026-06-03 21:31:56.712 DEBUG [trace:] [event:] [module:] --- [  restartedMain] o.s.jdbc.core.JdbcTemplate               : Executing SQL statement [    create index if not exists idx_analytics_event_started_path
    on analytics.event (started_at, request_path)
]
2026-06-03 21:31:56.713 DEBUG [trace:] [event:] [module:] --- [  restartedMain] o.s.jdbc.core.JdbcTemplate               : SQLWarning ignored: SQL state '42P07', error code '0', message [relation "idx_analytics_event_started_path" already exists, skipping]
2026-06-03 21:31:56.713 DEBUG [trace:] [event:] [module:] --- [  restartedMain] o.s.jdbc.core.JdbcTemplate               : Executing prepared SQL query
2026-06-03 21:31:56.713 DEBUG [trace:] [event:] [module:] --- [  restartedMain] o.s.jdbc.core.JdbcTemplate               : Executing prepared SQL statement [    select exists(
        select 1
        from information_schema.columns
        where table_schema = ?
          and table_name = ?
          and column_name = ?
    )
]
2026-06-03 21:31:56.715 DEBUG [trace:] [event:] [module:] --- [  restartedMain] o.s.jdbc.core.JdbcTemplate               : Executing prepared SQL query
2026-06-03 21:31:56.715 DEBUG [trace:] [event:] [module:] --- [  restartedMain] o.s.jdbc.core.JdbcTemplate               : Executing prepared SQL statement [    select exists(
        select 1
        from information_schema.columns
        where table_schema = ?
          and table_name = ?
          and column_name = ?
    )
]
2026-06-03 21:31:56.717 DEBUG [trace:] [event:] [module:] --- [  restartedMain] o.s.jdbc.core.JdbcTemplate               : Executing SQL statement [    create index if not exists idx_analytics_event_attribute_code_event
    on analytics.event_attribute (attribute_type_code, event_id)
]
2026-06-03 21:31:56.718 DEBUG [trace:] [event:] [module:] --- [  restartedMain] o.s.jdbc.core.JdbcTemplate               : SQLWarning ignored: SQL state '42P07', error code '0', message [relation "idx_analytics_event_attribute_code_event" already exists, skipping]
2026-06-03 21:31:56.718 DEBUG [trace:] [event:] [module:] --- [  restartedMain] o.s.jdbc.core.JdbcTemplate               : Executing prepared SQL query
2026-06-03 21:31:56.718 DEBUG [trace:] [event:] [module:] --- [  restartedMain] o.s.jdbc.core.JdbcTemplate               : Executing prepared SQL statement [    select exists(
        select 1
        from information_schema.columns
        where table_schema = ?
          and table_name = ?
          and column_name = ?
    )
]
2026-06-03 21:31:56.721 DEBUG [trace:] [event:] [module:] --- [  restartedMain] o.s.jdbc.core.JdbcTemplate               : Executing prepared SQL query
2026-06-03 21:31:56.721 DEBUG [trace:] [event:] [module:] --- [  restartedMain] o.s.jdbc.core.JdbcTemplate               : Executing prepared SQL statement [    select exists(
        select 1
        from information_schema.columns
        where table_schema = ?
          and table_name = ?
          and column_name = ?
    )
]
2026-06-03 21:31:56.723 DEBUG [trace:] [event:] [module:] --- [  restartedMain] o.s.jdbc.core.JdbcTemplate               : Executing prepared SQL query
2026-06-03 21:31:56.723 DEBUG [trace:] [event:] [module:] --- [  restartedMain] o.s.jdbc.core.JdbcTemplate               : Executing prepared SQL statement [    select exists(
        select 1
        from information_schema.columns
        where table_schema = ?
          and table_name = ?
          and column_name = ?
    )
]
2026-06-03 21:31:56.726 DEBUG [trace:] [event:] [module:] --- [  restartedMain] o.s.jdbc.core.JdbcTemplate               : Executing SQL statement [    create index if not exists idx_analytics_event_attribute_code_value_event
    on analytics.event_attribute (attribute_type_code, attr_value, event_id)
]
2026-06-03 21:31:56.726 DEBUG [trace:] [event:] [module:] --- [  restartedMain] o.s.jdbc.core.JdbcTemplate               : SQLWarning ignored: SQL state '42P07', error code '0', message [relation "idx_analytics_event_attribute_code_value_event" already exists, skipping]
2026-06-03 21:32:00.013 DEBUG [trace:] [event:] [module:] --- [   scheduling-1] o.s.jdbc.core.JdbcTemplate               : Executing prepared SQL query
2026-06-03 21:32:00.013 DEBUG [trace:] [event:] [module:] --- [   scheduling-1] o.s.jdbc.core.JdbcTemplate               : Executing prepared SQL statement [    select count(*)
    from INFORMATION_SCHEMA.TABLES
    where lower(table_schema) = ?
      and lower(table_name) = ?
]
2026-06-03 21:32:00.019 DEBUG [trace:] [event:] [module:] --- [   scheduling-1] o.s.jdbc.core.JdbcTemplate               : Executing prepared SQL query
2026-06-03 21:32:00.019 DEBUG [trace:] [event:] [module:] --- [   scheduling-1] o.s.jdbc.core.JdbcTemplate               : Executing prepared SQL statement [select setting_key, setting_value from analytics.runtime_setting]
2026-06-03 21:32:00.020 DEBUG [trace:] [event:] [module:] --- [   scheduling-1] o.s.jdbc.core.JdbcTemplate               : Executing prepared SQL query
2026-06-03 21:32:00.020 DEBUG [trace:] [event:] [module:] --- [   scheduling-1] o.s.jdbc.core.JdbcTemplate               : Executing prepared SQL statement [select to_regclass(?) is not null]
2026-06-03 21:32:00.021 DEBUG [trace:] [event:] [module:] --- [   scheduling-1] o.s.jdbc.core.JdbcTemplate               : Executing prepared SQL query
2026-06-03 21:32:00.021 DEBUG [trace:] [event:] [module:] --- [   scheduling-1] o.s.jdbc.core.JdbcTemplate               : Executing prepared SQL statement [select to_regclass(?) is not null]
2026-06-03 21:32:00.021 DEBUG [trace:] [event:] [module:] --- [   scheduling-1] o.s.jdbc.core.JdbcTemplate               : Executing prepared SQL query
2026-06-03 21:32:00.021 DEBUG [trace:] [event:] [module:] --- [   scheduling-1] o.s.jdbc.core.JdbcTemplate               : Executing prepared SQL statement [select to_regclass(?) is not null]
2026-06-03 21:32:00.022 DEBUG [trace:] [event:] [module:] --- [   scheduling-1] o.s.jdbc.core.JdbcTemplate               : Executing prepared SQL query
2026-06-03 21:32:00.022 DEBUG [trace:] [event:] [module:] --- [   scheduling-1] o.s.jdbc.core.JdbcTemplate               : Executing prepared SQL statement [    select watermark_at
    from analytics.time_rollup_watermark
    where scope_code = ?
      and granularity_minutes = ?
]
2026-06-03 21:32:00.023 DEBUG [trace:] [event:] [module:] --- [   scheduling-1] o.s.jdbc.core.JdbcTemplate               : Executing prepared SQL update
2026-06-03 21:32:00.023 DEBUG [trace:] [event:] [module:] --- [   scheduling-1] o.s.jdbc.core.JdbcTemplate               : Executing prepared SQL statement [    delete from analytics.event_rollup_bucket
    where granularity_minutes = ?
      and bucket_start >= ?
      and bucket_start < ?
]
2026-06-03 21:32:00.025 DEBUG [trace:] [event:] [module:] --- [   scheduling-1] o.s.jdbc.core.JdbcTemplate               : Executing prepared SQL update
2026-06-03 21:32:00.025 DEBUG [trace:] [event:] [module:] --- [   scheduling-1] o.s.jdbc.core.JdbcTemplate               : Executing prepared SQL statement [    insert into analytics.event_rollup_bucket (
        bucket_start,
        granularity_minutes,
        module_code,
        event_type_code,
        sample_count,
        error_count,
        duration_sum,
        avg_ms,
        p95_ms,
        p99_ms,
        max_ms
    )
    select
        date_bin(
            (? || ' minutes')::interval,
            e.started_at,
            ?
        ) as bucket_start,
        ? as granularity_minutes,
        coalesce(e.module_code, ?) as module_code,
        e.event_type_code,
        count(*) as sample_count,
        sum(case when e.is_error then 1 else 0 end) as error_count,
        sum(case when e.duration_ms is null or e.duration_ms < 0 then 0 else e.duration_ms end) as duration_sum,
        coalesce(avg(case when e.duration_ms is null or e.duration_ms < 0 then 0 else e.duration_ms end)::numeric, 0)::numeric(12, 3) as avg_ms,
        coalesce(percentile_cont(0.95) within group (order by (case when e.duration_ms is null or e.duration_ms < 0 then 0 else e.duration_ms end)::numeric), 0)::numeric(12, 3) as p95_ms,
        coalesce(percentile_cont(0.99) within group (order by (case when e.duration_ms is null or e.duration_ms < 0 then 0 else e.duration_ms end)::numeric), 0)::numeric(12, 3) as p99_ms,
        coalesce(max(case when e.duration_ms is null or e.duration_ms < 0 then 0 else e.duration_ms end)::numeric, 0)::numeric(12, 3) as max_ms
    from analytics.event e
    where e.started_at >= ?
      and e.started_at < ?
      and e.event_type_code is not null
    group by 1, 3, 4
    on conflict (bucket_start, granularity_minutes, module_code, event_type_code)
    do update set
        sample_count = excluded.sample_count,
        error_count = excluded.error_count,
        duration_sum = excluded.duration_sum,
        avg_ms = excluded.avg_ms,
        p95_ms = excluded.p95_ms,
        p99_ms = excluded.p99_ms,
        max_ms = excluded.max_ms
]
2026-06-03 21:32:00.028 DEBUG [trace:] [event:] [module:] --- [   scheduling-1] o.s.jdbc.core.JdbcTemplate               : Executing prepared SQL update
2026-06-03 21:32:00.028 DEBUG [trace:] [event:] [module:] --- [   scheduling-1] o.s.jdbc.core.JdbcTemplate               : Executing prepared SQL statement [    insert into analytics.time_rollup_watermark (
        scope_code,
        granularity_minutes,
        watermark_at,
        updated_at
    )
    values (
        ?,
        ?,
        ?,
        now()
    )
    on conflict (scope_code, granularity_minutes)
    do update set
        watermark_at = excluded.watermark_at,
        updated_at = now()
]
2026-06-03 21:32:00.029 DEBUG [trace:] [event:] [module:] --- [   scheduling-1] o.s.jdbc.core.JdbcTemplate               : Executing prepared SQL query
2026-06-03 21:32:00.029 DEBUG [trace:] [event:] [module:] --- [   scheduling-1] o.s.jdbc.core.JdbcTemplate               : Executing prepared SQL statement [    select watermark_at
    from analytics.time_rollup_watermark
    where scope_code = ?
      and granularity_minutes = ?
]
2026-06-03 21:32:00.029 DEBUG [trace:] [event:] [module:] --- [   scheduling-1] o.s.jdbc.core.JdbcTemplate               : Executing prepared SQL update
2026-06-03 21:32:00.029 DEBUG [trace:] [event:] [module:] --- [   scheduling-1] o.s.jdbc.core.JdbcTemplate               : Executing prepared SQL statement [    delete from analytics.stage_rollup_bucket
    where granularity_minutes = ?
      and bucket_start >= ?
      and bucket_start < ?
]
2026-06-03 21:32:00.030 DEBUG [trace:] [event:] [module:] --- [   scheduling-1] o.s.jdbc.core.JdbcTemplate               : Executing prepared SQL update
2026-06-03 21:32:00.030 DEBUG [trace:] [event:] [module:] --- [   scheduling-1] o.s.jdbc.core.JdbcTemplate               : Executing prepared SQL statement [    insert into analytics.stage_rollup_bucket (
        bucket_start,
        granularity_minutes,
        module_code,
        event_type_code,
        stage_type_code,
        sample_count,
        error_count,
        duration_sum,
        avg_ms,
        p95_ms,
        p99_ms,
        max_ms
    )
    select
        date_bin(
            (? || ' minutes')::interval,
            s.started_at,
            ?
        ) as bucket_start,
        ? as granularity_minutes,
        coalesce(e.module_code, ?) as module_code,
        e.event_type_code,
        s.stage_type_code,
        count(*) as sample_count,
        sum(case when s.is_error then 1 else 0 end) as error_count,
        sum(case when s.duration_ms is null or s.duration_ms < 0 then 0 else s.duration_ms end) as duration_sum,
        coalesce(avg(case when s.duration_ms is null or s.duration_ms < 0 then 0 else s.duration_ms end)::numeric, 0)::numeric(12, 3) as avg_ms,
        coalesce(percentile_cont(0.95) within group (order by (case when s.duration_ms is null or s.duration_ms < 0 then 0 else s.duration_ms end)::numeric), 0)::numeric(12, 3) as p95_ms,
        coalesce(percentile_cont(0.99) within group (order by (case when s.duration_ms is null or s.duration_ms < 0 then 0 else s.duration_ms end)::numeric), 0)::numeric(12, 3) as p99_ms,
        coalesce(max(case when s.duration_ms is null or s.duration_ms < 0 then 0 else s.duration_ms end)::numeric, 0)::numeric(12, 3) as max_ms
    from analytics.stage s
    join analytics.event e on e.id = s.event_id
    where s.started_at >= ?
      and s.started_at < ?
      and e.event_type_code is not null
      and s.stage_type_code is not null
    group by 1, 3, 4, 5
    on conflict (bucket_start, granularity_minutes, module_code, event_type_code, stage_type_code)
    do update set
        sample_count = excluded.sample_count,
        error_count = excluded.error_count,
        duration_sum = excluded.duration_sum,
        avg_ms = excluded.avg_ms,
        p95_ms = excluded.p95_ms,
        p99_ms = excluded.p99_ms,
        max_ms = excluded.max_ms
]
2026-06-03 21:32:00.495 DEBUG [trace:] [event:] [module:] --- [   scheduling-1] o.s.jdbc.core.JdbcTemplate               : Executing prepared SQL update
2026-06-03 21:32:00.495 DEBUG [trace:] [event:] [module:] --- [   scheduling-1] o.s.jdbc.core.JdbcTemplate               : Executing prepared SQL statement [    insert into analytics.time_rollup_watermark (
        scope_code,
        granularity_minutes,
        watermark_at,
        updated_at
    )
    values (
        ?,
        ?,
        ?,
        now()
    )
    on conflict (scope_code, granularity_minutes)
    do update set
        watermark_at = excluded.watermark_at,
        updated_at = now()
]
2026-06-03 21:32:00.497 DEBUG [trace:] [event:] [module:] --- [   scheduling-1] o.s.jdbc.core.JdbcTemplate               : Executing prepared SQL query
2026-06-03 21:32:00.497 DEBUG [trace:] [event:] [module:] --- [   scheduling-1] o.s.jdbc.core.JdbcTemplate               : Executing prepared SQL statement [    select watermark_at
    from analytics.time_rollup_watermark
    where scope_code = ?
      and granularity_minutes = ?
]
2026-06-03 21:32:00.497 DEBUG [trace:] [event:] [module:] --- [   scheduling-1] o.s.jdbc.core.JdbcTemplate               : Executing prepared SQL update
2026-06-03 21:32:00.497 DEBUG [trace:] [event:] [module:] --- [   scheduling-1] o.s.jdbc.core.JdbcTemplate               : Executing prepared SQL statement [    delete from analytics.event_rollup_bucket
    where granularity_minutes = ?
      and bucket_start >= ?
      and bucket_start < ?
]
2026-06-03 21:32:00.498 DEBUG [trace:] [event:] [module:] --- [   scheduling-1] o.s.jdbc.core.JdbcTemplate               : Executing prepared SQL update
2026-06-03 21:32:00.498 DEBUG [trace:] [event:] [module:] --- [   scheduling-1] o.s.jdbc.core.JdbcTemplate               : Executing prepared SQL statement [    insert into analytics.event_rollup_bucket (
        bucket_start,
        granularity_minutes,
        module_code,
        event_type_code,
        sample_count,
        error_count,
        duration_sum,
        avg_ms,
        p95_ms,
        p99_ms,
        max_ms
    )
    select
        date_bin(
            (? || ' minutes')::interval,
            e.started_at,
            ?
        ) as bucket_start,
        ? as granularity_minutes,
        coalesce(e.module_code, ?) as module_code,
        e.event_type_code,
        count(*) as sample_count,
        sum(case when e.is_error then 1 else 0 end) as error_count,
        sum(case when e.duration_ms is null or e.duration_ms < 0 then 0 else e.duration_ms end) as duration_sum,
        coalesce(avg(case when e.duration_ms is null or e.duration_ms < 0 then 0 else e.duration_ms end)::numeric, 0)::numeric(12, 3) as avg_ms,
        coalesce(percentile_cont(0.95) within group (order by (case when e.duration_ms is null or e.duration_ms < 0 then 0 else e.duration_ms end)::numeric), 0)::numeric(12, 3) as p95_ms,
        coalesce(percentile_cont(0.99) within group (order by (case when e.duration_ms is null or e.duration_ms < 0 then 0 else e.duration_ms end)::numeric), 0)::numeric(12, 3) as p99_ms,
        coalesce(max(case when e.duration_ms is null or e.duration_ms < 0 then 0 else e.duration_ms end)::numeric, 0)::numeric(12, 3) as max_ms
    from analytics.event e
    where e.started_at >= ?
      and e.started_at < ?
      and e.event_type_code is not null
    group by 1, 3, 4
    on conflict (bucket_start, granularity_minutes, module_code, event_type_code)
    do update set
        sample_count = excluded.sample_count,
        error_count = excluded.error_count,
        duration_sum = excluded.duration_sum,
        avg_ms = excluded.avg_ms,
        p95_ms = excluded.p95_ms,
        p99_ms = excluded.p99_ms,
        max_ms = excluded.max_ms
]
2026-06-03 21:32:00.498 DEBUG [trace:] [event:] [module:] --- [   scheduling-1] o.s.jdbc.core.JdbcTemplate               : Executing prepared SQL update
2026-06-03 21:32:00.498 DEBUG [trace:] [event:] [module:] --- [   scheduling-1] o.s.jdbc.core.JdbcTemplate               : Executing prepared SQL statement [    insert into analytics.time_rollup_watermark (
        scope_code,
        granularity_minutes,
        watermark_at,
        updated_at
    )
    values (
        ?,
        ?,
        ?,
        now()
    )
    on conflict (scope_code, granularity_minutes)
    do update set
        watermark_at = excluded.watermark_at,
        updated_at = now()
]
2026-06-03 21:32:00.499 DEBUG [trace:] [event:] [module:] --- [   scheduling-1] o.s.jdbc.core.JdbcTemplate               : Executing prepared SQL query
2026-06-03 21:32:00.499 DEBUG [trace:] [event:] [module:] --- [   scheduling-1] o.s.jdbc.core.JdbcTemplate               : Executing prepared SQL statement [    select watermark_at
    from analytics.time_rollup_watermark
    where scope_code = ?
      and granularity_minutes = ?
]
2026-06-03 21:32:00.499 DEBUG [trace:] [event:] [module:] --- [   scheduling-1] o.s.jdbc.core.JdbcTemplate               : Executing prepared SQL update
2026-06-03 21:32:00.499 DEBUG [trace:] [event:] [module:] --- [   scheduling-1] o.s.jdbc.core.JdbcTemplate               : Executing prepared SQL statement [    delete from analytics.stage_rollup_bucket
    where granularity_minutes = ?
      and bucket_start >= ?
      and bucket_start < ?
]
2026-06-03 21:32:00.499 DEBUG [trace:] [event:] [module:] --- [   scheduling-1] o.s.jdbc.core.JdbcTemplate               : Executing prepared SQL update
2026-06-03 21:32:00.499 DEBUG [trace:] [event:] [module:] --- [   scheduling-1] o.s.jdbc.core.JdbcTemplate               : Executing prepared SQL statement [    insert into analytics.stage_rollup_bucket (
        bucket_start,
        granularity_minutes,
        module_code,
        event_type_code,
        stage_type_code,
        sample_count,
        error_count,
        duration_sum,
        avg_ms,
        p95_ms,
        p99_ms,
        max_ms
    )
    select
        date_bin(
            (? || ' minutes')::interval,
            s.started_at,
            ?
        ) as bucket_start,
        ? as granularity_minutes,
        coalesce(e.module_code, ?) as module_code,
        e.event_type_code,
        s.stage_type_code,
        count(*) as sample_count,
        sum(case when s.is_error then 1 else 0 end) as error_count,
        sum(case when s.duration_ms is null or s.duration_ms < 0 then 0 else s.duration_ms end) as duration_sum,
        coalesce(avg(case when s.duration_ms is null or s.duration_ms < 0 then 0 else s.duration_ms end)::numeric, 0)::numeric(12, 3) as avg_ms,
        coalesce(percentile_cont(0.95) within group (order by (case when s.duration_ms is null or s.duration_ms < 0 then 0 else s.duration_ms end)::numeric), 0)::numeric(12, 3) as p95_ms,
        coalesce(percentile_cont(0.99) within group (order by (case when s.duration_ms is null or s.duration_ms < 0 then 0 else s.duration_ms end)::numeric), 0)::numeric(12, 3) as p99_ms,
        coalesce(max(case when s.duration_ms is null or s.duration_ms < 0 then 0 else s.duration_ms end)::numeric, 0)::numeric(12, 3) as max_ms
    from analytics.stage s
    join analytics.event e on e.id = s.event_id
    where s.started_at >= ?
      and s.started_at < ?
      and e.event_type_code is not null
      and s.stage_type_code is not null
    group by 1, 3, 4, 5
    on conflict (bucket_start, granularity_minutes, module_code, event_type_code, stage_type_code)
    do update set
        sample_count = excluded.sample_count,
        error_count = excluded.error_count,
        duration_sum = excluded.duration_sum,
        avg_ms = excluded.avg_ms,
        p95_ms = excluded.p95_ms,
        p99_ms = excluded.p99_ms,
        max_ms = excluded.max_ms
]
2026-06-03 21:32:01.019 DEBUG [trace:] [event:] [module:] --- [   scheduling-1] o.s.jdbc.core.JdbcTemplate               : Executing prepared SQL update
2026-06-03 21:32:01.019 DEBUG [trace:] [event:] [module:] --- [   scheduling-1] o.s.jdbc.core.JdbcTemplate               : Executing prepared SQL statement [    insert into analytics.time_rollup_watermark (
        scope_code,
        granularity_minutes,
        watermark_at,
        updated_at
    )
    values (
        ?,
        ?,
        ?,
        now()
    )
    on conflict (scope_code, granularity_minutes)
    do update set
        watermark_at = excluded.watermark_at,
        updated_at = now()
]
2026-06-03 21:32:01.020 DEBUG [trace:] [event:] [module:] --- [   scheduling-1] o.s.jdbc.core.JdbcTemplate               : Executing prepared SQL query
2026-06-03 21:32:01.020 DEBUG [trace:] [event:] [module:] --- [   scheduling-1] o.s.jdbc.core.JdbcTemplate               : Executing prepared SQL statement [    select watermark_at
    from analytics.time_rollup_watermark
    where scope_code = ?
      and granularity_minutes = ?
]
2026-06-03 21:32:01.020 DEBUG [trace:] [event:] [module:] --- [   scheduling-1] o.s.jdbc.core.JdbcTemplate               : Executing prepared SQL update
2026-06-03 21:32:01.020 DEBUG [trace:] [event:] [module:] --- [   scheduling-1] o.s.jdbc.core.JdbcTemplate               : Executing prepared SQL statement [    delete from analytics.event_rollup_bucket
    where granularity_minutes = ?
      and bucket_start >= ?
      and bucket_start < ?
]
2026-06-03 21:32:01.021 DEBUG [trace:] [event:] [module:] --- [   scheduling-1] o.s.jdbc.core.JdbcTemplate               : Executing prepared SQL update
2026-06-03 21:32:01.021 DEBUG [trace:] [event:] [module:] --- [   scheduling-1] o.s.jdbc.core.JdbcTemplate               : Executing prepared SQL statement [    insert into analytics.event_rollup_bucket (
        bucket_start,
        granularity_minutes,
        module_code,
        event_type_code,
        sample_count,
        error_count,
        duration_sum,
        avg_ms,
        p95_ms,
        p99_ms,
        max_ms
    )
    select
        date_bin(
            (? || ' minutes')::interval,
            e.started_at,
            ?
        ) as bucket_start,
        ? as granularity_minutes,
        coalesce(e.module_code, ?) as module_code,
        e.event_type_code,
        count(*) as sample_count,
        sum(case when e.is_error then 1 else 0 end) as error_count,
        sum(case when e.duration_ms is null or e.duration_ms < 0 then 0 else e.duration_ms end) as duration_sum,
        coalesce(avg(case when e.duration_ms is null or e.duration_ms < 0 then 0 else e.duration_ms end)::numeric, 0)::numeric(12, 3) as avg_ms,
        coalesce(percentile_cont(0.95) within group (order by (case when e.duration_ms is null or e.duration_ms < 0 then 0 else e.duration_ms end)::numeric), 0)::numeric(12, 3) as p95_ms,
        coalesce(percentile_cont(0.99) within group (order by (case when e.duration_ms is null or e.duration_ms < 0 then 0 else e.duration_ms end)::numeric), 0)::numeric(12, 3) as p99_ms,
        coalesce(max(case when e.duration_ms is null or e.duration_ms < 0 then 0 else e.duration_ms end)::numeric, 0)::numeric(12, 3) as max_ms
    from analytics.event e
    where e.started_at >= ?
      and e.started_at < ?
      and e.event_type_code is not null
    group by 1, 3, 4
    on conflict (bucket_start, granularity_minutes, module_code, event_type_code)
    do update set
        sample_count = excluded.sample_count,
        error_count = excluded.error_count,
        duration_sum = excluded.duration_sum,
        avg_ms = excluded.avg_ms,
        p95_ms = excluded.p95_ms,
        p99_ms = excluded.p99_ms,
        max_ms = excluded.max_ms
]
2026-06-03 21:32:01.022 DEBUG [trace:] [event:] [module:] --- [   scheduling-1] o.s.jdbc.core.JdbcTemplate               : Executing prepared SQL update
2026-06-03 21:32:01.022 DEBUG [trace:] [event:] [module:] --- [   scheduling-1] o.s.jdbc.core.JdbcTemplate               : Executing prepared SQL statement [    insert into analytics.time_rollup_watermark (
        scope_code,
        granularity_minutes,
        watermark_at,
        updated_at
    )
    values (
        ?,
        ?,
        ?,
        now()
    )
    on conflict (scope_code, granularity_minutes)
    do update set
        watermark_at = excluded.watermark_at,
        updated_at = now()
]
2026-06-03 21:32:01.023 DEBUG [trace:] [event:] [module:] --- [   scheduling-1] o.s.jdbc.core.JdbcTemplate               : Executing prepared SQL query
2026-06-03 21:32:01.023 DEBUG [trace:] [event:] [module:] --- [   scheduling-1] o.s.jdbc.core.JdbcTemplate               : Executing prepared SQL statement [    select watermark_at
    from analytics.time_rollup_watermark
    where scope_code = ?
      and granularity_minutes = ?
]
2026-06-03 21:32:01.023 DEBUG [trace:] [event:] [module:] --- [   scheduling-1] o.s.jdbc.core.JdbcTemplate               : Executing prepared SQL update
2026-06-03 21:32:01.023 DEBUG [trace:] [event:] [module:] --- [   scheduling-1] o.s.jdbc.core.JdbcTemplate               : Executing prepared SQL statement [    delete from analytics.stage_rollup_bucket
    where granularity_minutes = ?
      and bucket_start >= ?
      and bucket_start < ?
]
2026-06-03 21:32:01.023 DEBUG [trace:] [event:] [module:] --- [   scheduling-1] o.s.jdbc.core.JdbcTemplate               : Executing prepared SQL update
2026-06-03 21:32:01.024 DEBUG [trace:] [event:] [module:] --- [   scheduling-1] o.s.jdbc.core.JdbcTemplate               : Executing prepared SQL statement [    insert into analytics.stage_rollup_bucket (
        bucket_start,
        granularity_minutes,
        module_code,
        event_type_code,
        stage_type_code,
        sample_count,
        error_count,
        duration_sum,
        avg_ms,
        p95_ms,
        p99_ms,
        max_ms
    )
    select
        date_bin(
            (? || ' minutes')::interval,
            s.started_at,
            ?
        ) as bucket_start,
        ? as granularity_minutes,
        coalesce(e.module_code, ?) as module_code,
        e.event_type_code,
        s.stage_type_code,
        count(*) as sample_count,
        sum(case when s.is_error then 1 else 0 end) as error_count,
        sum(case when s.duration_ms is null or s.duration_ms < 0 then 0 else s.duration_ms end) as duration_sum,
        coalesce(avg(case when s.duration_ms is null or s.duration_ms < 0 then 0 else s.duration_ms end)::numeric, 0)::numeric(12, 3) as avg_ms,
        coalesce(percentile_cont(0.95) within group (order by (case when s.duration_ms is null or s.duration_ms < 0 then 0 else s.duration_ms end)::numeric), 0)::numeric(12, 3) as p95_ms,
        coalesce(percentile_cont(0.99) within group (order by (case when s.duration_ms is null or s.duration_ms < 0 then 0 else s.duration_ms end)::numeric), 0)::numeric(12, 3) as p99_ms,
        coalesce(max(case when s.duration_ms is null or s.duration_ms < 0 then 0 else s.duration_ms end)::numeric, 0)::numeric(12, 3) as max_ms
    from analytics.stage s
    join analytics.event e on e.id = s.event_id
    where s.started_at >= ?
      and s.started_at < ?
      and e.event_type_code is not null
      and s.stage_type_code is not null
    group by 1, 3, 4, 5
    on conflict (bucket_start, granularity_minutes, module_code, event_type_code, stage_type_code)
    do update set
        sample_count = excluded.sample_count,
        error_count = excluded.error_count,
        duration_sum = excluded.duration_sum,
        avg_ms = excluded.avg_ms,
        p95_ms = excluded.p95_ms,
        p99_ms = excluded.p99_ms,
        max_ms = excluded.max_ms
]
2026-06-03 21:32:01.540 DEBUG [trace:] [event:] [module:] --- [   scheduling-1] o.s.jdbc.core.JdbcTemplate               : Executing prepared SQL update
2026-06-03 21:32:01.540 DEBUG [trace:] [event:] [module:] --- [   scheduling-1] o.s.jdbc.core.JdbcTemplate               : Executing prepared SQL statement [    insert into analytics.time_rollup_watermark (
        scope_code,
        granularity_minutes,
        watermark_at,
        updated_at
    )
    values (
        ?,
        ?,
        ?,
        now()
    )
    on conflict (scope_code, granularity_minutes)
    do update set
        watermark_at = excluded.watermark_at,
        updated_at = now()
]
2026-06-03 21:32:01.541 DEBUG [trace:] [event:] [module:] --- [   scheduling-1] o.s.jdbc.core.JdbcTemplate               : Executing prepared SQL query
2026-06-03 21:32:01.541 DEBUG [trace:] [event:] [module:] --- [   scheduling-1] o.s.jdbc.core.JdbcTemplate               : Executing prepared SQL statement [    select watermark_at
    from analytics.time_rollup_watermark
    where scope_code = ?
      and granularity_minutes = ?
]
2026-06-03 21:32:01.541 DEBUG [trace:] [event:] [module:] --- [   scheduling-1] o.s.jdbc.core.JdbcTemplate               : Executing prepared SQL update
2026-06-03 21:32:01.541 DEBUG [trace:] [event:] [module:] --- [   scheduling-1] o.s.jdbc.core.JdbcTemplate               : Executing prepared SQL statement [    delete from analytics.event_rollup_bucket
    where granularity_minutes = ?
      and bucket_start >= ?
      and bucket_start < ?
]
2026-06-03 21:32:01.542 DEBUG [trace:] [event:] [module:] --- [   scheduling-1] o.s.jdbc.core.JdbcTemplate               : Executing prepared SQL update
2026-06-03 21:32:01.542 DEBUG [trace:] [event:] [module:] --- [   scheduling-1] o.s.jdbc.core.JdbcTemplate               : Executing prepared SQL statement [    insert into analytics.event_rollup_bucket (
        bucket_start,
        granularity_minutes,
        module_code,
        event_type_code,
        sample_count,
        error_count,
        duration_sum,
        avg_ms,
        p95_ms,
        p99_ms,
        max_ms
    )
    select
        date_bin(
            (? || ' minutes')::interval,
            e.started_at,
            ?
        ) as bucket_start,
        ? as granularity_minutes,
        coalesce(e.module_code, ?) as module_code,
        e.event_type_code,
        count(*) as sample_count,
        sum(case when e.is_error then 1 else 0 end) as error_count,
        sum(case when e.duration_ms is null or e.duration_ms < 0 then 0 else e.duration_ms end) as duration_sum,
        coalesce(avg(case when e.duration_ms is null or e.duration_ms < 0 then 0 else e.duration_ms end)::numeric, 0)::numeric(12, 3) as avg_ms,
        coalesce(percentile_cont(0.95) within group (order by (case when e.duration_ms is null or e.duration_ms < 0 then 0 else e.duration_ms end)::numeric), 0)::numeric(12, 3) as p95_ms,
        coalesce(percentile_cont(0.99) within group (order by (case when e.duration_ms is null or e.duration_ms < 0 then 0 else e.duration_ms end)::numeric), 0)::numeric(12, 3) as p99_ms,
        coalesce(max(case when e.duration_ms is null or e.duration_ms < 0 then 0 else e.duration_ms end)::numeric, 0)::numeric(12, 3) as max_ms
    from analytics.event e
    where e.started_at >= ?
      and e.started_at < ?
      and e.event_type_code is not null
    group by 1, 3, 4
    on conflict (bucket_start, granularity_minutes, module_code, event_type_code)
    do update set
        sample_count = excluded.sample_count,
        error_count = excluded.error_count,
        duration_sum = excluded.duration_sum,
        avg_ms = excluded.avg_ms,
        p95_ms = excluded.p95_ms,
        p99_ms = excluded.p99_ms,
        max_ms = excluded.max_ms
]
2026-06-03 21:32:01.552 DEBUG [trace:] [event:] [module:] --- [   scheduling-1] o.s.jdbc.core.JdbcTemplate               : Executing prepared SQL update
2026-06-03 21:32:01.552 DEBUG [trace:] [event:] [module:] --- [   scheduling-1] o.s.jdbc.core.JdbcTemplate               : Executing prepared SQL statement [    insert into analytics.time_rollup_watermark (
        scope_code,
        granularity_minutes,
        watermark_at,
        updated_at
    )
    values (
        ?,
        ?,
        ?,
        now()
    )
    on conflict (scope_code, granularity_minutes)
    do update set
        watermark_at = excluded.watermark_at,
        updated_at = now()
]
2026-06-03 21:32:01.552 DEBUG [trace:] [event:] [module:] --- [   scheduling-1] o.s.jdbc.core.JdbcTemplate               : Executing prepared SQL query
2026-06-03 21:32:01.552 DEBUG [trace:] [event:] [module:] --- [   scheduling-1] o.s.jdbc.core.JdbcTemplate               : Executing prepared SQL statement [    select watermark_at
    from analytics.time_rollup_watermark
    where scope_code = ?
      and granularity_minutes = ?
]
2026-06-03 21:32:01.553 DEBUG [trace:] [event:] [module:] --- [   scheduling-1] o.s.jdbc.core.JdbcTemplate               : Executing prepared SQL update
2026-06-03 21:32:01.553 DEBUG [trace:] [event:] [module:] --- [   scheduling-1] o.s.jdbc.core.JdbcTemplate               : Executing prepared SQL statement [    delete from analytics.stage_rollup_bucket
    where granularity_minutes = ?
      and bucket_start >= ?
      and bucket_start < ?
]
2026-06-03 21:32:01.553 DEBUG [trace:] [event:] [module:] --- [   scheduling-1] o.s.jdbc.core.JdbcTemplate               : Executing prepared SQL update
2026-06-03 21:32:01.553 DEBUG [trace:] [event:] [module:] --- [   scheduling-1] o.s.jdbc.core.JdbcTemplate               : Executing prepared SQL statement [    insert into analytics.stage_rollup_bucket (
        bucket_start,
        granularity_minutes,
        module_code,
        event_type_code,
        stage_type_code,
        sample_count,
        error_count,
        duration_sum,
        avg_ms,
        p95_ms,
        p99_ms,
        max_ms
    )
    select
        date_bin(
            (? || ' minutes')::interval,
            s.started_at,
            ?
        ) as bucket_start,
        ? as granularity_minutes,
        coalesce(e.module_code, ?) as module_code,
        e.event_type_code,
        s.stage_type_code,
        count(*) as sample_count,
        sum(case when s.is_error then 1 else 0 end) as error_count,
        sum(case when s.duration_ms is null or s.duration_ms < 0 then 0 else s.duration_ms end) as duration_sum,
        coalesce(avg(case when s.duration_ms is null or s.duration_ms < 0 then 0 else s.duration_ms end)::numeric, 0)::numeric(12, 3) as avg_ms,
        coalesce(percentile_cont(0.95) within group (order by (case when s.duration_ms is null or s.duration_ms < 0 then 0 else s.duration_ms end)::numeric), 0)::numeric(12, 3) as p95_ms,
        coalesce(percentile_cont(0.99) within group (order by (case when s.duration_ms is null or s.duration_ms < 0 then 0 else s.duration_ms end)::numeric), 0)::numeric(12, 3) as p99_ms,
        coalesce(max(case when s.duration_ms is null or s.duration_ms < 0 then 0 else s.duration_ms end)::numeric, 0)::numeric(12, 3) as max_ms
    from analytics.stage s
    join analytics.event e on e.id = s.event_id
    where s.started_at >= ?
      and s.started_at < ?
      and e.event_type_code is not null
      and s.stage_type_code is not null
    group by 1, 3, 4, 5
    on conflict (bucket_start, granularity_minutes, module_code, event_type_code, stage_type_code)
    do update set
        sample_count = excluded.sample_count,
        error_count = excluded.error_count,
        duration_sum = excluded.duration_sum,
        avg_ms = excluded.avg_ms,
        p95_ms = excluded.p95_ms,
        p99_ms = excluded.p99_ms,
        max_ms = excluded.max_ms
]
2026-06-03 21:32:01.630 DEBUG [trace:] [event:] [module:] --- [  restartedMain] o.s.jdbc.core.JdbcTemplate               : Executing prepared SQL query
2026-06-03 21:32:01.630 DEBUG [trace:] [event:] [module:] --- [  restartedMain] o.s.jdbc.core.JdbcTemplate               : Executing prepared SQL statement [select exists(select 1 from information_schema.schemata where schema_name = ?)]
2026-06-03 21:32:01.630 DEBUG [trace:] [event:] [module:] --- [  restartedMain] o.s.jdbc.core.JdbcTemplate               : Executing prepared SQL query
2026-06-03 21:32:01.630 DEBUG [trace:] [event:] [module:] --- [  restartedMain] o.s.jdbc.core.JdbcTemplate               : Executing prepared SQL statement [select to_regclass(?) is not null]
2026-06-03 21:32:01.679  INFO [trace:] [event:] [module:] --- [  restartedMain] g.a.c.AnalyticsEventCodesMigrationConfig : Applied analytics event codes migration script: db/patches/analytics-event-codes-migration.sql
2026-06-03 21:32:01.705 DEBUG [trace:] [event:] [module:] --- [  restartedMain] o.s.jdbc.core.JdbcTemplate               : Executing prepared SQL query
2026-06-03 21:32:01.705 DEBUG [trace:] [event:] [module:] --- [  restartedMain] o.s.jdbc.core.JdbcTemplate               : Executing prepared SQL statement [select to_regclass(?) is not null]
2026-06-03 21:32:01.706 DEBUG [trace:] [event:] [module:] --- [  restartedMain] o.s.jdbc.core.JdbcTemplate               : Executing SQL statement [alter table analytics.stage add column if not exists log_started_at timestamp with time zone]
2026-06-03 21:32:03.435 DEBUG [trace:] [event:] [module:] --- [   scheduling-1] o.s.jdbc.core.JdbcTemplate               : Executing prepared SQL update
2026-06-03 21:32:03.436 DEBUG [trace:] [event:] [module:] --- [   scheduling-1] o.s.jdbc.core.JdbcTemplate               : Executing prepared SQL statement [    insert into analytics.time_rollup_watermark (
        scope_code,
        granularity_minutes,
        watermark_at,
        updated_at
    )
    values (
        ?,
        ?,
        ?,
        now()
    )
    on conflict (scope_code, granularity_minutes)
    do update set
        watermark_at = excluded.watermark_at,
        updated_at = now()
]
2026-06-03 21:32:03.437 DEBUG [trace:] [event:] [module:] --- [  restartedMain] o.s.jdbc.core.JdbcTemplate               : SQLWarning ignored: SQL state '42701', error code '0', message [column "log_started_at" of relation "stage" already exists, skipping]
2026-06-03 21:32:03.437 DEBUG [trace:] [event:] [module:] --- [  restartedMain] o.s.jdbc.core.JdbcTemplate               : Executing SQL statement [alter table analytics.stage add column if not exists log_ended_at timestamp with time zone]
2026-06-03 21:32:03.438 DEBUG [trace:] [event:] [module:] --- [   scheduling-1] o.s.jdbc.core.JdbcTemplate               : Executing prepared SQL query
2026-06-03 21:32:03.438 DEBUG [trace:] [event:] [module:] --- [   scheduling-1] o.s.jdbc.core.JdbcTemplate               : Executing prepared SQL statement [select to_regclass(?) is not null]
2026-06-03 21:32:03.438 DEBUG [trace:] [event:] [module:] --- [  restartedMain] o.s.jdbc.core.JdbcTemplate               : SQLWarning ignored: SQL state '42701', error code '0', message [column "log_ended_at" of relation "stage" already exists, skipping]
2026-06-03 21:32:03.438 DEBUG [trace:] [event:] [module:] --- [  restartedMain] o.s.jdbc.core.JdbcTemplate               : Executing SQL statement [    create table if not exists analytics.filter_event_type_day (
        day_start date not null,
        module_code varchar(64) not null,
        event_type_code varchar(64) not null,
        sample_count bigint not null,
        primary key (day_start, module_code, event_type_code)
    )
]
2026-06-03 21:32:03.438 DEBUG [trace:] [event:] [module:] --- [   scheduling-1] o.s.jdbc.core.JdbcTemplate               : Executing prepared SQL query
2026-06-03 21:32:03.438 DEBUG [trace:] [event:] [module:] --- [  restartedMain] o.s.jdbc.core.JdbcTemplate               : SQLWarning ignored: SQL state '42P07', error code '0', message [relation "filter_event_type_day" already exists, skipping]
2026-06-03 21:32:03.438 DEBUG [trace:] [event:] [module:] --- [   scheduling-1] o.s.jdbc.core.JdbcTemplate               : Executing prepared SQL statement [select to_regclass(?) is not null]
2026-06-03 21:32:03.438 DEBUG [trace:] [event:] [module:] --- [  restartedMain] o.s.jdbc.core.JdbcTemplate               : Executing SQL statement [    create table if not exists analytics.filter_attr_value_day (
        day_start date not null,
        module_code varchar(64) not null,
        event_type_code varchar(64) not null,
        attribute_type_code varchar(64) not null,
        attribute_value varchar(255) not null,
        sample_count bigint not null,
        primary key (day_start, module_code, event_type_code, attribute_type_code, attribute_value)
    )
]
2026-06-03 21:32:03.439 DEBUG [trace:] [event:] [module:] --- [  restartedMain] o.s.jdbc.core.JdbcTemplate               : SQLWarning ignored: SQL state '42P07', error code '0', message [relation "filter_attr_value_day" already exists, skipping]
2026-06-03 21:32:03.439 DEBUG [trace:] [event:] [module:] --- [  restartedMain] o.s.jdbc.core.JdbcTemplate               : Executing SQL statement [    create index if not exists idx_filter_event_type_day_scope
    on analytics.filter_event_type_day (day_start, module_code, event_type_code)
]
2026-06-03 21:32:03.439 DEBUG [trace:] [event:] [module:] --- [   scheduling-1] o.s.jdbc.core.JdbcTemplate               : Executing prepared SQL query
2026-06-03 21:32:03.439 DEBUG [trace:] [event:] [module:] --- [   scheduling-1] o.s.jdbc.core.JdbcTemplate               : Executing prepared SQL statement [    select watermark_at
    from analytics.time_rollup_watermark
    where scope_code = ?
      and granularity_minutes = ?
]
2026-06-03 21:32:03.439 DEBUG [trace:] [event:] [module:] --- [  restartedMain] o.s.jdbc.core.JdbcTemplate               : SQLWarning ignored: SQL state '42P07', error code '0', message [relation "idx_filter_event_type_day_scope" already exists, skipping]
2026-06-03 21:32:03.439 DEBUG [trace:] [event:] [module:] --- [   scheduling-1] o.s.jdbc.core.JdbcTemplate               : Executing prepared SQL update
2026-06-03 21:32:03.439 DEBUG [trace:] [event:] [module:] --- [   scheduling-1] o.s.jdbc.core.JdbcTemplate               : Executing prepared SQL statement [    delete from analytics.stage_metric_rollup_bucket
    where granularity_minutes = ?
      and bucket_start >= ?
      and bucket_start < ?
]
2026-06-03 21:32:03.439 DEBUG [trace:] [event:] [module:] --- [  restartedMain] o.s.jdbc.core.JdbcTemplate               : Executing SQL statement [    create index if not exists idx_filter_attr_value_day_scope
    on analytics.filter_attr_value_day (day_start, module_code, event_type_code, attribute_type_code)
]
2026-06-03 21:32:03.440 DEBUG [trace:] [event:] [module:] --- [  restartedMain] o.s.jdbc.core.JdbcTemplate               : SQLWarning ignored: SQL state '42P07', error code '0', message [relation "idx_filter_attr_value_day_scope" already exists, skipping]
2026-06-03 21:32:03.440 DEBUG [trace:] [event:] [module:] --- [  restartedMain] o.s.jdbc.core.JdbcTemplate               : Executing prepared SQL query
2026-06-03 21:32:03.440 DEBUG [trace:] [event:] [module:] --- [  restartedMain] o.s.jdbc.core.JdbcTemplate               : Executing prepared SQL statement [select to_regclass(?) is not null]
2026-06-03 21:32:03.441 DEBUG [trace:] [event:] [module:] --- [  restartedMain] o.s.jdbc.core.JdbcTemplate               : Executing SQL query [select c.data_type
from information_schema.columns c
where c.table_schema = 'analytics'
  and c.table_name = 'event'
  and c.column_name = 'request_path'
]
2026-06-03 21:32:03.442 DEBUG [trace:] [event:] [module:] --- [   scheduling-1] o.s.jdbc.core.JdbcTemplate               : Executing prepared SQL update
2026-06-03 21:32:03.442 DEBUG [trace:] [event:] [module:] --- [   scheduling-1] o.s.jdbc.core.JdbcTemplate               : Executing prepared SQL statement [    insert into analytics.stage_metric_rollup_bucket (
        bucket_start,
        granularity_minutes,
        module_code,
        event_type_code,
        stage_type_code,
        metric_type_code,
        unit,
        sample_count,
        numeric_count,
        numeric_sum,
        p95_value,
        min_value,
        max_value
    )
    select
        date_bin(
            (? || ' minutes')::interval,
            sm.recorded_at,
            ?
        ) as bucket_start,
        ? as granularity_minutes,
        coalesce(e.module_code, ?) as module_code,
        e.event_type_code,
        s.stage_type_code,
        sm.metric_type_code,
        min(nullif(trim(sm.unit), '')) as unit,
        count(*) as sample_count,
        count(sm.metric_value_num) as numeric_count,
        coalesce(sum(sm.metric_value_num), 0)::numeric(20, 3) as numeric_sum,
        coalesce(
            percentile_cont(0.95) within group (order by sm.metric_value_num)
                filter (where sm.metric_value_num is not null),
            0
        )::numeric(20, 3) as p95_value,
        min(sm.metric_value_num) as min_value,
        max(sm.metric_value_num) as max_value
    from analytics.stage_metric sm
    join analytics.stage s on s.id = sm.stage_id
    join analytics.event e on e.id = s.event_id
    where sm.recorded_at >= ?
      and sm.recorded_at < ?
      and e.event_type_code is not null
      and s.stage_type_code is not null
      and sm.metric_type_code is not null
    group by 1, 3, 4, 5, 6
    on conflict (
        bucket_start,
        granularity_minutes,
        module_code,
        event_type_code,
        stage_type_code,
        metric_type_code
    )
    do update set
        unit = excluded.unit,
        sample_count = excluded.sample_count,
        numeric_count = excluded.numeric_count,
        numeric_sum = excluded.numeric_sum,
        p95_value = excluded.p95_value,
        min_value = excluded.min_value,
        max_value = excluded.max_value
]
2026-06-03 21:32:03.444 TRACE [trace:] [event:] [module:] --- [  restartedMain] c.example.gqw.shop.service.OrderService  : Method call details OrderService.ensureStatusHistoryForAllOrders: layer=SERVICE, traceId='', eventUid='', args=[]
2026-06-03 21:32:03.444 DEBUG [trace:] [event:] [module:] --- [  restartedMain] c.example.gqw.shop.service.OrderService  : Method started OrderService.ensureStatusHistoryForAllOrders (operation='execute business operation', layer=SERVICE, traceId='', eventUid='').
2026-06-03 21:32:03.604  INFO [trace:] [event:] [module:] --- [  restartedMain] c.example.gqw.shop.service.OrderService  : Method finished successfully OrderService.ensureStatusHistoryForAllOrders: operation='execute business operation', layer=SERVICE, duration=160 ms, traceId='', eventUid=''.
2026-06-03 21:32:03.604 DEBUG [trace:] [event:] [module:] --- [  restartedMain] c.example.gqw.shop.service.OrderService  : Method result OrderService.ensureStatusHistoryForAllOrders: null
2026-06-03 21:32:03.604 DEBUG [trace:] [event:] [module:] --- [  restartedMain] o.s.jdbc.core.JdbcTemplate               : Executing prepared SQL query
2026-06-03 21:32:03.604 DEBUG [trace:] [event:] [module:] --- [  restartedMain] o.s.jdbc.core.JdbcTemplate               : Executing prepared SQL statement [select exists(select 1 from information_schema.schemata where schema_name = ?)]
2026-06-03 21:32:03.605 DEBUG [trace:] [event:] [module:] --- [  restartedMain] o.s.jdbc.core.JdbcTemplate               : Executing prepared SQL query
2026-06-03 21:32:03.605 DEBUG [trace:] [event:] [module:] --- [  restartedMain] o.s.jdbc.core.JdbcTemplate               : Executing prepared SQL statement [select to_regclass(?) is not null]
2026-06-03 21:32:03.613  INFO [trace:] [event:] [module:] --- [  restartedMain] .e.g.a.c.AnalyticsMetricNamesPatchConfig : Applied analytics metric names patch: db/patches/analytics-metric-names-human-readable.sql
2026-06-03 21:32:03.613 DEBUG [trace:] [event:] [module:] --- [  restartedMain] o.s.jdbc.core.JdbcTemplate               : Executing prepared SQL query
2026-06-03 21:32:03.613 DEBUG [trace:] [event:] [module:] --- [  restartedMain] o.s.jdbc.core.JdbcTemplate               : Executing prepared SQL statement [select to_regclass(?) is not null]
2026-06-03 21:32:03.613 DEBUG [trace:] [event:] [module:] --- [  restartedMain] o.s.jdbc.core.JdbcTemplate               : Executing SQL query [select count(*) from analytics.stage_type where code = 'RESPONSE']
2026-06-03 21:32:03.614 DEBUG [trace:] [event:] [module:] --- [  restartedMain] o.s.boot.devtools.restart.Restarter      : Creating new Restarter for thread Thread[#1,main,5,main]
2026-06-03 21:32:03.614 DEBUG [trace:] [event:] [module:] --- [  restartedMain] o.s.boot.devtools.restart.Restarter      : Immediately restarting application
2026-06-03 21:32:03.614 DEBUG [trace:] [event:] [module:] --- [  restartedMain] o.s.boot.devtools.restart.Restarter      : Starting application com.example.gqw.GqwApplication with URLs [file:/C:/Users/Natalia/.gqw-build/gqw/classes/java/main/, file:/C:/Users/Natalia/.gqw-build/gqw/resources/main/]
2026-06-03 21:32:03.640 DEBUG [trace:] [event:] [module:] --- [  restartedMain] o.s.jdbc.core.JdbcTemplate               : Executing prepared SQL query
2026-06-03 21:32:03.641 DEBUG [trace:] [event:] [module:] --- [  restartedMain] o.s.jdbc.core.JdbcTemplate               : Executing prepared SQL statement [select to_regclass(?) is not null]
2026-06-03 21:32:03.641 DEBUG [trace:] [event:] [module:] --- [  restartedMain] o.s.jdbc.core.JdbcTemplate               : Executing prepared SQL query
2026-06-03 21:32:03.641 DEBUG [trace:] [event:] [module:] --- [  restartedMain] o.s.jdbc.core.JdbcTemplate               : Executing prepared SQL statement [select to_regclass(?) is not null]
2026-06-03 21:32:03.641 DEBUG [trace:] [event:] [module:] --- [  restartedMain] o.s.jdbc.core.JdbcTemplate               : Executing prepared SQL query
2026-06-03 21:32:03.641 DEBUG [trace:] [event:] [module:] --- [  restartedMain] o.s.jdbc.core.JdbcTemplate               : Executing prepared SQL statement [select count(*) from analytics.filter_event_type_day]
2026-06-03 21:32:03.642 DEBUG [trace:] [event:] [module:] --- [  restartedMain] o.s.jdbc.core.JdbcTemplate               : Executing prepared SQL update
2026-06-03 21:32:03.642 DEBUG [trace:] [event:] [module:] --- [  restartedMain] o.s.jdbc.core.JdbcTemplate               : Executing prepared SQL statement [delete from analytics.filter_event_type_day where day_start >= ?]
2026-06-03 21:32:03.643 DEBUG [trace:] [event:] [module:] --- [  restartedMain] o.s.jdbc.core.JdbcTemplate               : Executing prepared SQL update
2026-06-03 21:32:03.643 DEBUG [trace:] [event:] [module:] --- [  restartedMain] o.s.jdbc.core.JdbcTemplate               : Executing prepared SQL statement [delete from analytics.filter_attr_value_day where day_start >= ?]
2026-06-03 21:32:03.683 DEBUG [trace:] [event:] [module:] --- [  restartedMain] o.s.jdbc.core.JdbcTemplate               : Executing prepared SQL update
2026-06-03 21:32:03.683 DEBUG [trace:] [event:] [module:] --- [  restartedMain] o.s.jdbc.core.JdbcTemplate               : Executing prepared SQL statement [    insert into analytics.filter_event_type_day (
        day_start,
        module_code,
        event_type_code,
        sample_count
    )
    select
        (e.started_at at time zone 'UTC')::date as day_start,
        e.module_code,
        e.event_type_code,
        count(*) as sample_count
    from analytics.event e
    where e.started_at >= ?
      and e.module_code is not null
      and e.event_type_code is not null
    group by 1, 2, 3
]
2026-06-03 21:32:03.702 DEBUG [trace:] [event:] [module:] --- [  restartedMain] o.s.jdbc.core.JdbcTemplate               : Executing prepared SQL update
2026-06-03 21:32:03.702 DEBUG [trace:] [event:] [module:] --- [  restartedMain] o.s.jdbc.core.JdbcTemplate               : Executing prepared SQL statement [    insert into analytics.filter_attr_value_day (
        day_start,
        module_code,
        event_type_code,
        attribute_type_code,
        attribute_value,
        sample_count
    )
    select
        (e.started_at at time zone 'UTC')::date as day_start,
        e.module_code,
        e.event_type_code,
        a.attribute_type_code,
        left(trim(coalesce(nullif(a.attr_value, ''), nullif(a.attr_value_json, ''))), 255) as attribute_value,
        count(*) as sample_count
    from analytics.event_attribute a
    join analytics.event e on e.id = a.event_id
    where e.started_at >= ?
      and e.module_code is not null
      and e.event_type_code is not null
      and a.attribute_type_code is not null
      and trim(coalesce(nullif(a.attr_value, ''), nullif(a.attr_value_json, ''))) <> ''
    group by 1, 2, 3, 4, 5
]
2026-06-03 21:32:03.914 DEBUG [trace:] [event:] [module:] --- [   scheduling-1] o.s.jdbc.core.JdbcTemplate               : Executing prepared SQL update
2026-06-03 21:32:03.915 DEBUG [trace:] [event:] [module:] --- [   scheduling-1] o.s.jdbc.core.JdbcTemplate               : Executing prepared SQL statement [    insert into analytics.time_rollup_watermark (
        scope_code,
        granularity_minutes,
        watermark_at,
        updated_at
    )
    values (
        ?,
        ?,
        ?,
        now()
    )
    on conflict (scope_code, granularity_minutes)
    do update set
        watermark_at = excluded.watermark_at,
        updated_at = now()
]
2026-06-03 21:32:03.915 DEBUG [trace:] [event:] [module:] --- [   scheduling-1] o.s.jdbc.core.JdbcTemplate               : Executing prepared SQL query
2026-06-03 21:32:03.915 DEBUG [trace:] [event:] [module:] --- [   scheduling-1] o.s.jdbc.core.JdbcTemplate               : Executing prepared SQL statement [    select watermark_at
    from analytics.time_rollup_watermark
    where scope_code = ?
      and granularity_minutes = ?
]
2026-06-03 21:32:03.915 DEBUG [trace:] [event:] [module:] --- [   scheduling-1] o.s.jdbc.core.JdbcTemplate               : Executing prepared SQL update
2026-06-03 21:32:03.915 DEBUG [trace:] [event:] [module:] --- [   scheduling-1] o.s.jdbc.core.JdbcTemplate               : Executing prepared SQL statement [    delete from analytics.stage_metric_rollup_bucket
    where granularity_minutes = ?
      and bucket_start >= ?
      and bucket_start < ?
]
2026-06-03 21:32:03.916 DEBUG [trace:] [event:] [module:] --- [   scheduling-1] o.s.jdbc.core.JdbcTemplate               : Executing prepared SQL update
2026-06-03 21:32:03.916 DEBUG [trace:] [event:] [module:] --- [   scheduling-1] o.s.jdbc.core.JdbcTemplate               : Executing prepared SQL statement [    insert into analytics.stage_metric_rollup_bucket (
        bucket_start,
        granularity_minutes,
        module_code,
        event_type_code,
        stage_type_code,
        metric_type_code,
        unit,
        sample_count,
        numeric_count,
        numeric_sum,
        p95_value,
        min_value,
        max_value
    )
    select
        date_bin(
            (? || ' minutes')::interval,
            sm.recorded_at,
            ?
        ) as bucket_start,
        ? as granularity_minutes,
        coalesce(e.module_code, ?) as module_code,
        e.event_type_code,
        s.stage_type_code,
        sm.metric_type_code,
        min(nullif(trim(sm.unit), '')) as unit,
        count(*) as sample_count,
        count(sm.metric_value_num) as numeric_count,
        coalesce(sum(sm.metric_value_num), 0)::numeric(20, 3) as numeric_sum,
        coalesce(
            percentile_cont(0.95) within group (order by sm.metric_value_num)
                filter (where sm.metric_value_num is not null),
            0
        )::numeric(20, 3) as p95_value,
        min(sm.metric_value_num) as min_value,
        max(sm.metric_value_num) as max_value
    from analytics.stage_metric sm
    join analytics.stage s on s.id = sm.stage_id
    join analytics.event e on e.id = s.event_id
    where sm.recorded_at >= ?
      and sm.recorded_at < ?
      and e.event_type_code is not null
      and s.stage_type_code is not null
      and sm.metric_type_code is not null
    group by 1, 3, 4, 5, 6
    on conflict (
        bucket_start,
        granularity_minutes,
        module_code,
        event_type_code,
        stage_type_code,
        metric_type_code
    )
    do update set
        unit = excluded.unit,
        sample_count = excluded.sample_count,
        numeric_count = excluded.numeric_count,
        numeric_sum = excluded.numeric_sum,
        p95_value = excluded.p95_value,
        min_value = excluded.min_value,
        max_value = excluded.max_value
]
2026-06-03 21:32:04.400 DEBUG [trace:] [event:] [module:] --- [   scheduling-1] o.s.jdbc.core.JdbcTemplate               : Executing prepared SQL update
2026-06-03 21:32:04.400 DEBUG [trace:] [event:] [module:] --- [   scheduling-1] o.s.jdbc.core.JdbcTemplate               : Executing prepared SQL statement [    insert into analytics.time_rollup_watermark (
        scope_code,
        granularity_minutes,
        watermark_at,
        updated_at
    )
    values (
        ?,
        ?,
        ?,
        now()
    )
    on conflict (scope_code, granularity_minutes)
    do update set
        watermark_at = excluded.watermark_at,
        updated_at = now()
]
2026-06-03 21:32:04.400 DEBUG [trace:] [event:] [module:] --- [   scheduling-1] o.s.jdbc.core.JdbcTemplate               : Executing prepared SQL query
2026-06-03 21:32:04.400 DEBUG [trace:] [event:] [module:] --- [   scheduling-1] o.s.jdbc.core.JdbcTemplate               : Executing prepared SQL statement [    select watermark_at
    from analytics.time_rollup_watermark
    where scope_code = ?
      and granularity_minutes = ?
]
2026-06-03 21:32:04.400 DEBUG [trace:] [event:] [module:] --- [   scheduling-1] o.s.jdbc.core.JdbcTemplate               : Executing prepared SQL update
2026-06-03 21:32:04.400 DEBUG [trace:] [event:] [module:] --- [   scheduling-1] o.s.jdbc.core.JdbcTemplate               : Executing prepared SQL statement [    delete from analytics.stage_metric_rollup_bucket
    where granularity_minutes = ?
      and bucket_start >= ?
      and bucket_start < ?
]
2026-06-03 21:32:04.400 DEBUG [trace:] [event:] [module:] --- [   scheduling-1] o.s.jdbc.core.JdbcTemplate               : Executing prepared SQL update
2026-06-03 21:32:04.401 DEBUG [trace:] [event:] [module:] --- [   scheduling-1] o.s.jdbc.core.JdbcTemplate               : Executing prepared SQL statement [    insert into analytics.stage_metric_rollup_bucket (
        bucket_start,
        granularity_minutes,
        module_code,
        event_type_code,
        stage_type_code,
        metric_type_code,
        unit,
        sample_count,
        numeric_count,
        numeric_sum,
        p95_value,
        min_value,
        max_value
    )
    select
        date_bin(
            (? || ' minutes')::interval,
            sm.recorded_at,
            ?
        ) as bucket_start,
        ? as granularity_minutes,
        coalesce(e.module_code, ?) as module_code,
        e.event_type_code,
        s.stage_type_code,
        sm.metric_type_code,
        min(nullif(trim(sm.unit), '')) as unit,
        count(*) as sample_count,
        count(sm.metric_value_num) as numeric_count,
        coalesce(sum(sm.metric_value_num), 0)::numeric(20, 3) as numeric_sum,
        coalesce(
            percentile_cont(0.95) within group (order by sm.metric_value_num)
                filter (where sm.metric_value_num is not null),
            0
        )::numeric(20, 3) as p95_value,
        min(sm.metric_value_num) as min_value,
        max(sm.metric_value_num) as max_value
    from analytics.stage_metric sm
    join analytics.stage s on s.id = sm.stage_id
    join analytics.event e on e.id = s.event_id
    where sm.recorded_at >= ?
      and sm.recorded_at < ?
      and e.event_type_code is not null
      and s.stage_type_code is not null
      and sm.metric_type_code is not null
    group by 1, 3, 4, 5, 6
    on conflict (
        bucket_start,
        granularity_minutes,
        module_code,
        event_type_code,
        stage_type_code,
        metric_type_code
    )
    do update set
        unit = excluded.unit,
        sample_count = excluded.sample_count,
        numeric_count = excluded.numeric_count,
        numeric_sum = excluded.numeric_sum,
        p95_value = excluded.p95_value,
        min_value = excluded.min_value,
        max_value = excluded.max_value
]
2026-06-03 21:32:04.852 DEBUG [trace:] [event:] [module:] --- [   scheduling-1] o.s.jdbc.core.JdbcTemplate               : Executing prepared SQL update
2026-06-03 21:32:04.852 DEBUG [trace:] [event:] [module:] --- [   scheduling-1] o.s.jdbc.core.JdbcTemplate               : Executing prepared SQL statement [    insert into analytics.time_rollup_watermark (
        scope_code,
        granularity_minutes,
        watermark_at,
        updated_at
    )
    values (
        ?,
        ?,
        ?,
        now()
    )
    on conflict (scope_code, granularity_minutes)
    do update set
        watermark_at = excluded.watermark_at,
        updated_at = now()
]
2026-06-03 21:32:04.852 DEBUG [trace:] [event:] [module:] --- [   scheduling-1] o.s.jdbc.core.JdbcTemplate               : Executing prepared SQL query
2026-06-03 21:32:04.852 DEBUG [trace:] [event:] [module:] --- [   scheduling-1] o.s.jdbc.core.JdbcTemplate               : Executing prepared SQL statement [    select watermark_at
    from analytics.time_rollup_watermark
    where scope_code = ?
      and granularity_minutes = ?
]
2026-06-03 21:32:04.852 DEBUG [trace:] [event:] [module:] --- [   scheduling-1] o.s.jdbc.core.JdbcTemplate               : Executing prepared SQL update
2026-06-03 21:32:04.852 DEBUG [trace:] [event:] [module:] --- [   scheduling-1] o.s.jdbc.core.JdbcTemplate               : Executing prepared SQL statement [    delete from analytics.stage_metric_rollup_bucket
    where granularity_minutes = ?
      and bucket_start >= ?
      and bucket_start < ?
]
2026-06-03 21:32:04.854 DEBUG [trace:] [event:] [module:] --- [   scheduling-1] o.s.jdbc.core.JdbcTemplate               : Executing prepared SQL update
2026-06-03 21:32:04.854 DEBUG [trace:] [event:] [module:] --- [   scheduling-1] o.s.jdbc.core.JdbcTemplate               : Executing prepared SQL statement [    insert into analytics.stage_metric_rollup_bucket (
        bucket_start,
        granularity_minutes,
        module_code,
        event_type_code,
        stage_type_code,
        metric_type_code,
        unit,
        sample_count,
        numeric_count,
        numeric_sum,
        p95_value,
        min_value,
        max_value
    )
    select
        date_bin(
            (? || ' minutes')::interval,
            sm.recorded_at,
            ?
        ) as bucket_start,
        ? as granularity_minutes,
        coalesce(e.module_code, ?) as module_code,
        e.event_type_code,
        s.stage_type_code,
        sm.metric_type_code,
        min(nullif(trim(sm.unit), '')) as unit,
        count(*) as sample_count,
        count(sm.metric_value_num) as numeric_count,
        coalesce(sum(sm.metric_value_num), 0)::numeric(20, 3) as numeric_sum,
        coalesce(
            percentile_cont(0.95) within group (order by sm.metric_value_num)
                filter (where sm.metric_value_num is not null),
            0
        )::numeric(20, 3) as p95_value,
        min(sm.metric_value_num) as min_value,
        max(sm.metric_value_num) as max_value
    from analytics.stage_metric sm
    join analytics.stage s on s.id = sm.stage_id
    join analytics.event e on e.id = s.event_id
    where sm.recorded_at >= ?
      and sm.recorded_at < ?
      and e.event_type_code is not null
      and s.stage_type_code is not null
      and sm.metric_type_code is not null
    group by 1, 3, 4, 5, 6
    on conflict (
        bucket_start,
        granularity_minutes,
        module_code,
        event_type_code,
        stage_type_code,
        metric_type_code
    )
    do update set
        unit = excluded.unit,
        sample_count = excluded.sample_count,
        numeric_count = excluded.numeric_count,
        numeric_sum = excluded.numeric_sum,
        p95_value = excluded.p95_value,
        min_value = excluded.min_value,
        max_value = excluded.max_value
]
2026-06-03 21:32:10.569 DEBUG [trace:] [event:] [module:] --- [   scheduling-1] o.s.jdbc.core.JdbcTemplate               : Executing prepared SQL update
2026-06-03 21:32:10.569 DEBUG [trace:] [event:] [module:] --- [   scheduling-1] o.s.jdbc.core.JdbcTemplate               : Executing prepared SQL statement [    insert into analytics.time_rollup_watermark (
        scope_code,
        granularity_minutes,
        watermark_at,
        updated_at
    )
    values (
        ?,
        ?,
        ?,
        now()
    )
    on conflict (scope_code, granularity_minutes)
    do update set
        watermark_at = excluded.watermark_at,
        updated_at = now()
]
2026-06-03 21:32:10.570 DEBUG [trace:] [event:] [module:] --- [  restartedMain] o.s.jdbc.core.JdbcTemplate               : Executing prepared SQL query
2026-06-03 21:32:10.570 DEBUG [trace:] [event:] [module:] --- [  restartedMain] o.s.jdbc.core.JdbcTemplate               : Executing prepared SQL statement [select to_regclass(?) is not null]
2026-06-03 21:32:10.570 DEBUG [trace:] [event:] [module:] --- [  restartedMain] o.s.jdbc.core.JdbcTemplate               : Executing prepared SQL query
2026-06-03 21:32:10.570 DEBUG [trace:] [event:] [module:] --- [  restartedMain] o.s.jdbc.core.JdbcTemplate               : Executing prepared SQL statement [select to_regclass(?) is not null]
2026-06-03 21:32:10.571 DEBUG [trace:] [event:] [module:] --- [  restartedMain] o.s.jdbc.core.JdbcTemplate               : Executing prepared SQL query
2026-06-03 21:32:10.571 DEBUG [trace:] [event:] [module:] --- [  restartedMain] o.s.jdbc.core.JdbcTemplate               : Executing prepared SQL statement [    select watermark_at
    from analytics.time_rollup_watermark
    where scope_code = ?
      and granularity_minutes = ?
]
2026-06-03 21:32:10.572 DEBUG [trace:] [event:] [module:] --- [  restartedMain] o.s.jdbc.core.JdbcTemplate               : Executing prepared SQL update
2026-06-03 21:32:10.572 DEBUG [trace:] [event:] [module:] --- [  restartedMain] o.s.jdbc.core.JdbcTemplate               : Executing prepared SQL statement [    delete from analytics.stage_metric_rollup_bucket
    where granularity_minutes = ?
      and bucket_start >= ?
      and bucket_start < ?
]
2026-06-03 21:32:10.572 DEBUG [trace:] [event:] [module:] --- [   scheduling-1] o.s.jdbc.core.JdbcTemplate               : Executing prepared SQL query
2026-06-03 21:32:10.572 DEBUG [trace:] [event:] [module:] --- [   scheduling-1] o.s.jdbc.core.JdbcTemplate               : Executing prepared SQL statement [    select count(*)
    from information_schema.tables
    where lower(table_schema) = ?
      and lower(table_name) = ?
]
2026-06-03 21:32:10.573 DEBUG [trace:] [event:] [module:] --- [   scheduling-1] o.s.jdbc.core.JdbcTemplate               : Executing prepared SQL query
2026-06-03 21:32:10.573 DEBUG [trace:] [event:] [module:] --- [   scheduling-1] o.s.jdbc.core.JdbcTemplate               : Executing prepared SQL statement [    select count(*)
    from information_schema.tables
    where lower(table_schema) = ?
      and lower(table_name) = ?
]
2026-06-03 21:32:10.574 DEBUG [trace:] [event:] [module:] --- [  restartedMain] o.s.jdbc.core.JdbcTemplate               : Executing prepared SQL update
2026-06-03 21:32:10.574 DEBUG [trace:] [event:] [module:] --- [  restartedMain] o.s.jdbc.core.JdbcTemplate               : Executing prepared SQL statement [    insert into analytics.stage_metric_rollup_bucket (
        bucket_start,
        granularity_minutes,
        module_code,
        event_type_code,
        stage_type_code,
        metric_type_code,
        unit,
        sample_count,
        numeric_count,
        numeric_sum,
        p95_value,
        min_value,
        max_value
    )
    select
        date_bin(
            (? || ' minutes')::interval,
            sm.recorded_at,
            ?
        ) as bucket_start,
        ? as granularity_minutes,
        coalesce(e.module_code, ?) as module_code,
        e.event_type_code,
        s.stage_type_code,
        sm.metric_type_code,
        min(nullif(trim(sm.unit), '')) as unit,
        count(*) as sample_count,
        count(sm.metric_value_num) as numeric_count,
        coalesce(sum(sm.metric_value_num), 0)::numeric(20, 3) as numeric_sum,
        coalesce(
            percentile_cont(0.95) within group (order by sm.metric_value_num)
                filter (where sm.metric_value_num is not null),
            0
        )::numeric(20, 3) as p95_value,
        min(sm.metric_value_num) as min_value,
        max(sm.metric_value_num) as max_value
    from analytics.stage_metric sm
    join analytics.stage s on s.id = sm.stage_id
    join analytics.event e on e.id = s.event_id
    where sm.recorded_at >= ?
      and sm.recorded_at < ?
      and e.event_type_code is not null
      and s.stage_type_code is not null
      and sm.metric_type_code is not null
    group by 1, 3, 4, 5, 6
    on conflict (
        bucket_start,
        granularity_minutes,
        module_code,
        event_type_code,
        stage_type_code,
        metric_type_code
    )
    do update set
        unit = excluded.unit,
        sample_count = excluded.sample_count,
        numeric_count = excluded.numeric_count,
        numeric_sum = excluded.numeric_sum,
        p95_value = excluded.p95_value,
        min_value = excluded.min_value,
        max_value = excluded.max_value
]
2026-06-03 21:32:10.574 DEBUG [trace:] [event:] [module:] --- [   scheduling-1] o.s.jdbc.core.JdbcTemplate               : Executing prepared SQL update
2026-06-03 21:32:10.575 DEBUG [trace:] [event:] [module:] --- [   scheduling-1] o.s.jdbc.core.JdbcTemplate               : Executing prepared SQL statement [    with doomed as (
        select id
        from analytics.event
        where started_at < ?
        order by started_at asc
        limit ?
    )
    delete from analytics.event_attribute a
    using doomed d
    where a.event_id = d.id
]
2026-06-03 21:32:10.579 DEBUG [trace:] [event:] [module:] --- [   scheduling-1] o.s.jdbc.core.JdbcTemplate               : Executing prepared SQL query
2026-06-03 21:32:10.579 DEBUG [trace:] [event:] [module:] --- [   scheduling-1] o.s.jdbc.core.JdbcTemplate               : Executing prepared SQL statement [    select count(*)
    from information_schema.tables
    where lower(table_schema) = ?
      and lower(table_name) = ?
]
2026-06-03 21:32:10.580 DEBUG [trace:] [event:] [module:] --- [   scheduling-1] o.s.jdbc.core.JdbcTemplate               : Executing prepared SQL query
2026-06-03 21:32:10.580 DEBUG [trace:] [event:] [module:] --- [   scheduling-1] o.s.jdbc.core.JdbcTemplate               : Executing prepared SQL statement [    select count(*)
    from information_schema.tables
    where lower(table_schema) = ?
      and lower(table_name) = ?
]
2026-06-03 21:32:10.581 DEBUG [trace:] [event:] [module:] --- [   scheduling-1] o.s.jdbc.core.JdbcTemplate               : Executing prepared SQL update
2026-06-03 21:32:10.581 DEBUG [trace:] [event:] [module:] --- [   scheduling-1] o.s.jdbc.core.JdbcTemplate               : Executing prepared SQL statement [    with doomed as (
        select id
        from analytics.event
        where started_at < ?
        order by started_at asc
        limit ?
    ),
    doomed_stage as (
        select s.id
        from analytics.stage s
        join doomed d on d.id = s.event_id
    )
    delete from analytics.stage_metric sm
    using doomed_stage ds
    where sm.stage_id = ds.id
]
2026-06-03 21:32:10.582 DEBUG [trace:] [event:] [module:] --- [   scheduling-1] o.s.jdbc.core.JdbcTemplate               : Executing prepared SQL query
2026-06-03 21:32:10.582 DEBUG [trace:] [event:] [module:] --- [   scheduling-1] o.s.jdbc.core.JdbcTemplate               : Executing prepared SQL statement [    select count(*)
    from information_schema.tables
    where lower(table_schema) = ?
      and lower(table_name) = ?
]
2026-06-03 21:32:10.583 DEBUG [trace:] [event:] [module:] --- [   scheduling-1] o.s.jdbc.core.JdbcTemplate               : Executing prepared SQL update
2026-06-03 21:32:10.583 DEBUG [trace:] [event:] [module:] --- [   scheduling-1] o.s.jdbc.core.JdbcTemplate               : Executing prepared SQL statement [    with doomed as (
        select id
        from analytics.event
        where started_at < ?
        order by started_at asc
        limit ?
    )
    delete from analytics.stage s
    using doomed d
    where s.event_id = d.id
]
2026-06-03 21:32:10.584 DEBUG [trace:] [event:] [module:] --- [   scheduling-1] o.s.jdbc.core.JdbcTemplate               : Executing prepared SQL update
2026-06-03 21:32:10.584 DEBUG [trace:] [event:] [module:] --- [   scheduling-1] o.s.jdbc.core.JdbcTemplate               : Executing prepared SQL statement [    with doomed as (
        select id
        from analytics.event
        where started_at < ?
        order by started_at asc
        limit ?
    )
    delete from analytics.event e
    using doomed d
    where e.id = d.id
]
2026-06-03 21:32:10.585 DEBUG [trace:] [event:] [module:] --- [   scheduling-1] o.s.jdbc.core.JdbcTemplate               : Executing prepared SQL query
2026-06-03 21:32:10.585 DEBUG [trace:] [event:] [module:] --- [   scheduling-1] o.s.jdbc.core.JdbcTemplate               : Executing prepared SQL statement [    select count(*)
    from information_schema.tables
    where lower(table_schema) = ?
      and lower(table_name) = ?
]
2026-06-03 21:32:10.586 DEBUG [trace:] [event:] [module:] --- [   scheduling-1] o.s.jdbc.core.JdbcTemplate               : Executing prepared SQL update
2026-06-03 21:32:10.586 DEBUG [trace:] [event:] [module:] --- [   scheduling-1] o.s.jdbc.core.JdbcTemplate               : Executing prepared SQL statement [delete from analytics.event_rollup_bucket where granularity_minutes = ? and bucket_start < ?]
2026-06-03 21:32:10.586 DEBUG [trace:] [event:] [module:] --- [   scheduling-1] o.s.jdbc.core.JdbcTemplate               : Executing prepared SQL update
2026-06-03 21:32:10.586 DEBUG [trace:] [event:] [module:] --- [   scheduling-1] o.s.jdbc.core.JdbcTemplate               : Executing prepared SQL statement [delete from analytics.event_rollup_bucket where granularity_minutes = ? and bucket_start < ?]
2026-06-03 21:32:10.587 DEBUG [trace:] [event:] [module:] --- [   scheduling-1] o.s.jdbc.core.JdbcTemplate               : Executing prepared SQL update
2026-06-03 21:32:10.587 DEBUG [trace:] [event:] [module:] --- [   scheduling-1] o.s.jdbc.core.JdbcTemplate               : Executing prepared SQL statement [delete from analytics.event_rollup_bucket where granularity_minutes = ? and bucket_start < ?]
2026-06-03 21:32:10.587 DEBUG [trace:] [event:] [module:] --- [   scheduling-1] o.s.jdbc.core.JdbcTemplate               : Executing prepared SQL update
2026-06-03 21:32:10.587 DEBUG [trace:] [event:] [module:] --- [   scheduling-1] o.s.jdbc.core.JdbcTemplate               : Executing prepared SQL statement [delete from analytics.event_rollup_bucket where granularity_minutes = ? and bucket_start < ?]
2026-06-03 21:32:10.587 DEBUG [trace:] [event:] [module:] --- [   scheduling-1] o.s.jdbc.core.JdbcTemplate               : Executing prepared SQL query
2026-06-03 21:32:10.588 DEBUG [trace:] [event:] [module:] --- [   scheduling-1] o.s.jdbc.core.JdbcTemplate               : Executing prepared SQL statement [    select count(*)
    from information_schema.tables
    where lower(table_schema) = ?
      and lower(table_name) = ?
]
2026-06-03 21:32:10.589 DEBUG [trace:] [event:] [module:] --- [   scheduling-1] o.s.jdbc.core.JdbcTemplate               : Executing prepared SQL update
2026-06-03 21:32:10.589 DEBUG [trace:] [event:] [module:] --- [   scheduling-1] o.s.jdbc.core.JdbcTemplate               : Executing prepared SQL statement [delete from analytics.stage_rollup_bucket where granularity_minutes = ? and bucket_start < ?]
2026-06-03 21:32:10.590 DEBUG [trace:] [event:] [module:] --- [   scheduling-1] o.s.jdbc.core.JdbcTemplate               : Executing prepared SQL update
2026-06-03 21:32:10.590 DEBUG [trace:] [event:] [module:] --- [   scheduling-1] o.s.jdbc.core.JdbcTemplate               : Executing prepared SQL statement [delete from analytics.stage_rollup_bucket where granularity_minutes = ? and bucket_start < ?]
2026-06-03 21:32:10.590 DEBUG [trace:] [event:] [module:] --- [   scheduling-1] o.s.jdbc.core.JdbcTemplate               : Executing prepared SQL update
2026-06-03 21:32:10.590 DEBUG [trace:] [event:] [module:] --- [   scheduling-1] o.s.jdbc.core.JdbcTemplate               : Executing prepared SQL statement [delete from analytics.stage_rollup_bucket where granularity_minutes = ? and bucket_start < ?]
2026-06-03 21:32:10.591 DEBUG [trace:] [event:] [module:] --- [   scheduling-1] o.s.jdbc.core.JdbcTemplate               : Executing prepared SQL update
2026-06-03 21:32:10.591 DEBUG [trace:] [event:] [module:] --- [   scheduling-1] o.s.jdbc.core.JdbcTemplate               : Executing prepared SQL statement [delete from analytics.stage_rollup_bucket where granularity_minutes = ? and bucket_start < ?]
2026-06-03 21:32:10.591 DEBUG [trace:] [event:] [module:] --- [   scheduling-1] o.s.jdbc.core.JdbcTemplate               : Executing prepared SQL query
2026-06-03 21:32:10.591 DEBUG [trace:] [event:] [module:] --- [   scheduling-1] o.s.jdbc.core.JdbcTemplate               : Executing prepared SQL statement [    select count(*)
    from information_schema.tables
    where lower(table_schema) = ?
      and lower(table_name) = ?
]
2026-06-03 21:32:10.592 DEBUG [trace:] [event:] [module:] --- [   scheduling-1] o.s.jdbc.core.JdbcTemplate               : Executing prepared SQL update
2026-06-03 21:32:10.592 DEBUG [trace:] [event:] [module:] --- [   scheduling-1] o.s.jdbc.core.JdbcTemplate               : Executing prepared SQL statement [delete from analytics.stage_metric_rollup_bucket where granularity_minutes = ? and bucket_start < ?]
2026-06-03 21:32:10.592 DEBUG [trace:] [event:] [module:] --- [   scheduling-1] o.s.jdbc.core.JdbcTemplate               : Executing prepared SQL update
2026-06-03 21:32:10.592 DEBUG [trace:] [event:] [module:] --- [   scheduling-1] o.s.jdbc.core.JdbcTemplate               : Executing prepared SQL statement [delete from analytics.stage_metric_rollup_bucket where granularity_minutes = ? and bucket_start < ?]
2026-06-03 21:32:10.593 DEBUG [trace:] [event:] [module:] --- [   scheduling-1] o.s.jdbc.core.JdbcTemplate               : Executing prepared SQL update
2026-06-03 21:32:10.593 DEBUG [trace:] [event:] [module:] --- [   scheduling-1] o.s.jdbc.core.JdbcTemplate               : Executing prepared SQL statement [delete from analytics.stage_metric_rollup_bucket where granularity_minutes = ? and bucket_start < ?]
2026-06-03 21:32:10.593 DEBUG [trace:] [event:] [module:] --- [   scheduling-1] o.s.jdbc.core.JdbcTemplate               : Executing prepared SQL update
2026-06-03 21:32:10.593 DEBUG [trace:] [event:] [module:] --- [   scheduling-1] o.s.jdbc.core.JdbcTemplate               : Executing prepared SQL statement [delete from analytics.stage_metric_rollup_bucket where granularity_minutes = ? and bucket_start < ?]
2026-06-03 21:32:10.593 DEBUG [trace:] [event:] [module:] --- [   scheduling-1] o.s.jdbc.core.JdbcTemplate               : Executing prepared SQL query
2026-06-03 21:32:10.593 DEBUG [trace:] [event:] [module:] --- [   scheduling-1] o.s.jdbc.core.JdbcTemplate               : Executing prepared SQL statement [    select count(*)
    from information_schema.tables
    where lower(table_schema) = ?
      and lower(table_name) = ?
]
2026-06-03 21:32:10.594 DEBUG [trace:] [event:] [module:] --- [   scheduling-1] o.s.jdbc.core.JdbcTemplate               : Executing prepared SQL update
2026-06-03 21:32:10.594 DEBUG [trace:] [event:] [module:] --- [   scheduling-1] o.s.jdbc.core.JdbcTemplate               : Executing prepared SQL statement [delete from analytics.filter_event_type_day where day_start < ?]
2026-06-03 21:32:10.596 DEBUG [trace:] [event:] [module:] --- [   scheduling-1] o.s.jdbc.core.JdbcTemplate               : Executing prepared SQL query
2026-06-03 21:32:10.596 DEBUG [trace:] [event:] [module:] --- [   scheduling-1] o.s.jdbc.core.JdbcTemplate               : Executing prepared SQL statement [    select count(*)
    from information_schema.tables
    where lower(table_schema) = ?
      and lower(table_name) = ?
]
2026-06-03 21:32:10.597 DEBUG [trace:] [event:] [module:] --- [   scheduling-1] o.s.jdbc.core.JdbcTemplate               : Executing prepared SQL update
2026-06-03 21:32:10.597 DEBUG [trace:] [event:] [module:] --- [   scheduling-1] o.s.jdbc.core.JdbcTemplate               : Executing prepared SQL statement [delete from analytics.filter_attr_value_day where day_start < ?]
2026-06-03 21:32:10.598 DEBUG [trace:] [event:] [module:] --- [   scheduling-1] o.s.jdbc.core.JdbcTemplate               : Executing prepared SQL query
2026-06-03 21:32:10.598 DEBUG [trace:] [event:] [module:] --- [   scheduling-1] o.s.jdbc.core.JdbcTemplate               : Executing prepared SQL statement [select to_regclass(?) is not null]
2026-06-03 21:32:10.598 DEBUG [trace:] [event:] [module:] --- [   scheduling-1] o.s.jdbc.core.JdbcTemplate               : Executing prepared SQL query
2026-06-03 21:32:10.598 DEBUG [trace:] [event:] [module:] --- [   scheduling-1] o.s.jdbc.core.JdbcTemplate               : Executing prepared SQL statement [select to_regclass(?) is not null]
2026-06-03 21:32:10.599 DEBUG [trace:] [event:] [module:] --- [   scheduling-1] o.s.jdbc.core.JdbcTemplate               : Executing prepared SQL update
2026-06-03 21:32:10.599 DEBUG [trace:] [event:] [module:] --- [   scheduling-1] o.s.jdbc.core.JdbcTemplate               : Executing prepared SQL statement [delete from analytics.filter_event_type_day where day_start >= ?]
2026-06-03 21:32:10.599 DEBUG [trace:] [event:] [module:] --- [   scheduling-1] o.s.jdbc.core.JdbcTemplate               : Executing prepared SQL update
2026-06-03 21:32:10.599 DEBUG [trace:] [event:] [module:] --- [   scheduling-1] o.s.jdbc.core.JdbcTemplate               : Executing prepared SQL statement [delete from analytics.filter_attr_value_day where day_start >= ?]
2026-06-03 21:32:10.639 DEBUG [trace:] [event:] [module:] --- [   scheduling-1] o.s.jdbc.core.JdbcTemplate               : Executing prepared SQL update
2026-06-03 21:32:10.639 DEBUG [trace:] [event:] [module:] --- [   scheduling-1] o.s.jdbc.core.JdbcTemplate               : Executing prepared SQL statement [    insert into analytics.filter_event_type_day (
        day_start,
        module_code,
        event_type_code,
        sample_count
    )
    select
        (e.started_at at time zone 'UTC')::date as day_start,
        e.module_code,
        e.event_type_code,
        count(*) as sample_count
    from analytics.event e
    where e.started_at >= ?
      and e.module_code is not null
      and e.event_type_code is not null
    group by 1, 2, 3
]
2026-06-03 21:32:10.659 DEBUG [trace:] [event:] [module:] --- [   scheduling-1] o.s.jdbc.core.JdbcTemplate               : Executing prepared SQL update
2026-06-03 21:32:10.659 DEBUG [trace:] [event:] [module:] --- [   scheduling-1] o.s.jdbc.core.JdbcTemplate               : Executing prepared SQL statement [    insert into analytics.filter_attr_value_day (
        day_start,
        module_code,
        event_type_code,
        attribute_type_code,
        attribute_value,
        sample_count
    )
    select
        (e.started_at at time zone 'UTC')::date as day_start,
        e.module_code,
        e.event_type_code,
        a.attribute_type_code,
        left(trim(coalesce(nullif(a.attr_value, ''), nullif(a.attr_value_json, ''))), 255) as attribute_value,
        count(*) as sample_count
    from analytics.event_attribute a
    join analytics.event e on e.id = a.event_id
    where e.started_at >= ?
      and e.module_code is not null
      and e.event_type_code is not null
      and a.attribute_type_code is not null
      and trim(coalesce(nullif(a.attr_value, ''), nullif(a.attr_value_json, ''))) <> ''
    group by 1, 2, 3, 4, 5
]
2026-06-03 21:32:11.059 DEBUG [trace:] [event:] [module:] --- [  restartedMain] o.s.jdbc.core.JdbcTemplate               : Executing prepared SQL update
2026-06-03 21:32:11.059 DEBUG [trace:] [event:] [module:] --- [  restartedMain] o.s.jdbc.core.JdbcTemplate               : Executing prepared SQL statement [    insert into analytics.time_rollup_watermark (
        scope_code,
        granularity_minutes,
        watermark_at,
        updated_at
    )
    values (
        ?,
        ?,
        ?,
        now()
    )
    on conflict (scope_code, granularity_minutes)
    do update set
        watermark_at = excluded.watermark_at,
        updated_at = now()
]
2026-06-03 21:32:11.059 DEBUG [trace:] [event:] [module:] --- [  restartedMain] o.s.jdbc.core.JdbcTemplate               : Executing prepared SQL query
2026-06-03 21:32:11.059 DEBUG [trace:] [event:] [module:] --- [  restartedMain] o.s.jdbc.core.JdbcTemplate               : Executing prepared SQL statement [    select watermark_at
    from analytics.time_rollup_watermark
    where scope_code = ?
      and granularity_minutes = ?
]
2026-06-03 21:32:11.059 DEBUG [trace:] [event:] [module:] --- [  restartedMain] o.s.jdbc.core.JdbcTemplate               : Executing prepared SQL update
2026-06-03 21:32:11.059 DEBUG [trace:] [event:] [module:] --- [  restartedMain] o.s.jdbc.core.JdbcTemplate               : Executing prepared SQL statement [    delete from analytics.stage_metric_rollup_bucket
    where granularity_minutes = ?
      and bucket_start >= ?
      and bucket_start < ?
]
2026-06-03 21:32:11.059 DEBUG [trace:] [event:] [module:] --- [  restartedMain] o.s.jdbc.core.JdbcTemplate               : Executing prepared SQL update
2026-06-03 21:32:11.059 DEBUG [trace:] [event:] [module:] --- [  restartedMain] o.s.jdbc.core.JdbcTemplate               : Executing prepared SQL statement [    insert into analytics.stage_metric_rollup_bucket (
        bucket_start,
        granularity_minutes,
        module_code,
        event_type_code,
        stage_type_code,
        metric_type_code,
        unit,
        sample_count,
        numeric_count,
        numeric_sum,
        p95_value,
        min_value,
        max_value
    )
    select
        date_bin(
            (? || ' minutes')::interval,
            sm.recorded_at,
            ?
        ) as bucket_start,
        ? as granularity_minutes,
        coalesce(e.module_code, ?) as module_code,
        e.event_type_code,
        s.stage_type_code,
        sm.metric_type_code,
        min(nullif(trim(sm.unit), '')) as unit,
        count(*) as sample_count,
        count(sm.metric_value_num) as numeric_count,
        coalesce(sum(sm.metric_value_num), 0)::numeric(20, 3) as numeric_sum,
        coalesce(
            percentile_cont(0.95) within group (order by sm.metric_value_num)
                filter (where sm.metric_value_num is not null),
            0
        )::numeric(20, 3) as p95_value,
        min(sm.metric_value_num) as min_value,
        max(sm.metric_value_num) as max_value
    from analytics.stage_metric sm
    join analytics.stage s on s.id = sm.stage_id
    join analytics.event e on e.id = s.event_id
    where sm.recorded_at >= ?
      and sm.recorded_at < ?
      and e.event_type_code is not null
      and s.stage_type_code is not null
      and sm.metric_type_code is not null
    group by 1, 3, 4, 5, 6
    on conflict (
        bucket_start,
        granularity_minutes,
        module_code,
        event_type_code,
        stage_type_code,
        metric_type_code
    )
    do update set
        unit = excluded.unit,
        sample_count = excluded.sample_count,
        numeric_count = excluded.numeric_count,
        numeric_sum = excluded.numeric_sum,
        p95_value = excluded.p95_value,
        min_value = excluded.min_value,
        max_value = excluded.max_value
]
2026-06-03 21:32:11.505 DEBUG [trace:] [event:] [module:] --- [  restartedMain] o.s.jdbc.core.JdbcTemplate               : Executing prepared SQL update
2026-06-03 21:32:11.505 DEBUG [trace:] [event:] [module:] --- [  restartedMain] o.s.jdbc.core.JdbcTemplate               : Executing prepared SQL statement [    insert into analytics.time_rollup_watermark (
        scope_code,
        granularity_minutes,
        watermark_at,
        updated_at
    )
    values (
        ?,
        ?,
        ?,
        now()
    )
    on conflict (scope_code, granularity_minutes)
    do update set
        watermark_at = excluded.watermark_at,
        updated_at = now()
]
2026-06-03 21:32:11.506 DEBUG [trace:] [event:] [module:] --- [  restartedMain] o.s.jdbc.core.JdbcTemplate               : Executing prepared SQL query
2026-06-03 21:32:11.506 DEBUG [trace:] [event:] [module:] --- [  restartedMain] o.s.jdbc.core.JdbcTemplate               : Executing prepared SQL statement [    select watermark_at
    from analytics.time_rollup_watermark
    where scope_code = ?
      and granularity_minutes = ?
]
2026-06-03 21:32:11.506 DEBUG [trace:] [event:] [module:] --- [  restartedMain] o.s.jdbc.core.JdbcTemplate               : Executing prepared SQL update
2026-06-03 21:32:11.506 DEBUG [trace:] [event:] [module:] --- [  restartedMain] o.s.jdbc.core.JdbcTemplate               : Executing prepared SQL statement [    delete from analytics.stage_metric_rollup_bucket
    where granularity_minutes = ?
      and bucket_start >= ?
      and bucket_start < ?
]
2026-06-03 21:32:11.506 DEBUG [trace:] [event:] [module:] --- [  restartedMain] o.s.jdbc.core.JdbcTemplate               : Executing prepared SQL update
2026-06-03 21:32:11.506 DEBUG [trace:] [event:] [module:] --- [  restartedMain] o.s.jdbc.core.JdbcTemplate               : Executing prepared SQL statement [    insert into analytics.stage_metric_rollup_bucket (
        bucket_start,
        granularity_minutes,
        module_code,
        event_type_code,
        stage_type_code,
        metric_type_code,
        unit,
        sample_count,
        numeric_count,
        numeric_sum,
        p95_value,
        min_value,
        max_value
    )
    select
        date_bin(
            (? || ' minutes')::interval,
            sm.recorded_at,
            ?
        ) as bucket_start,
        ? as granularity_minutes,
        coalesce(e.module_code, ?) as module_code,
        e.event_type_code,
        s.stage_type_code,
        sm.metric_type_code,
        min(nullif(trim(sm.unit), '')) as unit,
        count(*) as sample_count,
        count(sm.metric_value_num) as numeric_count,
        coalesce(sum(sm.metric_value_num), 0)::numeric(20, 3) as numeric_sum,
        coalesce(
            percentile_cont(0.95) within group (order by sm.metric_value_num)
                filter (where sm.metric_value_num is not null),
            0
        )::numeric(20, 3) as p95_value,
        min(sm.metric_value_num) as min_value,
        max(sm.metric_value_num) as max_value
    from analytics.stage_metric sm
    join analytics.stage s on s.id = sm.stage_id
    join analytics.event e on e.id = s.event_id
    where sm.recorded_at >= ?
      and sm.recorded_at < ?
      and e.event_type_code is not null
      and s.stage_type_code is not null
      and sm.metric_type_code is not null
    group by 1, 3, 4, 5, 6
    on conflict (
        bucket_start,
        granularity_minutes,
        module_code,
        event_type_code,
        stage_type_code,
        metric_type_code
    )
    do update set
        unit = excluded.unit,
        sample_count = excluded.sample_count,
        numeric_count = excluded.numeric_count,
        numeric_sum = excluded.numeric_sum,
        p95_value = excluded.p95_value,
        min_value = excluded.min_value,
        max_value = excluded.max_value
]
2026-06-03 21:32:11.986 DEBUG [trace:] [event:] [module:] --- [  restartedMain] o.s.jdbc.core.JdbcTemplate               : Executing prepared SQL update
2026-06-03 21:32:11.986 DEBUG [trace:] [event:] [module:] --- [  restartedMain] o.s.jdbc.core.JdbcTemplate               : Executing prepared SQL statement [    insert into analytics.time_rollup_watermark (
        scope_code,
        granularity_minutes,
        watermark_at,
        updated_at
    )
    values (
        ?,
        ?,
        ?,
        now()
    )
    on conflict (scope_code, granularity_minutes)
    do update set
        watermark_at = excluded.watermark_at,
        updated_at = now()
]
2026-06-03 21:32:11.987 DEBUG [trace:] [event:] [module:] --- [  restartedMain] o.s.jdbc.core.JdbcTemplate               : Executing prepared SQL query
2026-06-03 21:32:11.987 DEBUG [trace:] [event:] [module:] --- [  restartedMain] o.s.jdbc.core.JdbcTemplate               : Executing prepared SQL statement [    select watermark_at
    from analytics.time_rollup_watermark
    where scope_code = ?
      and granularity_minutes = ?
]
2026-06-03 21:32:11.987 DEBUG [trace:] [event:] [module:] --- [  restartedMain] o.s.jdbc.core.JdbcTemplate               : Executing prepared SQL update
2026-06-03 21:32:11.987 DEBUG [trace:] [event:] [module:] --- [  restartedMain] o.s.jdbc.core.JdbcTemplate               : Executing prepared SQL statement [    delete from analytics.stage_metric_rollup_bucket
    where granularity_minutes = ?
      and bucket_start >= ?
      and bucket_start < ?
]
2026-06-03 21:32:11.987 DEBUG [trace:] [event:] [module:] --- [  restartedMain] o.s.jdbc.core.JdbcTemplate               : Executing prepared SQL update
2026-06-03 21:32:11.987 DEBUG [trace:] [event:] [module:] --- [  restartedMain] o.s.jdbc.core.JdbcTemplate               : Executing prepared SQL statement [    insert into analytics.stage_metric_rollup_bucket (
        bucket_start,
        granularity_minutes,
        module_code,
        event_type_code,
        stage_type_code,
        metric_type_code,
        unit,
        sample_count,
        numeric_count,
        numeric_sum,
        p95_value,
        min_value,
        max_value
    )
    select
        date_bin(
            (? || ' minutes')::interval,
            sm.recorded_at,
            ?
        ) as bucket_start,
        ? as granularity_minutes,
        coalesce(e.module_code, ?) as module_code,
        e.event_type_code,
        s.stage_type_code,
        sm.metric_type_code,
        min(nullif(trim(sm.unit), '')) as unit,
        count(*) as sample_count,
        count(sm.metric_value_num) as numeric_count,
        coalesce(sum(sm.metric_value_num), 0)::numeric(20, 3) as numeric_sum,
        coalesce(
            percentile_cont(0.95) within group (order by sm.metric_value_num)
                filter (where sm.metric_value_num is not null),
            0
        )::numeric(20, 3) as p95_value,
        min(sm.metric_value_num) as min_value,
        max(sm.metric_value_num) as max_value
    from analytics.stage_metric sm
    join analytics.stage s on s.id = sm.stage_id
    join analytics.event e on e.id = s.event_id
    where sm.recorded_at >= ?
      and sm.recorded_at < ?
      and e.event_type_code is not null
      and s.stage_type_code is not null
      and sm.metric_type_code is not null
    group by 1, 3, 4, 5, 6
    on conflict (
        bucket_start,
        granularity_minutes,
        module_code,
        event_type_code,
        stage_type_code,
        metric_type_code
    )
    do update set
        unit = excluded.unit,
        sample_count = excluded.sample_count,
        numeric_count = excluded.numeric_count,
        numeric_sum = excluded.numeric_sum,
        p95_value = excluded.p95_value,
        min_value = excluded.min_value,
        max_value = excluded.max_value
]
2026-06-03 21:32:17.605 DEBUG [trace:] [event:] [module:] --- [  restartedMain] o.s.jdbc.core.JdbcTemplate               : Executing prepared SQL update
2026-06-03 21:32:17.605 DEBUG [trace:] [event:] [module:] --- [  restartedMain] o.s.jdbc.core.JdbcTemplate               : Executing prepared SQL statement [    insert into analytics.time_rollup_watermark (
        scope_code,
        granularity_minutes,
        watermark_at,
        updated_at
    )
    values (
        ?,
        ?,
        ?,
        now()
    )
    on conflict (scope_code, granularity_minutes)
    do update set
        watermark_at = excluded.watermark_at,
        updated_at = now()
]
2026-06-03 21:32:17.607 DEBUG [trace:] [event:] [module:] --- [  restartedMain] o.s.jdbc.core.JdbcTemplate               : Executing prepared SQL query
2026-06-03 21:32:17.607 DEBUG [trace:] [event:] [module:] --- [  restartedMain] o.s.jdbc.core.JdbcTemplate               : Executing prepared SQL statement [    select count(*)
    from INFORMATION_SCHEMA.TABLES
    where lower(table_schema) = ?
      and lower(table_name) = ?
]
2026-06-03 21:32:17.609 DEBUG [trace:] [event:] [module:] --- [  restartedMain] o.s.jdbc.core.JdbcTemplate               : Executing prepared SQL query
2026-06-03 21:32:17.609 DEBUG [trace:] [event:] [module:] --- [  restartedMain] o.s.jdbc.core.JdbcTemplate               : Executing prepared SQL statement [select setting_key, setting_value from analytics.runtime_setting]
2026-06-03 21:32:17.609 DEBUG [trace:] [event:] [module:] --- [  restartedMain] o.s.jdbc.core.JdbcTemplate               : Executing prepared SQL query
2026-06-03 21:32:17.610 DEBUG [trace:] [event:] [module:] --- [  restartedMain] o.s.jdbc.core.JdbcTemplate               : Executing prepared SQL statement [select to_regclass(?) is not null]
2026-06-03 21:32:17.610 DEBUG [trace:] [event:] [module:] --- [  restartedMain] o.s.jdbc.core.JdbcTemplate               : Executing prepared SQL query
2026-06-03 21:32:17.610 DEBUG [trace:] [event:] [module:] --- [  restartedMain] o.s.jdbc.core.JdbcTemplate               : Executing prepared SQL statement [select to_regclass(?) is not null]
2026-06-03 21:32:17.610 DEBUG [trace:] [event:] [module:] --- [  restartedMain] o.s.jdbc.core.JdbcTemplate               : Executing prepared SQL query
2026-06-03 21:32:17.610 DEBUG [trace:] [event:] [module:] --- [  restartedMain] o.s.jdbc.core.JdbcTemplate               : Executing prepared SQL statement [select to_regclass(?) is not null]
2026-06-03 21:32:17.610 DEBUG [trace:] [event:] [module:] --- [  restartedMain] o.s.jdbc.core.JdbcTemplate               : Executing prepared SQL query
2026-06-03 21:32:17.610 DEBUG [trace:] [event:] [module:] --- [  restartedMain] o.s.jdbc.core.JdbcTemplate               : Executing prepared SQL statement [    select watermark_at
    from analytics.time_rollup_watermark
    where scope_code = ?
      and granularity_minutes = ?
]
2026-06-03 21:32:17.610 DEBUG [trace:] [event:] [module:] --- [  restartedMain] o.s.jdbc.core.JdbcTemplate               : Executing prepared SQL update
2026-06-03 21:32:17.610 DEBUG [trace:] [event:] [module:] --- [  restartedMain] o.s.jdbc.core.JdbcTemplate               : Executing prepared SQL statement [    delete from analytics.event_rollup_bucket
    where granularity_minutes = ?
      and bucket_start >= ?
      and bucket_start < ?
]
2026-06-03 21:32:17.611 DEBUG [trace:] [event:] [module:] --- [  restartedMain] o.s.jdbc.core.JdbcTemplate               : Executing prepared SQL update
2026-06-03 21:32:17.611 DEBUG [trace:] [event:] [module:] --- [  restartedMain] o.s.jdbc.core.JdbcTemplate               : Executing prepared SQL statement [    insert into analytics.event_rollup_bucket (
        bucket_start,
        granularity_minutes,
        module_code,
        event_type_code,
        sample_count,
        error_count,
        duration_sum,
        avg_ms,
        p95_ms,
        p99_ms,
        max_ms
    )
    select
        date_bin(
            (? || ' minutes')::interval,
            e.started_at,
            ?
        ) as bucket_start,
        ? as granularity_minutes,
        coalesce(e.module_code, ?) as module_code,
        e.event_type_code,
        count(*) as sample_count,
        sum(case when e.is_error then 1 else 0 end) as error_count,
        sum(case when e.duration_ms is null or e.duration_ms < 0 then 0 else e.duration_ms end) as duration_sum,
        coalesce(avg(case when e.duration_ms is null or e.duration_ms < 0 then 0 else e.duration_ms end)::numeric, 0)::numeric(12, 3) as avg_ms,
        coalesce(percentile_cont(0.95) within group (order by (case when e.duration_ms is null or e.duration_ms < 0 then 0 else e.duration_ms end)::numeric), 0)::numeric(12, 3) as p95_ms,
        coalesce(percentile_cont(0.99) within group (order by (case when e.duration_ms is null or e.duration_ms < 0 then 0 else e.duration_ms end)::numeric), 0)::numeric(12, 3) as p99_ms,
        coalesce(max(case when e.duration_ms is null or e.duration_ms < 0 then 0 else e.duration_ms end)::numeric, 0)::numeric(12, 3) as max_ms
    from analytics.event e
    where e.started_at >= ?
      and e.started_at < ?
      and e.event_type_code is not null
    group by 1, 3, 4
    on conflict (bucket_start, granularity_minutes, module_code, event_type_code)
    do update set
        sample_count = excluded.sample_count,
        error_count = excluded.error_count,
        duration_sum = excluded.duration_sum,
        avg_ms = excluded.avg_ms,
        p95_ms = excluded.p95_ms,
        p99_ms = excluded.p99_ms,
        max_ms = excluded.max_ms
]
2026-06-03 21:32:17.612 DEBUG [trace:] [event:] [module:] --- [  restartedMain] o.s.jdbc.core.JdbcTemplate               : Executing prepared SQL update
2026-06-03 21:32:17.612 DEBUG [trace:] [event:] [module:] --- [  restartedMain] o.s.jdbc.core.JdbcTemplate               : Executing prepared SQL statement [    insert into analytics.time_rollup_watermark (
        scope_code,
        granularity_minutes,
        watermark_at,
        updated_at
    )
    values (
        ?,
        ?,
        ?,
        now()
    )
    on conflict (scope_code, granularity_minutes)
    do update set
        watermark_at = excluded.watermark_at,
        updated_at = now()
]
2026-06-03 21:32:17.613 DEBUG [trace:] [event:] [module:] --- [  restartedMain] o.s.jdbc.core.JdbcTemplate               : Executing prepared SQL query
2026-06-03 21:32:17.613 DEBUG [trace:] [event:] [module:] --- [  restartedMain] o.s.jdbc.core.JdbcTemplate               : Executing prepared SQL statement [    select watermark_at
    from analytics.time_rollup_watermark
    where scope_code = ?
      and granularity_minutes = ?
]
2026-06-03 21:32:17.613 DEBUG [trace:] [event:] [module:] --- [  restartedMain] o.s.jdbc.core.JdbcTemplate               : Executing prepared SQL update
2026-06-03 21:32:17.613 DEBUG [trace:] [event:] [module:] --- [  restartedMain] o.s.jdbc.core.JdbcTemplate               : Executing prepared SQL statement [    delete from analytics.stage_rollup_bucket
    where granularity_minutes = ?
      and bucket_start >= ?
      and bucket_start < ?
]
2026-06-03 21:32:17.616 DEBUG [trace:] [event:] [module:] --- [  restartedMain] o.s.jdbc.core.JdbcTemplate               : Executing prepared SQL update
2026-06-03 21:32:17.616 DEBUG [trace:] [event:] [module:] --- [  restartedMain] o.s.jdbc.core.JdbcTemplate               : Executing prepared SQL statement [    insert into analytics.stage_rollup_bucket (
        bucket_start,
        granularity_minutes,
        module_code,
        event_type_code,
        stage_type_code,
        sample_count,
        error_count,
        duration_sum,
        avg_ms,
        p95_ms,
        p99_ms,
        max_ms
    )
    select
        date_bin(
            (? || ' minutes')::interval,
            s.started_at,
            ?
        ) as bucket_start,
        ? as granularity_minutes,
        coalesce(e.module_code, ?) as module_code,
        e.event_type_code,
        s.stage_type_code,
        count(*) as sample_count,
        sum(case when s.is_error then 1 else 0 end) as error_count,
        sum(case when s.duration_ms is null or s.duration_ms < 0 then 0 else s.duration_ms end) as duration_sum,
        coalesce(avg(case when s.duration_ms is null or s.duration_ms < 0 then 0 else s.duration_ms end)::numeric, 0)::numeric(12, 3) as avg_ms,
        coalesce(percentile_cont(0.95) within group (order by (case when s.duration_ms is null or s.duration_ms < 0 then 0 else s.duration_ms end)::numeric), 0)::numeric(12, 3) as p95_ms,
        coalesce(percentile_cont(0.99) within group (order by (case when s.duration_ms is null or s.duration_ms < 0 then 0 else s.duration_ms end)::numeric), 0)::numeric(12, 3) as p99_ms,
        coalesce(max(case when s.duration_ms is null or s.duration_ms < 0 then 0 else s.duration_ms end)::numeric, 0)::numeric(12, 3) as max_ms
    from analytics.stage s
    join analytics.event e on e.id = s.event_id
    where s.started_at >= ?
      and s.started_at < ?
      and e.event_type_code is not null
      and s.stage_type_code is not null
    group by 1, 3, 4, 5
    on conflict (bucket_start, granularity_minutes, module_code, event_type_code, stage_type_code)
    do update set
        sample_count = excluded.sample_count,
        error_count = excluded.error_count,
        duration_sum = excluded.duration_sum,
        avg_ms = excluded.avg_ms,
        p95_ms = excluded.p95_ms,
        p99_ms = excluded.p99_ms,
        max_ms = excluded.max_ms
]
2026-06-03 21:32:18.031 DEBUG [trace:] [event:] [module:] --- [  restartedMain] o.s.jdbc.core.JdbcTemplate               : Executing prepared SQL update
2026-06-03 21:32:18.031 DEBUG [trace:] [event:] [module:] --- [  restartedMain] o.s.jdbc.core.JdbcTemplate               : Executing prepared SQL statement [    insert into analytics.time_rollup_watermark (
        scope_code,
        granularity_minutes,
        watermark_at,
        updated_at
    )
    values (
        ?,
        ?,
        ?,
        now()
    )
    on conflict (scope_code, granularity_minutes)
    do update set
        watermark_at = excluded.watermark_at,
        updated_at = now()
]
2026-06-03 21:32:18.031 DEBUG [trace:] [event:] [module:] --- [  restartedMain] o.s.jdbc.core.JdbcTemplate               : Executing prepared SQL query
2026-06-03 21:32:18.031 DEBUG [trace:] [event:] [module:] --- [  restartedMain] o.s.jdbc.core.JdbcTemplate               : Executing prepared SQL statement [    select watermark_at
    from analytics.time_rollup_watermark
    where scope_code = ?
      and granularity_minutes = ?
]
2026-06-03 21:32:18.031 DEBUG [trace:] [event:] [module:] --- [  restartedMain] o.s.jdbc.core.JdbcTemplate               : Executing prepared SQL update
2026-06-03 21:32:18.032 DEBUG [trace:] [event:] [module:] --- [  restartedMain] o.s.jdbc.core.JdbcTemplate               : Executing prepared SQL statement [    delete from analytics.event_rollup_bucket
    where granularity_minutes = ?
      and bucket_start >= ?
      and bucket_start < ?
]
2026-06-03 21:32:18.032 DEBUG [trace:] [event:] [module:] --- [  restartedMain] o.s.jdbc.core.JdbcTemplate               : Executing prepared SQL update
2026-06-03 21:32:18.032 DEBUG [trace:] [event:] [module:] --- [  restartedMain] o.s.jdbc.core.JdbcTemplate               : Executing prepared SQL statement [    insert into analytics.event_rollup_bucket (
        bucket_start,
        granularity_minutes,
        module_code,
        event_type_code,
        sample_count,
        error_count,
        duration_sum,
        avg_ms,
        p95_ms,
        p99_ms,
        max_ms
    )
    select
        date_bin(
            (? || ' minutes')::interval,
            e.started_at,
            ?
        ) as bucket_start,
        ? as granularity_minutes,
        coalesce(e.module_code, ?) as module_code,
        e.event_type_code,
        count(*) as sample_count,
        sum(case when e.is_error then 1 else 0 end) as error_count,
        sum(case when e.duration_ms is null or e.duration_ms < 0 then 0 else e.duration_ms end) as duration_sum,
        coalesce(avg(case when e.duration_ms is null or e.duration_ms < 0 then 0 else e.duration_ms end)::numeric, 0)::numeric(12, 3) as avg_ms,
        coalesce(percentile_cont(0.95) within group (order by (case when e.duration_ms is null or e.duration_ms < 0 then 0 else e.duration_ms end)::numeric), 0)::numeric(12, 3) as p95_ms,
        coalesce(percentile_cont(0.99) within group (order by (case when e.duration_ms is null or e.duration_ms < 0 then 0 else e.duration_ms end)::numeric), 0)::numeric(12, 3) as p99_ms,
        coalesce(max(case when e.duration_ms is null or e.duration_ms < 0 then 0 else e.duration_ms end)::numeric, 0)::numeric(12, 3) as max_ms
    from analytics.event e
    where e.started_at >= ?
      and e.started_at < ?
      and e.event_type_code is not null
    group by 1, 3, 4
    on conflict (bucket_start, granularity_minutes, module_code, event_type_code)
    do update set
        sample_count = excluded.sample_count,
        error_count = excluded.error_count,
        duration_sum = excluded.duration_sum,
        avg_ms = excluded.avg_ms,
        p95_ms = excluded.p95_ms,
        p99_ms = excluded.p99_ms,
        max_ms = excluded.max_ms
]
2026-06-03 21:32:18.032 DEBUG [trace:] [event:] [module:] --- [  restartedMain] o.s.jdbc.core.JdbcTemplate               : Executing prepared SQL update
2026-06-03 21:32:18.032 DEBUG [trace:] [event:] [module:] --- [  restartedMain] o.s.jdbc.core.JdbcTemplate               : Executing prepared SQL statement [    insert into analytics.time_rollup_watermark (
        scope_code,
        granularity_minutes,
        watermark_at,
        updated_at
    )
    values (
        ?,
        ?,
        ?,
        now()
    )
    on conflict (scope_code, granularity_minutes)
    do update set
        watermark_at = excluded.watermark_at,
        updated_at = now()
]
2026-06-03 21:32:18.033 DEBUG [trace:] [event:] [module:] --- [  restartedMain] o.s.jdbc.core.JdbcTemplate               : Executing prepared SQL query
2026-06-03 21:32:18.033 DEBUG [trace:] [event:] [module:] --- [  restartedMain] o.s.jdbc.core.JdbcTemplate               : Executing prepared SQL statement [    select watermark_at
    from analytics.time_rollup_watermark
    where scope_code = ?
      and granularity_minutes = ?
]
2026-06-03 21:32:18.033 DEBUG [trace:] [event:] [module:] --- [  restartedMain] o.s.jdbc.core.JdbcTemplate               : Executing prepared SQL update
2026-06-03 21:32:18.033 DEBUG [trace:] [event:] [module:] --- [  restartedMain] o.s.jdbc.core.JdbcTemplate               : Executing prepared SQL statement [    delete from analytics.stage_rollup_bucket
    where granularity_minutes = ?
      and bucket_start >= ?
      and bucket_start < ?
]
2026-06-03 21:32:18.033 DEBUG [trace:] [event:] [module:] --- [  restartedMain] o.s.jdbc.core.JdbcTemplate               : Executing prepared SQL update
2026-06-03 21:32:18.033 DEBUG [trace:] [event:] [module:] --- [  restartedMain] o.s.jdbc.core.JdbcTemplate               : Executing prepared SQL statement [    insert into analytics.stage_rollup_bucket (
        bucket_start,
        granularity_minutes,
        module_code,
        event_type_code,
        stage_type_code,
        sample_count,
        error_count,
        duration_sum,
        avg_ms,
        p95_ms,
        p99_ms,
        max_ms
    )
    select
        date_bin(
            (? || ' minutes')::interval,
            s.started_at,
            ?
        ) as bucket_start,
        ? as granularity_minutes,
        coalesce(e.module_code, ?) as module_code,
        e.event_type_code,
        s.stage_type_code,
        count(*) as sample_count,
        sum(case when s.is_error then 1 else 0 end) as error_count,
        sum(case when s.duration_ms is null or s.duration_ms < 0 then 0 else s.duration_ms end) as duration_sum,
        coalesce(avg(case when s.duration_ms is null or s.duration_ms < 0 then 0 else s.duration_ms end)::numeric, 0)::numeric(12, 3) as avg_ms,
        coalesce(percentile_cont(0.95) within group (order by (case when s.duration_ms is null or s.duration_ms < 0 then 0 else s.duration_ms end)::numeric), 0)::numeric(12, 3) as p95_ms,
        coalesce(percentile_cont(0.99) within group (order by (case when s.duration_ms is null or s.duration_ms < 0 then 0 else s.duration_ms end)::numeric), 0)::numeric(12, 3) as p99_ms,
        coalesce(max(case when s.duration_ms is null or s.duration_ms < 0 then 0 else s.duration_ms end)::numeric, 0)::numeric(12, 3) as max_ms
    from analytics.stage s
    join analytics.event e on e.id = s.event_id
    where s.started_at >= ?
      and s.started_at < ?
      and e.event_type_code is not null
      and s.stage_type_code is not null
    group by 1, 3, 4, 5
    on conflict (bucket_start, granularity_minutes, module_code, event_type_code, stage_type_code)
    do update set
        sample_count = excluded.sample_count,
        error_count = excluded.error_count,
        duration_sum = excluded.duration_sum,
        avg_ms = excluded.avg_ms,
        p95_ms = excluded.p95_ms,
        p99_ms = excluded.p99_ms,
        max_ms = excluded.max_ms
]
2026-06-03 21:32:18.452 DEBUG [trace:] [event:] [module:] --- [  restartedMain] o.s.jdbc.core.JdbcTemplate               : Executing prepared SQL update
2026-06-03 21:32:18.452 DEBUG [trace:] [event:] [module:] --- [  restartedMain] o.s.jdbc.core.JdbcTemplate               : Executing prepared SQL statement [    insert into analytics.time_rollup_watermark (
        scope_code,
        granularity_minutes,
        watermark_at,
        updated_at
    )
    values (
        ?,
        ?,
        ?,
        now()
    )
    on conflict (scope_code, granularity_minutes)
    do update set
        watermark_at = excluded.watermark_at,
        updated_at = now()
]
2026-06-03 21:32:18.453 DEBUG [trace:] [event:] [module:] --- [  restartedMain] o.s.jdbc.core.JdbcTemplate               : Executing prepared SQL query
2026-06-03 21:32:18.453 DEBUG [trace:] [event:] [module:] --- [  restartedMain] o.s.jdbc.core.JdbcTemplate               : Executing prepared SQL statement [    select watermark_at
    from analytics.time_rollup_watermark
    where scope_code = ?
      and granularity_minutes = ?
]
2026-06-03 21:32:18.453 DEBUG [trace:] [event:] [module:] --- [  restartedMain] o.s.jdbc.core.JdbcTemplate               : Executing prepared SQL update
2026-06-03 21:32:18.453 DEBUG [trace:] [event:] [module:] --- [  restartedMain] o.s.jdbc.core.JdbcTemplate               : Executing prepared SQL statement [    delete from analytics.event_rollup_bucket
    where granularity_minutes = ?
      and bucket_start >= ?
      and bucket_start < ?
]
2026-06-03 21:32:18.453 DEBUG [trace:] [event:] [module:] --- [  restartedMain] o.s.jdbc.core.JdbcTemplate               : Executing prepared SQL update
2026-06-03 21:32:18.453 DEBUG [trace:] [event:] [module:] --- [  restartedMain] o.s.jdbc.core.JdbcTemplate               : Executing prepared SQL statement [    insert into analytics.event_rollup_bucket (
        bucket_start,
        granularity_minutes,
        module_code,
        event_type_code,
        sample_count,
        error_count,
        duration_sum,
        avg_ms,
        p95_ms,
        p99_ms,
        max_ms
    )
    select
        date_bin(
            (? || ' minutes')::interval,
            e.started_at,
            ?
        ) as bucket_start,
        ? as granularity_minutes,
        coalesce(e.module_code, ?) as module_code,
        e.event_type_code,
        count(*) as sample_count,
        sum(case when e.is_error then 1 else 0 end) as error_count,
        sum(case when e.duration_ms is null or e.duration_ms < 0 then 0 else e.duration_ms end) as duration_sum,
        coalesce(avg(case when e.duration_ms is null or e.duration_ms < 0 then 0 else e.duration_ms end)::numeric, 0)::numeric(12, 3) as avg_ms,
        coalesce(percentile_cont(0.95) within group (order by (case when e.duration_ms is null or e.duration_ms < 0 then 0 else e.duration_ms end)::numeric), 0)::numeric(12, 3) as p95_ms,
        coalesce(percentile_cont(0.99) within group (order by (case when e.duration_ms is null or e.duration_ms < 0 then 0 else e.duration_ms end)::numeric), 0)::numeric(12, 3) as p99_ms,
        coalesce(max(case when e.duration_ms is null or e.duration_ms < 0 then 0 else e.duration_ms end)::numeric, 0)::numeric(12, 3) as max_ms
    from analytics.event e
    where e.started_at >= ?
      and e.started_at < ?
      and e.event_type_code is not null
    group by 1, 3, 4
    on conflict (bucket_start, granularity_minutes, module_code, event_type_code)
    do update set
        sample_count = excluded.sample_count,
        error_count = excluded.error_count,
        duration_sum = excluded.duration_sum,
        avg_ms = excluded.avg_ms,
        p95_ms = excluded.p95_ms,
        p99_ms = excluded.p99_ms,
        max_ms = excluded.max_ms
]
2026-06-03 21:32:18.454 DEBUG [trace:] [event:] [module:] --- [  restartedMain] o.s.jdbc.core.JdbcTemplate               : Executing prepared SQL update
2026-06-03 21:32:18.454 DEBUG [trace:] [event:] [module:] --- [  restartedMain] o.s.jdbc.core.JdbcTemplate               : Executing prepared SQL statement [    insert into analytics.time_rollup_watermark (
        scope_code,
        granularity_minutes,
        watermark_at,
        updated_at
    )
    values (
        ?,
        ?,
        ?,
        now()
    )
    on conflict (scope_code, granularity_minutes)
    do update set
        watermark_at = excluded.watermark_at,
        updated_at = now()
]
2026-06-03 21:32:18.455 DEBUG [trace:] [event:] [module:] --- [  restartedMain] o.s.jdbc.core.JdbcTemplate               : Executing prepared SQL query
2026-06-03 21:32:18.455 DEBUG [trace:] [event:] [module:] --- [  restartedMain] o.s.jdbc.core.JdbcTemplate               : Executing prepared SQL statement [    select watermark_at
    from analytics.time_rollup_watermark
    where scope_code = ?
      and granularity_minutes = ?
]
2026-06-03 21:32:18.455 DEBUG [trace:] [event:] [module:] --- [  restartedMain] o.s.jdbc.core.JdbcTemplate               : Executing prepared SQL update
2026-06-03 21:32:18.455 DEBUG [trace:] [event:] [module:] --- [  restartedMain] o.s.jdbc.core.JdbcTemplate               : Executing prepared SQL statement [    delete from analytics.stage_rollup_bucket
    where granularity_minutes = ?
      and bucket_start >= ?
      and bucket_start < ?
]
2026-06-03 21:32:18.456 DEBUG [trace:] [event:] [module:] --- [  restartedMain] o.s.jdbc.core.JdbcTemplate               : Executing prepared SQL update
2026-06-03 21:32:18.456 DEBUG [trace:] [event:] [module:] --- [  restartedMain] o.s.jdbc.core.JdbcTemplate               : Executing prepared SQL statement [    insert into analytics.stage_rollup_bucket (
        bucket_start,
        granularity_minutes,
        module_code,
        event_type_code,
        stage_type_code,
        sample_count,
        error_count,
        duration_sum,
        avg_ms,
        p95_ms,
        p99_ms,
        max_ms
    )
    select
        date_bin(
            (? || ' minutes')::interval,
            s.started_at,
            ?
        ) as bucket_start,
        ? as granularity_minutes,
        coalesce(e.module_code, ?) as module_code,
        e.event_type_code,
        s.stage_type_code,
        count(*) as sample_count,
        sum(case when s.is_error then 1 else 0 end) as error_count,
        sum(case when s.duration_ms is null or s.duration_ms < 0 then 0 else s.duration_ms end) as duration_sum,
        coalesce(avg(case when s.duration_ms is null or s.duration_ms < 0 then 0 else s.duration_ms end)::numeric, 0)::numeric(12, 3) as avg_ms,
        coalesce(percentile_cont(0.95) within group (order by (case when s.duration_ms is null or s.duration_ms < 0 then 0 else s.duration_ms end)::numeric), 0)::numeric(12, 3) as p95_ms,
        coalesce(percentile_cont(0.99) within group (order by (case when s.duration_ms is null or s.duration_ms < 0 then 0 else s.duration_ms end)::numeric), 0)::numeric(12, 3) as p99_ms,
        coalesce(max(case when s.duration_ms is null or s.duration_ms < 0 then 0 else s.duration_ms end)::numeric, 0)::numeric(12, 3) as max_ms
    from analytics.stage s
    join analytics.event e on e.id = s.event_id
    where s.started_at >= ?
      and s.started_at < ?
      and e.event_type_code is not null
      and s.stage_type_code is not null
    group by 1, 3, 4, 5
    on conflict (bucket_start, granularity_minutes, module_code, event_type_code, stage_type_code)
    do update set
        sample_count = excluded.sample_count,
        error_count = excluded.error_count,
        duration_sum = excluded.duration_sum,
        avg_ms = excluded.avg_ms,
        p95_ms = excluded.p95_ms,
        p99_ms = excluded.p99_ms,
        max_ms = excluded.max_ms
]
2026-06-03 21:32:18.890 DEBUG [trace:] [event:] [module:] --- [  restartedMain] o.s.jdbc.core.JdbcTemplate               : Executing prepared SQL update
2026-06-03 21:32:18.890 DEBUG [trace:] [event:] [module:] --- [  restartedMain] o.s.jdbc.core.JdbcTemplate               : Executing prepared SQL statement [    insert into analytics.time_rollup_watermark (
        scope_code,
        granularity_minutes,
        watermark_at,
        updated_at
    )
    values (
        ?,
        ?,
        ?,
        now()
    )
    on conflict (scope_code, granularity_minutes)
    do update set
        watermark_at = excluded.watermark_at,
        updated_at = now()
]
2026-06-03 21:32:18.890 DEBUG [trace:] [event:] [module:] --- [  restartedMain] o.s.jdbc.core.JdbcTemplate               : Executing prepared SQL query
2026-06-03 21:32:18.890 DEBUG [trace:] [event:] [module:] --- [  restartedMain] o.s.jdbc.core.JdbcTemplate               : Executing prepared SQL statement [    select watermark_at
    from analytics.time_rollup_watermark
    where scope_code = ?
      and granularity_minutes = ?
]
2026-06-03 21:32:18.890 DEBUG [trace:] [event:] [module:] --- [  restartedMain] o.s.jdbc.core.JdbcTemplate               : Executing prepared SQL update
2026-06-03 21:32:18.890 DEBUG [trace:] [event:] [module:] --- [  restartedMain] o.s.jdbc.core.JdbcTemplate               : Executing prepared SQL statement [    delete from analytics.event_rollup_bucket
    where granularity_minutes = ?
      and bucket_start >= ?
      and bucket_start < ?
]
2026-06-03 21:32:18.891 DEBUG [trace:] [event:] [module:] --- [  restartedMain] o.s.jdbc.core.JdbcTemplate               : Executing prepared SQL update
2026-06-03 21:32:18.891 DEBUG [trace:] [event:] [module:] --- [  restartedMain] o.s.jdbc.core.JdbcTemplate               : Executing prepared SQL statement [    insert into analytics.event_rollup_bucket (
        bucket_start,
        granularity_minutes,
        module_code,
        event_type_code,
        sample_count,
        error_count,
        duration_sum,
        avg_ms,
        p95_ms,
        p99_ms,
        max_ms
    )
    select
        date_bin(
            (? || ' minutes')::interval,
            e.started_at,
            ?
        ) as bucket_start,
        ? as granularity_minutes,
        coalesce(e.module_code, ?) as module_code,
        e.event_type_code,
        count(*) as sample_count,
        sum(case when e.is_error then 1 else 0 end) as error_count,
        sum(case when e.duration_ms is null or e.duration_ms < 0 then 0 else e.duration_ms end) as duration_sum,
        coalesce(avg(case when e.duration_ms is null or e.duration_ms < 0 then 0 else e.duration_ms end)::numeric, 0)::numeric(12, 3) as avg_ms,
        coalesce(percentile_cont(0.95) within group (order by (case when e.duration_ms is null or e.duration_ms < 0 then 0 else e.duration_ms end)::numeric), 0)::numeric(12, 3) as p95_ms,
        coalesce(percentile_cont(0.99) within group (order by (case when e.duration_ms is null or e.duration_ms < 0 then 0 else e.duration_ms end)::numeric), 0)::numeric(12, 3) as p99_ms,
        coalesce(max(case when e.duration_ms is null or e.duration_ms < 0 then 0 else e.duration_ms end)::numeric, 0)::numeric(12, 3) as max_ms
    from analytics.event e
    where e.started_at >= ?
      and e.started_at < ?
      and e.event_type_code is not null
    group by 1, 3, 4
    on conflict (bucket_start, granularity_minutes, module_code, event_type_code)
    do update set
        sample_count = excluded.sample_count,
        error_count = excluded.error_count,
        duration_sum = excluded.duration_sum,
        avg_ms = excluded.avg_ms,
        p95_ms = excluded.p95_ms,
        p99_ms = excluded.p99_ms,
        max_ms = excluded.max_ms
]
2026-06-03 21:32:18.900 DEBUG [trace:] [event:] [module:] --- [  restartedMain] o.s.jdbc.core.JdbcTemplate               : Executing prepared SQL update
2026-06-03 21:32:18.901 DEBUG [trace:] [event:] [module:] --- [  restartedMain] o.s.jdbc.core.JdbcTemplate               : Executing prepared SQL statement [    insert into analytics.time_rollup_watermark (
        scope_code,
        granularity_minutes,
        watermark_at,
        updated_at
    )
    values (
        ?,
        ?,
        ?,
        now()
    )
    on conflict (scope_code, granularity_minutes)
    do update set
        watermark_at = excluded.watermark_at,
        updated_at = now()
]
2026-06-03 21:32:18.901 DEBUG [trace:] [event:] [module:] --- [  restartedMain] o.s.jdbc.core.JdbcTemplate               : Executing prepared SQL query
2026-06-03 21:32:18.901 DEBUG [trace:] [event:] [module:] --- [  restartedMain] o.s.jdbc.core.JdbcTemplate               : Executing prepared SQL statement [    select watermark_at
    from analytics.time_rollup_watermark
    where scope_code = ?
      and granularity_minutes = ?
]
2026-06-03 21:32:18.901 DEBUG [trace:] [event:] [module:] --- [  restartedMain] o.s.jdbc.core.JdbcTemplate               : Executing prepared SQL update
2026-06-03 21:32:18.901 DEBUG [trace:] [event:] [module:] --- [  restartedMain] o.s.jdbc.core.JdbcTemplate               : Executing prepared SQL statement [    delete from analytics.stage_rollup_bucket
    where granularity_minutes = ?
      and bucket_start >= ?
      and bucket_start < ?
]
2026-06-03 21:32:18.902 DEBUG [trace:] [event:] [module:] --- [  restartedMain] o.s.jdbc.core.JdbcTemplate               : Executing prepared SQL update
2026-06-03 21:32:18.902 DEBUG [trace:] [event:] [module:] --- [  restartedMain] o.s.jdbc.core.JdbcTemplate               : Executing prepared SQL statement [    insert into analytics.stage_rollup_bucket (
        bucket_start,
        granularity_minutes,
        module_code,
        event_type_code,
        stage_type_code,
        sample_count,
        error_count,
        duration_sum,
        avg_ms,
        p95_ms,
        p99_ms,
        max_ms
    )
    select
        date_bin(
            (? || ' minutes')::interval,
            s.started_at,
            ?
        ) as bucket_start,
        ? as granularity_minutes,
        coalesce(e.module_code, ?) as module_code,
        e.event_type_code,
        s.stage_type_code,
        count(*) as sample_count,
        sum(case when s.is_error then 1 else 0 end) as error_count,
        sum(case when s.duration_ms is null or s.duration_ms < 0 then 0 else s.duration_ms end) as duration_sum,
        coalesce(avg(case when s.duration_ms is null or s.duration_ms < 0 then 0 else s.duration_ms end)::numeric, 0)::numeric(12, 3) as avg_ms,
        coalesce(percentile_cont(0.95) within group (order by (case when s.duration_ms is null or s.duration_ms < 0 then 0 else s.duration_ms end)::numeric), 0)::numeric(12, 3) as p95_ms,
        coalesce(percentile_cont(0.99) within group (order by (case when s.duration_ms is null or s.duration_ms < 0 then 0 else s.duration_ms end)::numeric), 0)::numeric(12, 3) as p99_ms,
        coalesce(max(case when s.duration_ms is null or s.duration_ms < 0 then 0 else s.duration_ms end)::numeric, 0)::numeric(12, 3) as max_ms
    from analytics.stage s
    join analytics.event e on e.id = s.event_id
    where s.started_at >= ?
      and s.started_at < ?
      and e.event_type_code is not null
      and s.stage_type_code is not null
    group by 1, 3, 4, 5
    on conflict (bucket_start, granularity_minutes, module_code, event_type_code, stage_type_code)
    do update set
        sample_count = excluded.sample_count,
        error_count = excluded.error_count,
        duration_sum = excluded.duration_sum,
        avg_ms = excluded.avg_ms,
        p95_ms = excluded.p95_ms,
        p99_ms = excluded.p99_ms,
        max_ms = excluded.max_ms
]
2026-06-03 21:32:20.791 DEBUG [trace:] [event:] [module:] --- [  restartedMain] o.s.jdbc.core.JdbcTemplate               : Executing prepared SQL update
2026-06-03 21:32:20.791 DEBUG [trace:] [event:] [module:] --- [  restartedMain] o.s.jdbc.core.JdbcTemplate               : Executing prepared SQL statement [    insert into analytics.time_rollup_watermark (
        scope_code,
        granularity_minutes,
        watermark_at,
        updated_at
    )
    values (
        ?,
        ?,
        ?,
        now()
    )
    on conflict (scope_code, granularity_minutes)
    do update set
        watermark_at = excluded.watermark_at,
        updated_at = now()
]
2026-06-03 21:32:20.792 DEBUG [trace:] [event:] [module:] --- [  restartedMain] o.s.b.a.ApplicationAvailabilityBean      : Application availability state ReadinessState changed to ACCEPTING_TRAFFIC
2026-06-03 21:32:33.681  INFO [trace:] [event:] [module:] --- [nio-8080-exec-1] o.a.c.c.C.[Tomcat].[localhost].[/]       : Initializing Spring DispatcherServlet 'dispatcherServlet'
2026-06-03 21:32:33.681  INFO [trace:] [event:] [module:] --- [nio-8080-exec-1] o.s.web.servlet.DispatcherServlet        : Initializing Servlet 'dispatcherServlet'
2026-06-03 21:32:33.681 DEBUG [trace:] [event:] [module:] --- [nio-8080-exec-1] o.s.web.servlet.DispatcherServlet        : Detected StandardServletMultipartResolver
2026-06-03 21:32:33.681 DEBUG [trace:] [event:] [module:] --- [nio-8080-exec-1] o.s.web.servlet.DispatcherServlet        : Detected AcceptHeaderLocaleResolver
2026-06-03 21:32:33.683 DEBUG [trace:] [event:] [module:] --- [nio-8080-exec-1] o.s.web.servlet.DispatcherServlet        : Detected org.springframework.web.servlet.view.DefaultRequestToViewNameTranslator@ec74d9c
2026-06-03 21:32:33.683 DEBUG [trace:] [event:] [module:] --- [nio-8080-exec-1] o.s.web.servlet.DispatcherServlet        : Detected org.springframework.web.servlet.support.SessionFlashMapManager@c1d998f
2026-06-03 21:32:33.683 DEBUG [trace:] [event:] [module:] --- [nio-8080-exec-1] o.s.web.servlet.DispatcherServlet        : enableLoggingRequestDetails='false': request parameters and headers will be masked to prevent unsafe logging of potentially sensitive data
2026-06-03 21:32:33.683  INFO [trace:] [event:] [module:] --- [nio-8080-exec-1] o.s.web.servlet.DispatcherServlet        : Completed initialization in 2 ms
2026-06-03 21:32:33.698 DEBUG [trace:01d1d8969ac94c7bb7ca4ac803eccf1f] [event:] [module:SHOP] --- [nio-8080-exec-1] o.s.web.servlet.DispatcherServlet        : GET "/login", parameters={}
2026-06-03 21:32:33.709 DEBUG [trace:01d1d8969ac94c7bb7ca4ac803eccf1f] [event:] [module:SHOP] --- [nio-8080-exec-1] s.w.s.m.m.a.RequestMappingHandlerMapping : Mapped to com.example.gqw.shop.controller.AuthController#login()
2026-06-03 21:32:33.721 TRACE [trace:01d1d8969ac94c7bb7ca4ac803eccf1f] [event:] [module:SHOP] --- [nio-8080-exec-1] c.e.gqw.shop.service.CatalogService      : Method call details CatalogService.topCategories: layer=SERVICE, traceId='01d1d8969ac94c7bb7ca4ac803eccf1f', eventUid='', args=[]
2026-06-03 21:32:33.722 DEBUG [trace:01d1d8969ac94c7bb7ca4ac803eccf1f] [event:] [module:SHOP] --- [nio-8080-exec-1] c.e.gqw.shop.service.CatalogService      : Method started CatalogService.topCategories (operation='execute business operation', layer=SERVICE, traceId='01d1d8969ac94c7bb7ca4ac803eccf1f', eventUid='').
2026-06-03 21:32:33.726  INFO [trace:01d1d8969ac94c7bb7ca4ac803eccf1f] [event:] [module:SHOP] --- [nio-8080-exec-1] c.e.gqw.shop.service.CatalogService      : Method finished successfully CatalogService.topCategories: operation='execute business operation', layer=SERVICE, duration=4 ms, traceId='01d1d8969ac94c7bb7ca4ac803eccf1f', eventUid=''.
2026-06-03 21:32:33.726 DEBUG [trace:01d1d8969ac94c7bb7ca4ac803eccf1f] [event:] [module:SHOP] --- [nio-8080-exec-1] c.e.gqw.shop.service.CatalogService      : Method result CatalogService.topCategories: ArrayList([com.example.gqw.shop.entity.Category@30fa6db7, com.example.gqw.shop.entity.Category@1327d1c9, com.example.gqw.shop.entity.Category@6eb55618, com.example.gqw.shop.entity.Category@30ca95e8, com.example.gqw.shop.entity.Category@53bec193, com....)
2026-06-03 21:32:33.729 TRACE [trace:01d1d8969ac94c7bb7ca4ac803eccf1f] [event:] [module:SHOP] --- [nio-8080-exec-1] c.e.gqw.shop.service.CurrentUserService  : Method call details CurrentUserService.findCurrentUser: layer=SERVICE, traceId='01d1d8969ac94c7bb7ca4ac803eccf1f', eventUid='', args=[]
2026-06-03 21:32:33.729 DEBUG [trace:01d1d8969ac94c7bb7ca4ac803eccf1f] [event:] [module:SHOP] --- [nio-8080-exec-1] c.e.gqw.shop.service.CurrentUserService  : Method started CurrentUserService.findCurrentUser (operation='read data', layer=SERVICE, traceId='01d1d8969ac94c7bb7ca4ac803eccf1f', eventUid='').
2026-06-03 21:32:33.731  INFO [trace:01d1d8969ac94c7bb7ca4ac803eccf1f] [event:] [module:SHOP] --- [nio-8080-exec-1] c.e.gqw.shop.service.CurrentUserService  : Method finished successfully CurrentUserService.findCurrentUser: operation='read data', layer=SERVICE, duration=1 ms, traceId='01d1d8969ac94c7bb7ca4ac803eccf1f', eventUid=''.
2026-06-03 21:32:33.731 DEBUG [trace:01d1d8969ac94c7bb7ca4ac803eccf1f] [event:] [module:SHOP] --- [nio-8080-exec-1] c.e.gqw.shop.service.CurrentUserService  : Method result CurrentUserService.findCurrentUser: Optional(Optional.empty)
2026-06-03 21:32:33.731 TRACE [trace:01d1d8969ac94c7bb7ca4ac803eccf1f] [event:] [module:SHOP] --- [nio-8080-exec-1] c.e.gqw.shop.service.CurrentUserService  : Method call details CurrentUserService.findCurrentUser: layer=SERVICE, traceId='01d1d8969ac94c7bb7ca4ac803eccf1f', eventUid='', args=[]
2026-06-03 21:32:33.731 DEBUG [trace:01d1d8969ac94c7bb7ca4ac803eccf1f] [event:] [module:SHOP] --- [nio-8080-exec-1] c.e.gqw.shop.service.CurrentUserService  : Method started CurrentUserService.findCurrentUser (operation='read data', layer=SERVICE, traceId='01d1d8969ac94c7bb7ca4ac803eccf1f', eventUid='').
2026-06-03 21:32:33.731  INFO [trace:01d1d8969ac94c7bb7ca4ac803eccf1f] [event:] [module:SHOP] --- [nio-8080-exec-1] c.e.gqw.shop.service.CurrentUserService  : Method finished successfully CurrentUserService.findCurrentUser: operation='read data', layer=SERVICE, duration=0 ms, traceId='01d1d8969ac94c7bb7ca4ac803eccf1f', eventUid=''.
2026-06-03 21:32:33.731 DEBUG [trace:01d1d8969ac94c7bb7ca4ac803eccf1f] [event:] [module:SHOP] --- [nio-8080-exec-1] c.e.gqw.shop.service.CurrentUserService  : Method result CurrentUserService.findCurrentUser: Optional(Optional.empty)
2026-06-03 21:32:33.731 TRACE [trace:01d1d8969ac94c7bb7ca4ac803eccf1f] [event:] [module:SHOP] --- [nio-8080-exec-1] c.e.gqw.shop.service.CatalogService      : Method call details CatalogService.topCategories: layer=SERVICE, traceId='01d1d8969ac94c7bb7ca4ac803eccf1f', eventUid='', args=[]
2026-06-03 21:32:33.731 DEBUG [trace:01d1d8969ac94c7bb7ca4ac803eccf1f] [event:] [module:SHOP] --- [nio-8080-exec-1] c.e.gqw.shop.service.CatalogService      : Method started CatalogService.topCategories (operation='execute business operation', layer=SERVICE, traceId='01d1d8969ac94c7bb7ca4ac803eccf1f', eventUid='').
2026-06-03 21:32:33.732  INFO [trace:01d1d8969ac94c7bb7ca4ac803eccf1f] [event:] [module:SHOP] --- [nio-8080-exec-1] c.e.gqw.shop.service.CatalogService      : Method finished successfully CatalogService.topCategories: operation='execute business operation', layer=SERVICE, duration=0 ms, traceId='01d1d8969ac94c7bb7ca4ac803eccf1f', eventUid=''.
2026-06-03 21:32:33.732 DEBUG [trace:01d1d8969ac94c7bb7ca4ac803eccf1f] [event:] [module:SHOP] --- [nio-8080-exec-1] c.e.gqw.shop.service.CatalogService      : Method result CatalogService.topCategories: ArrayList([com.example.gqw.shop.entity.Category@30fa6db7, com.example.gqw.shop.entity.Category@1327d1c9, com.example.gqw.shop.entity.Category@6eb55618, com.example.gqw.shop.entity.Category@30ca95e8, com.example.gqw.shop.entity.Category@53bec193, com....)
2026-06-03 21:32:33.732 TRACE [trace:01d1d8969ac94c7bb7ca4ac803eccf1f] [event:] [module:SHOP] --- [nio-8080-exec-1] c.e.gqw.shop.service.CatalogService      : Method call details CatalogService.subcategoriesByParentId: layer=SERVICE, traceId='01d1d8969ac94c7bb7ca4ac803eccf1f', eventUid='', args=[ArrayList([com.example.gqw.shop.entity.Category@30fa6db7, com.example.gqw.shop.entity.Category@1327d1c9, com.example.gqw.shop.entity.Category@6eb55618, com.example.gqw.shop.entity.Category@30ca95e8, com.example.gqw.shop.entity.Category@53b...
2026-06-03 21:32:33.732 DEBUG [trace:01d1d8969ac94c7bb7ca4ac803eccf1f] [event:] [module:SHOP] --- [nio-8080-exec-1] c.e.gqw.shop.service.CatalogService      : Method started CatalogService.subcategoriesByParentId (operation='execute business operation', layer=SERVICE, traceId='01d1d8969ac94c7bb7ca4ac803eccf1f', eventUid='').
2026-06-03 21:32:33.738  INFO [trace:01d1d8969ac94c7bb7ca4ac803eccf1f] [event:] [module:SHOP] --- [nio-8080-exec-1] c.e.gqw.shop.service.CatalogService      : Method finished successfully CatalogService.subcategoriesByParentId: operation='execute business operation', layer=SERVICE, duration=6 ms, traceId='01d1d8969ac94c7bb7ca4ac803eccf1f', eventUid=''.
2026-06-03 21:32:33.739 DEBUG [trace:01d1d8969ac94c7bb7ca4ac803eccf1f] [event:] [module:SHOP] --- [nio-8080-exec-1] c.e.gqw.shop.service.CatalogService      : Method result CatalogService.subcategoriesByParentId: LinkedHashMap({1=[com.example.gqw.shop.entity.Category@21912e9e, com.example.gqw.shop.entity.Category@7218308], 2=[com.example.gqw.shop.entity.Category@1c998e29, com.example.gqw.shop.entity.Category@47206c3a], 3=[com.example.gqw.shop.entity.Category@6f6d...)
2026-06-03 21:32:33.750 TRACE [trace:01d1d8969ac94c7bb7ca4ac803eccf1f] [event:] [module:SHOP] --- [nio-8080-exec-1] c.example.gqw.shop.service.CartService   : Method call details CartService.items: layer=SERVICE, traceId='01d1d8969ac94c7bb7ca4ac803eccf1f', eventUid='', args=[String(6E8ADEEC08C60A2025514C0ACC6F2A61)]
2026-06-03 21:32:33.750 DEBUG [trace:01d1d8969ac94c7bb7ca4ac803eccf1f] [event:] [module:SHOP] --- [nio-8080-exec-1] c.example.gqw.shop.service.CartService   : Method started CartService.items (operation='read data', layer=SERVICE, traceId='01d1d8969ac94c7bb7ca4ac803eccf1f', eventUid='').
2026-06-03 21:32:33.750 TRACE [trace:01d1d8969ac94c7bb7ca4ac803eccf1f] [event:] [module:SHOP] --- [nio-8080-exec-1] c.e.gqw.shop.service.CurrentUserService  : Method call details CurrentUserService.findCurrentUser: layer=SERVICE, traceId='01d1d8969ac94c7bb7ca4ac803eccf1f', eventUid='', args=[]
2026-06-03 21:32:33.750 DEBUG [trace:01d1d8969ac94c7bb7ca4ac803eccf1f] [event:] [module:SHOP] --- [nio-8080-exec-1] c.e.gqw.shop.service.CurrentUserService  : Method started CurrentUserService.findCurrentUser (operation='read data', layer=SERVICE, traceId='01d1d8969ac94c7bb7ca4ac803eccf1f', eventUid='').
2026-06-03 21:32:33.750  INFO [trace:01d1d8969ac94c7bb7ca4ac803eccf1f] [event:] [module:SHOP] --- [nio-8080-exec-1] c.e.gqw.shop.service.CurrentUserService  : Method finished successfully CurrentUserService.findCurrentUser: operation='read data', layer=SERVICE, duration=0 ms, traceId='01d1d8969ac94c7bb7ca4ac803eccf1f', eventUid=''.
2026-06-03 21:32:33.750 DEBUG [trace:01d1d8969ac94c7bb7ca4ac803eccf1f] [event:] [module:SHOP] --- [nio-8080-exec-1] c.e.gqw.shop.service.CurrentUserService  : Method result CurrentUserService.findCurrentUser: Optional(Optional.empty)
2026-06-03 21:32:33.754  INFO [trace:01d1d8969ac94c7bb7ca4ac803eccf1f] [event:] [module:SHOP] --- [nio-8080-exec-1] c.example.gqw.shop.service.CartService   : Method finished successfully CartService.items: operation='read data', layer=SERVICE, duration=4 ms, traceId='01d1d8969ac94c7bb7ca4ac803eccf1f', eventUid=''.
2026-06-03 21:32:33.754 DEBUG [trace:01d1d8969ac94c7bb7ca4ac803eccf1f] [event:] [module:SHOP] --- [nio-8080-exec-1] c.example.gqw.shop.service.CartService   : Method result CartService.items: ArrayList([])
2026-06-03 21:32:33.756 TRACE [trace:01d1d8969ac94c7bb7ca4ac803eccf1f] [event:] [module:SHOP] --- [nio-8080-exec-1] c.e.gqw.shop.service.WishlistService     : Method call details WishlistService.items: layer=SERVICE, traceId='01d1d8969ac94c7bb7ca4ac803eccf1f', eventUid='', args=[String(6E8ADEEC08C60A2025514C0ACC6F2A61)]
2026-06-03 21:32:33.756 DEBUG [trace:01d1d8969ac94c7bb7ca4ac803eccf1f] [event:] [module:SHOP] --- [nio-8080-exec-1] c.e.gqw.shop.service.WishlistService     : Method started WishlistService.items (operation='read data', layer=SERVICE, traceId='01d1d8969ac94c7bb7ca4ac803eccf1f', eventUid='').
2026-06-03 21:32:33.756 TRACE [trace:01d1d8969ac94c7bb7ca4ac803eccf1f] [event:] [module:SHOP] --- [nio-8080-exec-1] c.e.gqw.shop.service.CurrentUserService  : Method call details CurrentUserService.findCurrentUser: layer=SERVICE, traceId='01d1d8969ac94c7bb7ca4ac803eccf1f', eventUid='', args=[]
2026-06-03 21:32:33.756 DEBUG [trace:01d1d8969ac94c7bb7ca4ac803eccf1f] [event:] [module:SHOP] --- [nio-8080-exec-1] c.e.gqw.shop.service.CurrentUserService  : Method started CurrentUserService.findCurrentUser (operation='read data', layer=SERVICE, traceId='01d1d8969ac94c7bb7ca4ac803eccf1f', eventUid='').
2026-06-03 21:32:33.756  INFO [trace:01d1d8969ac94c7bb7ca4ac803eccf1f] [event:] [module:SHOP] --- [nio-8080-exec-1] c.e.gqw.shop.service.CurrentUserService  : Method finished successfully CurrentUserService.findCurrentUser: operation='read data', layer=SERVICE, duration=0 ms, traceId='01d1d8969ac94c7bb7ca4ac803eccf1f', eventUid=''.
2026-06-03 21:32:33.756 DEBUG [trace:01d1d8969ac94c7bb7ca4ac803eccf1f] [event:] [module:SHOP] --- [nio-8080-exec-1] c.e.gqw.shop.service.CurrentUserService  : Method result CurrentUserService.findCurrentUser: Optional(Optional.empty)
2026-06-03 21:32:33.758  INFO [trace:01d1d8969ac94c7bb7ca4ac803eccf1f] [event:] [module:SHOP] --- [nio-8080-exec-1] c.e.gqw.shop.service.WishlistService     : Method finished successfully WishlistService.items: operation='read data', layer=SERVICE, duration=2 ms, traceId='01d1d8969ac94c7bb7ca4ac803eccf1f', eventUid=''.
2026-06-03 21:32:33.758 DEBUG [trace:01d1d8969ac94c7bb7ca4ac803eccf1f] [event:] [module:SHOP] --- [nio-8080-exec-1] c.e.gqw.shop.service.WishlistService     : Method result WishlistService.items: ListN([])
2026-06-03 21:32:33.759 TRACE [trace:01d1d8969ac94c7bb7ca4ac803eccf1f] [event:] [module:SHOP] --- [nio-8080-exec-1] c.e.gqw.shop.service.WishlistService     : Method call details WishlistService.count: layer=SERVICE, traceId='01d1d8969ac94c7bb7ca4ac803eccf1f', eventUid='', args=[String(6E8ADEEC08C60A2025514C0ACC6F2A61)]
2026-06-03 21:32:33.759 DEBUG [trace:01d1d8969ac94c7bb7ca4ac803eccf1f] [event:] [module:SHOP] --- [nio-8080-exec-1] c.e.gqw.shop.service.WishlistService     : Method started WishlistService.count (operation='count data', layer=SERVICE, traceId='01d1d8969ac94c7bb7ca4ac803eccf1f', eventUid='').
2026-06-03 21:32:33.759 TRACE [trace:01d1d8969ac94c7bb7ca4ac803eccf1f] [event:] [module:SHOP] --- [nio-8080-exec-1] c.e.gqw.shop.service.CurrentUserService  : Method call details CurrentUserService.findCurrentUser: layer=SERVICE, traceId='01d1d8969ac94c7bb7ca4ac803eccf1f', eventUid='', args=[]
2026-06-03 21:32:33.759 DEBUG [trace:01d1d8969ac94c7bb7ca4ac803eccf1f] [event:] [module:SHOP] --- [nio-8080-exec-1] c.e.gqw.shop.service.CurrentUserService  : Method started CurrentUserService.findCurrentUser (operation='read data', layer=SERVICE, traceId='01d1d8969ac94c7bb7ca4ac803eccf1f', eventUid='').
2026-06-03 21:32:33.759  INFO [trace:01d1d8969ac94c7bb7ca4ac803eccf1f] [event:] [module:SHOP] --- [nio-8080-exec-1] c.e.gqw.shop.service.CurrentUserService  : Method finished successfully CurrentUserService.findCurrentUser: operation='read data', layer=SERVICE, duration=0 ms, traceId='01d1d8969ac94c7bb7ca4ac803eccf1f', eventUid=''.
2026-06-03 21:32:33.759 DEBUG [trace:01d1d8969ac94c7bb7ca4ac803eccf1f] [event:] [module:SHOP] --- [nio-8080-exec-1] c.e.gqw.shop.service.CurrentUserService  : Method result CurrentUserService.findCurrentUser: Optional(Optional.empty)
2026-06-03 21:32:33.760  INFO [trace:01d1d8969ac94c7bb7ca4ac803eccf1f] [event:] [module:SHOP] --- [nio-8080-exec-1] c.e.gqw.shop.service.WishlistService     : Method finished successfully WishlistService.count: operation='count data', layer=SERVICE, duration=1 ms, traceId='01d1d8969ac94c7bb7ca4ac803eccf1f', eventUid=''.
2026-06-03 21:32:33.760 DEBUG [trace:01d1d8969ac94c7bb7ca4ac803eccf1f] [event:] [module:SHOP] --- [nio-8080-exec-1] c.e.gqw.shop.service.WishlistService     : Method result WishlistService.count: Integer(0)
2026-06-03 21:32:33.761 TRACE [trace:01d1d8969ac94c7bb7ca4ac803eccf1f] [event:] [module:SHOP] --- [nio-8080-exec-1] c.example.gqw.shop.service.CartService   : Method call details CartService.items: layer=SERVICE, traceId='01d1d8969ac94c7bb7ca4ac803eccf1f', eventUid='', args=[String(6E8ADEEC08C60A2025514C0ACC6F2A61)]
2026-06-03 21:32:33.761 DEBUG [trace:01d1d8969ac94c7bb7ca4ac803eccf1f] [event:] [module:SHOP] --- [nio-8080-exec-1] c.example.gqw.shop.service.CartService   : Method started CartService.items (operation='read data', layer=SERVICE, traceId='01d1d8969ac94c7bb7ca4ac803eccf1f', eventUid='').
2026-06-03 21:32:33.761 TRACE [trace:01d1d8969ac94c7bb7ca4ac803eccf1f] [event:] [module:SHOP] --- [nio-8080-exec-1] c.e.gqw.shop.service.CurrentUserService  : Method call details CurrentUserService.findCurrentUser: layer=SERVICE, traceId='01d1d8969ac94c7bb7ca4ac803eccf1f', eventUid='', args=[]
2026-06-03 21:32:33.761 DEBUG [trace:01d1d8969ac94c7bb7ca4ac803eccf1f] [event:] [module:SHOP] --- [nio-8080-exec-1] c.e.gqw.shop.service.CurrentUserService  : Method started CurrentUserService.findCurrentUser (operation='read data', layer=SERVICE, traceId='01d1d8969ac94c7bb7ca4ac803eccf1f', eventUid='').
2026-06-03 21:32:33.761  INFO [trace:01d1d8969ac94c7bb7ca4ac803eccf1f] [event:] [module:SHOP] --- [nio-8080-exec-1] c.e.gqw.shop.service.CurrentUserService  : Method finished successfully CurrentUserService.findCurrentUser: operation='read data', layer=SERVICE, duration=0 ms, traceId='01d1d8969ac94c7bb7ca4ac803eccf1f', eventUid=''.
2026-06-03 21:32:33.761 DEBUG [trace:01d1d8969ac94c7bb7ca4ac803eccf1f] [event:] [module:SHOP] --- [nio-8080-exec-1] c.e.gqw.shop.service.CurrentUserService  : Method result CurrentUserService.findCurrentUser: Optional(Optional.empty)
2026-06-03 21:32:33.761  INFO [trace:01d1d8969ac94c7bb7ca4ac803eccf1f] [event:] [module:SHOP] --- [nio-8080-exec-1] c.example.gqw.shop.service.CartService   : Method finished successfully CartService.items: operation='read data', layer=SERVICE, duration=0 ms, traceId='01d1d8969ac94c7bb7ca4ac803eccf1f', eventUid=''.
2026-06-03 21:32:33.761 DEBUG [trace:01d1d8969ac94c7bb7ca4ac803eccf1f] [event:] [module:SHOP] --- [nio-8080-exec-1] c.example.gqw.shop.service.CartService   : Method result CartService.items: ArrayList([])
2026-06-03 21:32:33.766 TRACE [trace:01d1d8969ac94c7bb7ca4ac803eccf1f] [event:] [module:SHOP] --- [nio-8080-exec-1] c.e.gqw.shop.service.CurrentUserService  : Method call details CurrentUserService.findCurrentUser: layer=SERVICE, traceId='01d1d8969ac94c7bb7ca4ac803eccf1f', eventUid='', args=[]
2026-06-03 21:32:33.766 DEBUG [trace:01d1d8969ac94c7bb7ca4ac803eccf1f] [event:] [module:SHOP] --- [nio-8080-exec-1] c.e.gqw.shop.service.CurrentUserService  : Method started CurrentUserService.findCurrentUser (operation='read data', layer=SERVICE, traceId='01d1d8969ac94c7bb7ca4ac803eccf1f', eventUid='').
2026-06-03 21:32:33.766  INFO [trace:01d1d8969ac94c7bb7ca4ac803eccf1f] [event:] [module:SHOP] --- [nio-8080-exec-1] c.e.gqw.shop.service.CurrentUserService  : Method finished successfully CurrentUserService.findCurrentUser: operation='read data', layer=SERVICE, duration=0 ms, traceId='01d1d8969ac94c7bb7ca4ac803eccf1f', eventUid=''.
2026-06-03 21:32:33.766 DEBUG [trace:01d1d8969ac94c7bb7ca4ac803eccf1f] [event:] [module:SHOP] --- [nio-8080-exec-1] c.e.gqw.shop.service.CurrentUserService  : Method result CurrentUserService.findCurrentUser: Optional(Optional.empty)
2026-06-03 21:32:33.819 TRACE [trace:01d1d8969ac94c7bb7ca4ac803eccf1f] [event:3702a4ab-98a7-40ab-aa54-e764c8456247] [module:SHOP] --- [nio-8080-exec-1] c.e.gqw.shop.controller.AuthController   : Method call details AuthController.login: layer=CONTROLLER, traceId='01d1d8969ac94c7bb7ca4ac803eccf1f', eventUid='3702a4ab-98a7-40ab-aa54-e764c8456247', args=[]
2026-06-03 21:32:33.819 DEBUG [trace:01d1d8969ac94c7bb7ca4ac803eccf1f] [event:3702a4ab-98a7-40ab-aa54-e764c8456247] [module:SHOP] --- [nio-8080-exec-1] c.e.gqw.shop.controller.AuthController   : Method started AuthController.login (operation='handle incoming request', layer=CONTROLLER, traceId='01d1d8969ac94c7bb7ca4ac803eccf1f', eventUid='3702a4ab-98a7-40ab-aa54-e764c8456247').
2026-06-03 21:32:33.820  INFO [trace:01d1d8969ac94c7bb7ca4ac803eccf1f] [event:3702a4ab-98a7-40ab-aa54-e764c8456247] [module:SHOP] --- [nio-8080-exec-1] c.e.gqw.shop.controller.AuthController   : Method finished successfully AuthController.login: operation='handle incoming request', layer=CONTROLLER, duration=0 ms, traceId='01d1d8969ac94c7bb7ca4ac803eccf1f', eventUid='3702a4ab-98a7-40ab-aa54-e764c8456247'.
2026-06-03 21:32:33.820 DEBUG [trace:01d1d8969ac94c7bb7ca4ac803eccf1f] [event:3702a4ab-98a7-40ab-aa54-e764c8456247] [module:SHOP] --- [nio-8080-exec-1] c.e.gqw.shop.controller.AuthController   : Method result AuthController.login: String(shop/login)
2026-06-03 21:32:33.846 DEBUG [trace:01d1d8969ac94c7bb7ca4ac803eccf1f] [event:] [module:SHOP] --- [nio-8080-exec-1] o.s.w.s.v.ContentNegotiatingViewResolver : Selected '*/*' given [*/*]
2026-06-03 21:32:34.055 DEBUG [trace:01d1d8969ac94c7bb7ca4ac803eccf1f] [event:] [module:SHOP] --- [nio-8080-exec-1] o.s.web.servlet.DispatcherServlet        : Completed 200 OK
2026-06-03 21:32:34.177  INFO [trace:63ebad3608b44730b25cab58eb2f0a3f] [event:] [module:SHOP] --- [nio-8080-exec-2] c.e.gqw.config.CustomUserDetailsService  : Method finished successfully CustomUserDetailsService.loadUserByUsername: operation='execute application operation', layer=UNKNOWN, duration=23 ms, traceId='63ebad3608b44730b25cab58eb2f0a3f', eventUid=''.
2026-06-03 21:32:34.246 TRACE [trace:63ebad3608b44730b25cab58eb2f0a3f] [event:] [module:SHOP] --- [nio-8080-exec-2] c.e.gqw.shop.service.CurrentUserService  : Method call details CurrentUserService.findCurrentUser: layer=SERVICE, traceId='63ebad3608b44730b25cab58eb2f0a3f', eventUid='', args=[]
2026-06-03 21:32:34.246 DEBUG [trace:63ebad3608b44730b25cab58eb2f0a3f] [event:] [module:SHOP] --- [nio-8080-exec-2] c.e.gqw.shop.service.CurrentUserService  : Method started CurrentUserService.findCurrentUser (operation='read data', layer=SERVICE, traceId='63ebad3608b44730b25cab58eb2f0a3f', eventUid='').
2026-06-03 21:32:34.247  INFO [trace:63ebad3608b44730b25cab58eb2f0a3f] [event:] [module:SHOP] --- [nio-8080-exec-2] c.e.gqw.shop.service.CurrentUserService  : Method finished successfully CurrentUserService.findCurrentUser: operation='read data', layer=SERVICE, duration=1 ms, traceId='63ebad3608b44730b25cab58eb2f0a3f', eventUid=''.
2026-06-03 21:32:34.247 DEBUG [trace:63ebad3608b44730b25cab58eb2f0a3f] [event:] [module:SHOP] --- [nio-8080-exec-2] c.e.gqw.shop.service.CurrentUserService  : Method result CurrentUserService.findCurrentUser: Optional(Optional[com.example.gqw.shop.entity.ShopUser@44a7be57])
2026-06-03 21:32:34.272 DEBUG [trace:4bed95cb69d247f099b5f08c4743a4cd] [event:] [module:ADMIN] --- [nio-8080-exec-4] o.s.web.servlet.DispatcherServlet        : GET "/admin", parameters={masked}
2026-06-03 21:32:34.276 DEBUG [trace:4bed95cb69d247f099b5f08c4743a4cd] [event:] [module:ADMIN] --- [nio-8080-exec-4] s.w.s.m.m.a.RequestMappingHandlerMapping : Mapped to com.example.gqw.admin.controller.AdminDashboardController#adminHome(LocalDate, LocalDate, String, Model)
2026-06-03 21:32:34.277 TRACE [trace:4bed95cb69d247f099b5f08c4743a4cd] [event:] [module:ADMIN] --- [nio-8080-exec-4] c.e.gqw.shop.service.CurrentUserService  : Method call details CurrentUserService.findCurrentUser: layer=SERVICE, traceId='4bed95cb69d247f099b5f08c4743a4cd', eventUid='', args=[]
2026-06-03 21:32:34.277 DEBUG [trace:4bed95cb69d247f099b5f08c4743a4cd] [event:] [module:ADMIN] --- [nio-8080-exec-4] c.e.gqw.shop.service.CurrentUserService  : Method started CurrentUserService.findCurrentUser (operation='read data', layer=SERVICE, traceId='4bed95cb69d247f099b5f08c4743a4cd', eventUid='').
2026-06-03 21:32:34.278  INFO [trace:4bed95cb69d247f099b5f08c4743a4cd] [event:] [module:ADMIN] --- [nio-8080-exec-4] c.e.gqw.shop.service.CurrentUserService  : Method finished successfully CurrentUserService.findCurrentUser: operation='read data', layer=SERVICE, duration=1 ms, traceId='4bed95cb69d247f099b5f08c4743a4cd', eventUid=''.
2026-06-03 21:32:34.278 DEBUG [trace:4bed95cb69d247f099b5f08c4743a4cd] [event:] [module:ADMIN] --- [nio-8080-exec-4] c.e.gqw.shop.service.CurrentUserService  : Method result CurrentUserService.findCurrentUser: Optional(Optional[com.example.gqw.shop.entity.ShopUser@70f33d26])
2026-06-03 21:32:34.305 TRACE [trace:4bed95cb69d247f099b5f08c4743a4cd] [event:22e57491-6949-4d1a-bc77-be80d51c0399] [module:ADMIN] --- [nio-8080-exec-4] c.e.g.a.c.AdminDashboardController       : Method call details AdminDashboardController.adminHome: layer=CONTROLLER, traceId='4bed95cb69d247f099b5f08c4743a4cd', eventUid='22e57491-6949-4d1a-bc77-be80d51c0399', args=[null, null, String, BindingAwareModelMap({})]
2026-06-03 21:32:34.305 DEBUG [trace:4bed95cb69d247f099b5f08c4743a4cd] [event:22e57491-6949-4d1a-bc77-be80d51c0399] [module:ADMIN] --- [nio-8080-exec-4] c.e.g.a.c.AdminDashboardController       : Method started AdminDashboardController.adminHome (operation='handle incoming request', layer=CONTROLLER, traceId='4bed95cb69d247f099b5f08c4743a4cd', eventUid='22e57491-6949-4d1a-bc77-be80d51c0399').
2026-06-03 21:32:34.307 TRACE [trace:4bed95cb69d247f099b5f08c4743a4cd] [event:22e57491-6949-4d1a-bc77-be80d51c0399] [module:ADMIN] --- [nio-8080-exec-4] c.e.gqw.admin.service.AdminService       : Method call details AdminService.orders: layer=SERVICE, traceId='4bed95cb69d247f099b5f08c4743a4cd', eventUid='22e57491-6949-4d1a-bc77-be80d51c0399', args=[]
2026-06-03 21:32:34.307 DEBUG [trace:4bed95cb69d247f099b5f08c4743a4cd] [event:22e57491-6949-4d1a-bc77-be80d51c0399] [module:ADMIN] --- [nio-8080-exec-4] c.e.gqw.admin.service.AdminService       : Method started AdminService.orders (operation='execute business operation', layer=SERVICE, traceId='4bed95cb69d247f099b5f08c4743a4cd', eventUid='22e57491-6949-4d1a-bc77-be80d51c0399').
2026-06-03 21:32:34.320  INFO [trace:4bed95cb69d247f099b5f08c4743a4cd] [event:22e57491-6949-4d1a-bc77-be80d51c0399] [module:ADMIN] --- [nio-8080-exec-4] analytics.db.stage                       : DB_STAGE_START stageId=6050980 method=ListCrudRepository.findAll traceId='4bed95cb69d247f099b5f08c4743a4cd' eventUid='22e57491-6949-4d1a-bc77-be80d51c0399'
2026-06-03 21:32:34.329  INFO [trace:4bed95cb69d247f099b5f08c4743a4cd] [event:22e57491-6949-4d1a-bc77-be80d51c0399] [module:ADMIN] --- [nio-8080-exec-4] jdk.proxy4.$Proxy180                     : Database call completed successfully ListCrudRepository.findAll: layer=DATABASE, stageId=6050980, durationMs=8, traceId='4bed95cb69d247f099b5f08c4743a4cd', eventUid='22e57491-6949-4d1a-bc77-be80d51c0399'.
2026-06-03 21:32:34.329  INFO [trace:4bed95cb69d247f099b5f08c4743a4cd] [event:22e57491-6949-4d1a-bc77-be80d51c0399] [module:ADMIN] --- [nio-8080-exec-4] analytics.db.stage                       : DB_STAGE_END stageId=6050980 method=ListCrudRepository.findAll durationMs=8 traceId='4bed95cb69d247f099b5f08c4743a4cd' eventUid='22e57491-6949-4d1a-bc77-be80d51c0399'
2026-06-03 21:32:34.330  INFO [trace:4bed95cb69d247f099b5f08c4743a4cd] [event:22e57491-6949-4d1a-bc77-be80d51c0399] [module:ADMIN] --- [nio-8080-exec-4] c.e.gqw.admin.service.AdminService       : Method finished successfully AdminService.orders: operation='execute business operation', layer=SERVICE, duration=22 ms, traceId='4bed95cb69d247f099b5f08c4743a4cd', eventUid='22e57491-6949-4d1a-bc77-be80d51c0399'.
2026-06-03 21:32:34.330 DEBUG [trace:4bed95cb69d247f099b5f08c4743a4cd] [event:22e57491-6949-4d1a-bc77-be80d51c0399] [module:ADMIN] --- [nio-8080-exec-4] c.e.gqw.admin.service.AdminService       : Method result AdminService.orders: ArrayList([com.example.gqw.shop.entity.ShopOrder@4743ca7b, com.example.gqw.shop.entity.ShopOrder@717aaafb, com.example.gqw.shop.entity.ShopOrder@4d93aa9a, com.example.gqw.shop.entity.ShopOrder@346ea906, com.example.gqw.shop.entity.ShopOrder@6d27bde2,...)
2026-06-03 21:32:34.339 TRACE [trace:4bed95cb69d247f099b5f08c4743a4cd] [event:22e57491-6949-4d1a-bc77-be80d51c0399] [module:ADMIN] --- [nio-8080-exec-4] c.e.gqw.admin.service.AdminService       : Method call details AdminService.users: layer=SERVICE, traceId='4bed95cb69d247f099b5f08c4743a4cd', eventUid='22e57491-6949-4d1a-bc77-be80d51c0399', args=[]
2026-06-03 21:32:34.339 DEBUG [trace:4bed95cb69d247f099b5f08c4743a4cd] [event:22e57491-6949-4d1a-bc77-be80d51c0399] [module:ADMIN] --- [nio-8080-exec-4] c.e.gqw.admin.service.AdminService       : Method started AdminService.users (operation='execute business operation', layer=SERVICE, traceId='4bed95cb69d247f099b5f08c4743a4cd', eventUid='22e57491-6949-4d1a-bc77-be80d51c0399').
2026-06-03 21:32:34.342  INFO [trace:4bed95cb69d247f099b5f08c4743a4cd] [event:22e57491-6949-4d1a-bc77-be80d51c0399] [module:ADMIN] --- [nio-8080-exec-4] analytics.db.stage                       : DB_STAGE_START stageId=6050982 method=ListCrudRepository.findAll traceId='4bed95cb69d247f099b5f08c4743a4cd' eventUid='22e57491-6949-4d1a-bc77-be80d51c0399'
2026-06-03 21:32:34.350  INFO [trace:4bed95cb69d247f099b5f08c4743a4cd] [event:22e57491-6949-4d1a-bc77-be80d51c0399] [module:ADMIN] --- [nio-8080-exec-4] jdk.proxy4.$Proxy181                     : Database call completed successfully ListCrudRepository.findAll: layer=DATABASE, stageId=6050982, durationMs=8, traceId='4bed95cb69d247f099b5f08c4743a4cd', eventUid='22e57491-6949-4d1a-bc77-be80d51c0399'.
2026-06-03 21:32:34.350  INFO [trace:4bed95cb69d247f099b5f08c4743a4cd] [event:22e57491-6949-4d1a-bc77-be80d51c0399] [module:ADMIN] --- [nio-8080-exec-4] analytics.db.stage                       : DB_STAGE_END stageId=6050982 method=ListCrudRepository.findAll durationMs=8 traceId='4bed95cb69d247f099b5f08c4743a4cd' eventUid='22e57491-6949-4d1a-bc77-be80d51c0399'
2026-06-03 21:32:34.352  INFO [trace:4bed95cb69d247f099b5f08c4743a4cd] [event:22e57491-6949-4d1a-bc77-be80d51c0399] [module:ADMIN] --- [nio-8080-exec-4] c.e.gqw.admin.service.AdminService       : Method finished successfully AdminService.users: operation='execute business operation', layer=SERVICE, duration=12 ms, traceId='4bed95cb69d247f099b5f08c4743a4cd', eventUid='22e57491-6949-4d1a-bc77-be80d51c0399'.
2026-06-03 21:32:34.352 DEBUG [trace:4bed95cb69d247f099b5f08c4743a4cd] [event:22e57491-6949-4d1a-bc77-be80d51c0399] [module:ADMIN] --- [nio-8080-exec-4] c.e.gqw.admin.service.AdminService       : Method result AdminService.users: ArrayList([com.example.gqw.shop.entity.ShopUser@12c81b8f, com.example.gqw.shop.entity.ShopUser@2d089f8d, com.example.gqw.shop.entity.ShopUser@458fbde0, com.example.gqw.shop.entity.ShopUser@63e3a31c, com.example.gqw.shop.entity.ShopUser@3125c88c, com....)
2026-06-03 21:32:34.362 TRACE [trace:4bed95cb69d247f099b5f08c4743a4cd] [event:22e57491-6949-4d1a-bc77-be80d51c0399] [module:ADMIN] --- [nio-8080-exec-4] c.e.gqw.admin.service.AdminService       : Method call details AdminService.products: layer=SERVICE, traceId='4bed95cb69d247f099b5f08c4743a4cd', eventUid='22e57491-6949-4d1a-bc77-be80d51c0399', args=[]
2026-06-03 21:32:34.362 DEBUG [trace:4bed95cb69d247f099b5f08c4743a4cd] [event:22e57491-6949-4d1a-bc77-be80d51c0399] [module:ADMIN] --- [nio-8080-exec-4] c.e.gqw.admin.service.AdminService       : Method started AdminService.products (operation='execute business operation', layer=SERVICE, traceId='4bed95cb69d247f099b5f08c4743a4cd', eventUid='22e57491-6949-4d1a-bc77-be80d51c0399').
2026-06-03 21:32:34.366  INFO [trace:4bed95cb69d247f099b5f08c4743a4cd] [event:22e57491-6949-4d1a-bc77-be80d51c0399] [module:ADMIN] --- [nio-8080-exec-4] analytics.db.stage                       : DB_STAGE_START stageId=6050984 method=ListCrudRepository.findAll traceId='4bed95cb69d247f099b5f08c4743a4cd' eventUid='22e57491-6949-4d1a-bc77-be80d51c0399'
2026-06-03 21:32:34.373  INFO [trace:4bed95cb69d247f099b5f08c4743a4cd] [event:22e57491-6949-4d1a-bc77-be80d51c0399] [module:ADMIN] --- [nio-8080-exec-4] jdk.proxy4.$Proxy169                     : Database call completed successfully ListCrudRepository.findAll: layer=DATABASE, stageId=6050984, durationMs=7, traceId='4bed95cb69d247f099b5f08c4743a4cd', eventUid='22e57491-6949-4d1a-bc77-be80d51c0399'.
2026-06-03 21:32:34.373  INFO [trace:4bed95cb69d247f099b5f08c4743a4cd] [event:22e57491-6949-4d1a-bc77-be80d51c0399] [module:ADMIN] --- [nio-8080-exec-4] analytics.db.stage                       : DB_STAGE_END stageId=6050984 method=ListCrudRepository.findAll durationMs=7 traceId='4bed95cb69d247f099b5f08c4743a4cd' eventUid='22e57491-6949-4d1a-bc77-be80d51c0399'
2026-06-03 21:32:34.374  INFO [trace:4bed95cb69d247f099b5f08c4743a4cd] [event:22e57491-6949-4d1a-bc77-be80d51c0399] [module:ADMIN] --- [nio-8080-exec-4] c.e.gqw.admin.service.AdminService       : Method finished successfully AdminService.products: operation='execute business operation', layer=SERVICE, duration=11 ms, traceId='4bed95cb69d247f099b5f08c4743a4cd', eventUid='22e57491-6949-4d1a-bc77-be80d51c0399'.
2026-06-03 21:32:34.374 DEBUG [trace:4bed95cb69d247f099b5f08c4743a4cd] [event:22e57491-6949-4d1a-bc77-be80d51c0399] [module:ADMIN] --- [nio-8080-exec-4] c.e.gqw.admin.service.AdminService       : Method result AdminService.products: ArrayList([com.example.gqw.shop.entity.Product@12f7e2c5, com.example.gqw.shop.entity.Product@7a38791c, com.example.gqw.shop.entity.Product@d0191d9, com.example.gqw.shop.entity.Product@66bc203e, com.example.gqw.shop.entity.Product@4b7007e6, com.exampl...)
2026-06-03 21:32:34.384 TRACE [trace:4bed95cb69d247f099b5f08c4743a4cd] [event:22e57491-6949-4d1a-bc77-be80d51c0399] [module:ADMIN] --- [nio-8080-exec-4] c.e.gqw.shop.service.SupportService      : Method call details SupportService.openRequests: layer=SERVICE, traceId='4bed95cb69d247f099b5f08c4743a4cd', eventUid='22e57491-6949-4d1a-bc77-be80d51c0399', args=[]
2026-06-03 21:32:34.384 DEBUG [trace:4bed95cb69d247f099b5f08c4743a4cd] [event:22e57491-6949-4d1a-bc77-be80d51c0399] [module:ADMIN] --- [nio-8080-exec-4] c.e.gqw.shop.service.SupportService      : Method started SupportService.openRequests (operation='execute business operation', layer=SERVICE, traceId='4bed95cb69d247f099b5f08c4743a4cd', eventUid='22e57491-6949-4d1a-bc77-be80d51c0399').
2026-06-03 21:32:34.387  INFO [trace:4bed95cb69d247f099b5f08c4743a4cd] [event:22e57491-6949-4d1a-bc77-be80d51c0399] [module:ADMIN] --- [nio-8080-exec-4] analytics.db.stage                       : DB_STAGE_START stageId=6050986 method=SupportRequestRepository.findByProcessedFalseOrderByCreatedAtDesc traceId='4bed95cb69d247f099b5f08c4743a4cd' eventUid='22e57491-6949-4d1a-bc77-be80d51c0399'
2026-06-03 21:32:34.395  INFO [trace:4bed95cb69d247f099b5f08c4743a4cd] [event:22e57491-6949-4d1a-bc77-be80d51c0399] [module:ADMIN] --- [nio-8080-exec-4] jdk.proxy4.$Proxy183                     : Database call completed successfully SupportRequestRepository.findByProcessedFalseOrderByCreatedAtDesc: layer=DATABASE, stageId=6050986, durationMs=7, traceId='4bed95cb69d247f099b5f08c4743a4cd', eventUid='22e57491-6949-4d1a-bc77-be80d51c0399'.
2026-06-03 21:32:34.395  INFO [trace:4bed95cb69d247f099b5f08c4743a4cd] [event:22e57491-6949-4d1a-bc77-be80d51c0399] [module:ADMIN] --- [nio-8080-exec-4] analytics.db.stage                       : DB_STAGE_END stageId=6050986 method=SupportRequestRepository.findByProcessedFalseOrderByCreatedAtDesc durationMs=7 traceId='4bed95cb69d247f099b5f08c4743a4cd' eventUid='22e57491-6949-4d1a-bc77-be80d51c0399'
2026-06-03 21:32:34.396  INFO [trace:4bed95cb69d247f099b5f08c4743a4cd] [event:22e57491-6949-4d1a-bc77-be80d51c0399] [module:ADMIN] --- [nio-8080-exec-4] c.e.gqw.shop.service.SupportService      : Method finished successfully SupportService.openRequests: operation='execute business operation', layer=SERVICE, duration=11 ms, traceId='4bed95cb69d247f099b5f08c4743a4cd', eventUid='22e57491-6949-4d1a-bc77-be80d51c0399'.
2026-06-03 21:32:34.396 DEBUG [trace:4bed95cb69d247f099b5f08c4743a4cd] [event:22e57491-6949-4d1a-bc77-be80d51c0399] [module:ADMIN] --- [nio-8080-exec-4] c.e.gqw.shop.service.SupportService      : Method result SupportService.openRequests: ArrayList([com.example.gqw.shop.entity.SupportRequest@5da62763, com.example.gqw.shop.entity.SupportRequest@49d13c53, com.example.gqw.shop.entity.SupportRequest@3cbc2ec5, com.example.gqw.shop.entity.SupportRequest@3f98da58, com.example.gqw.shop.entity...)
2026-06-03 21:32:34.409 TRACE [trace:4bed95cb69d247f099b5f08c4743a4cd] [event:22e57491-6949-4d1a-bc77-be80d51c0399] [module:ADMIN] --- [nio-8080-exec-4] c.e.gqw.shop.service.ReviewService       : Method call details ReviewService.pendingReviews: layer=SERVICE, traceId='4bed95cb69d247f099b5f08c4743a4cd', eventUid='22e57491-6949-4d1a-bc77-be80d51c0399', args=[]
2026-06-03 21:32:34.409 DEBUG [trace:4bed95cb69d247f099b5f08c4743a4cd] [event:22e57491-6949-4d1a-bc77-be80d51c0399] [module:ADMIN] --- [nio-8080-exec-4] c.e.gqw.shop.service.ReviewService       : Method started ReviewService.pendingReviews (operation='execute business operation', layer=SERVICE, traceId='4bed95cb69d247f099b5f08c4743a4cd', eventUid='22e57491-6949-4d1a-bc77-be80d51c0399').
2026-06-03 21:32:34.412  INFO [trace:4bed95cb69d247f099b5f08c4743a4cd] [event:22e57491-6949-4d1a-bc77-be80d51c0399] [module:ADMIN] --- [nio-8080-exec-4] analytics.db.stage                       : DB_STAGE_START stageId=6050988 method=ReviewRepository.findByModeratedFalseOrderByCreatedAtDesc traceId='4bed95cb69d247f099b5f08c4743a4cd' eventUid='22e57491-6949-4d1a-bc77-be80d51c0399'
2026-06-03 21:32:34.417  INFO [trace:4bed95cb69d247f099b5f08c4743a4cd] [event:22e57491-6949-4d1a-bc77-be80d51c0399] [module:ADMIN] --- [nio-8080-exec-4] jdk.proxy4.$Proxy179                     : Database call completed successfully ReviewRepository.findByModeratedFalseOrderByCreatedAtDesc: layer=DATABASE, stageId=6050988, durationMs=4, traceId='4bed95cb69d247f099b5f08c4743a4cd', eventUid='22e57491-6949-4d1a-bc77-be80d51c0399'.
2026-06-03 21:32:34.417  INFO [trace:4bed95cb69d247f099b5f08c4743a4cd] [event:22e57491-6949-4d1a-bc77-be80d51c0399] [module:ADMIN] --- [nio-8080-exec-4] analytics.db.stage                       : DB_STAGE_END stageId=6050988 method=ReviewRepository.findByModeratedFalseOrderByCreatedAtDesc durationMs=4 traceId='4bed95cb69d247f099b5f08c4743a4cd' eventUid='22e57491-6949-4d1a-bc77-be80d51c0399'
2026-06-03 21:32:34.418  INFO [trace:4bed95cb69d247f099b5f08c4743a4cd] [event:22e57491-6949-4d1a-bc77-be80d51c0399] [module:ADMIN] --- [nio-8080-exec-4] c.e.gqw.shop.service.ReviewService       : Method finished successfully ReviewService.pendingReviews: operation='execute business operation', layer=SERVICE, duration=9 ms, traceId='4bed95cb69d247f099b5f08c4743a4cd', eventUid='22e57491-6949-4d1a-bc77-be80d51c0399'.
2026-06-03 21:32:34.418 DEBUG [trace:4bed95cb69d247f099b5f08c4743a4cd] [event:22e57491-6949-4d1a-bc77-be80d51c0399] [module:ADMIN] --- [nio-8080-exec-4] c.e.gqw.shop.service.ReviewService       : Method result ReviewService.pendingReviews: ArrayList([])
2026-06-03 21:32:34.427 TRACE [trace:4bed95cb69d247f099b5f08c4743a4cd] [event:22e57491-6949-4d1a-bc77-be80d51c0399] [module:ADMIN] --- [nio-8080-exec-4] c.e.gqw.admin.service.AdminService       : Method call details AdminService.resolveAdminUsername: layer=SERVICE, traceId='4bed95cb69d247f099b5f08c4743a4cd', eventUid='22e57491-6949-4d1a-bc77-be80d51c0399', args=[]
2026-06-03 21:32:34.427 DEBUG [trace:4bed95cb69d247f099b5f08c4743a4cd] [event:22e57491-6949-4d1a-bc77-be80d51c0399] [module:ADMIN] --- [nio-8080-exec-4] c.e.gqw.admin.service.AdminService       : Method started AdminService.resolveAdminUsername (operation='execute business operation', layer=SERVICE, traceId='4bed95cb69d247f099b5f08c4743a4cd', eventUid='22e57491-6949-4d1a-bc77-be80d51c0399').
2026-06-03 21:32:34.429 TRACE [trace:4bed95cb69d247f099b5f08c4743a4cd] [event:22e57491-6949-4d1a-bc77-be80d51c0399] [module:ADMIN] --- [nio-8080-exec-4] c.e.gqw.shop.service.CurrentUserService  : Method call details CurrentUserService.findCurrentUser: layer=SERVICE, traceId='4bed95cb69d247f099b5f08c4743a4cd', eventUid='22e57491-6949-4d1a-bc77-be80d51c0399', args=[]
2026-06-03 21:32:34.429 DEBUG [trace:4bed95cb69d247f099b5f08c4743a4cd] [event:22e57491-6949-4d1a-bc77-be80d51c0399] [module:ADMIN] --- [nio-8080-exec-4] c.e.gqw.shop.service.CurrentUserService  : Method started CurrentUserService.findCurrentUser (operation='read data', layer=SERVICE, traceId='4bed95cb69d247f099b5f08c4743a4cd', eventUid='22e57491-6949-4d1a-bc77-be80d51c0399').
2026-06-03 21:32:34.432  INFO [trace:4bed95cb69d247f099b5f08c4743a4cd] [event:22e57491-6949-4d1a-bc77-be80d51c0399] [module:ADMIN] --- [nio-8080-exec-4] analytics.db.stage                       : DB_STAGE_START stageId=6050991 method=ShopUserRepository.findByUsername traceId='4bed95cb69d247f099b5f08c4743a4cd' eventUid='22e57491-6949-4d1a-bc77-be80d51c0399'
2026-06-03 21:32:34.434  INFO [trace:4bed95cb69d247f099b5f08c4743a4cd] [event:22e57491-6949-4d1a-bc77-be80d51c0399] [module:ADMIN] --- [nio-8080-exec-4] jdk.proxy4.$Proxy181                     : Database call completed successfully ShopUserRepository.findByUsername: layer=DATABASE, stageId=6050991, durationMs=2, traceId='4bed95cb69d247f099b5f08c4743a4cd', eventUid='22e57491-6949-4d1a-bc77-be80d51c0399'.
2026-06-03 21:32:34.434  INFO [trace:4bed95cb69d247f099b5f08c4743a4cd] [event:22e57491-6949-4d1a-bc77-be80d51c0399] [module:ADMIN] --- [nio-8080-exec-4] analytics.db.stage                       : DB_STAGE_END stageId=6050991 method=ShopUserRepository.findByUsername durationMs=2 traceId='4bed95cb69d247f099b5f08c4743a4cd' eventUid='22e57491-6949-4d1a-bc77-be80d51c0399'
2026-06-03 21:32:34.435  INFO [trace:4bed95cb69d247f099b5f08c4743a4cd] [event:22e57491-6949-4d1a-bc77-be80d51c0399] [module:ADMIN] --- [nio-8080-exec-4] c.e.gqw.shop.service.CurrentUserService  : Method finished successfully CurrentUserService.findCurrentUser: operation='read data', layer=SERVICE, duration=5 ms, traceId='4bed95cb69d247f099b5f08c4743a4cd', eventUid='22e57491-6949-4d1a-bc77-be80d51c0399'.
2026-06-03 21:32:34.435 DEBUG [trace:4bed95cb69d247f099b5f08c4743a4cd] [event:22e57491-6949-4d1a-bc77-be80d51c0399] [module:ADMIN] --- [nio-8080-exec-4] c.e.gqw.shop.service.CurrentUserService  : Method result CurrentUserService.findCurrentUser: Optional(Optional[com.example.gqw.shop.entity.ShopUser@70f33d26])
2026-06-03 21:32:34.437  INFO [trace:4bed95cb69d247f099b5f08c4743a4cd] [event:22e57491-6949-4d1a-bc77-be80d51c0399] [module:ADMIN] --- [nio-8080-exec-4] c.e.gqw.admin.service.AdminService       : Method finished successfully AdminService.resolveAdminUsername: operation='execute business operation', layer=SERVICE, duration=10 ms, traceId='4bed95cb69d247f099b5f08c4743a4cd', eventUid='22e57491-6949-4d1a-bc77-be80d51c0399'.
2026-06-03 21:32:34.437 DEBUG [trace:4bed95cb69d247f099b5f08c4743a4cd] [event:22e57491-6949-4d1a-bc77-be80d51c0399] [module:ADMIN] --- [nio-8080-exec-4] c.e.gqw.admin.service.AdminService       : Method result AdminService.resolveAdminUsername: String(admin)
2026-06-03 21:32:34.442  INFO [trace:4bed95cb69d247f099b5f08c4743a4cd] [event:22e57491-6949-4d1a-bc77-be80d51c0399] [module:ADMIN] --- [nio-8080-exec-4] c.e.g.a.c.AdminDashboardController       : Method finished successfully AdminDashboardController.adminHome: operation='handle incoming request', layer=CONTROLLER, duration=137 ms, traceId='4bed95cb69d247f099b5f08c4743a4cd', eventUid='22e57491-6949-4d1a-bc77-be80d51c0399'.
2026-06-03 21:32:34.442 DEBUG [trace:4bed95cb69d247f099b5f08c4743a4cd] [event:22e57491-6949-4d1a-bc77-be80d51c0399] [module:ADMIN] --- [nio-8080-exec-4] c.e.g.a.c.AdminDashboardController       : Method result AdminDashboardController.adminHome: String(admin/dashboard)
2026-06-03 21:32:34.453 DEBUG [trace:4bed95cb69d247f099b5f08c4743a4cd] [event:] [module:ADMIN] --- [nio-8080-exec-4] o.s.w.s.v.ContentNegotiatingViewResolver : Selected '*/*' given [*/*]
2026-06-03 21:32:34.481 DEBUG [trace:4bed95cb69d247f099b5f08c4743a4cd] [event:] [module:ADMIN] --- [nio-8080-exec-4] o.s.web.servlet.DispatcherServlet        : Completed 200 OK
2026-06-03 21:32:34.525 DEBUG [trace:1b80ffa3c57e44f5b3e85b3a47bb3406] [event:] [module:ADMIN] --- [nio-8080-exec-3] o.s.web.servlet.DispatcherServlet        : GET "/analytics/api/stage-metrics?from=2026-06-02T20%3A00%3A00.0000000Z&to=2026-06-03T20%3A00%3A00.0000000Z&includeTopValues=false&includeSeries=false", parameters={masked}
2026-06-03 21:32:34.526 DEBUG [trace:1b80ffa3c57e44f5b3e85b3a47bb3406] [event:] [module:ADMIN] --- [nio-8080-exec-3] s.w.s.m.m.a.RequestMappingHandlerMapping : Mapped to com.example.gqw.analytics.controller.AnalyticsStageController#stageMetrics(Instant, Instant, String, String, String, String, String, String, String, BigDecimal, BigDecimal, String, String, BigDecimal, BigDecimal, Integer, boolean, boolean, boolean)
2026-06-03 21:32:34.530 DEBUG [trace:1b80ffa3c57e44f5b3e85b3a47bb3406] [event:] [module:ADMIN] --- [nio-8080-exec-3] o.s.jdbc.core.JdbcTemplate               : Executing prepared SQL query
2026-06-03 21:32:34.530 DEBUG [trace:1b80ffa3c57e44f5b3e85b3a47bb3406] [event:] [module:ADMIN] --- [nio-8080-exec-3] o.s.jdbc.core.JdbcTemplate               : Executing prepared SQL statement [    select count(*)
    from INFORMATION_SCHEMA.TABLES
    where lower(table_schema) = ?
      and lower(table_name) = ?
]
2026-06-03 21:32:34.532 DEBUG [trace:1b80ffa3c57e44f5b3e85b3a47bb3406] [event:] [module:ADMIN] --- [nio-8080-exec-3] o.s.jdbc.core.JdbcTemplate               : Executing prepared SQL query
2026-06-03 21:32:34.532 DEBUG [trace:1b80ffa3c57e44f5b3e85b3a47bb3406] [event:] [module:ADMIN] --- [nio-8080-exec-3] o.s.jdbc.core.JdbcTemplate               : Executing prepared SQL statement [select setting_key, setting_value from analytics.runtime_setting]
2026-06-03 21:32:34.532 DEBUG [trace:1b80ffa3c57e44f5b3e85b3a47bb3406] [event:] [module:ADMIN] --- [nio-8080-exec-3] o.s.jdbc.core.JdbcTemplate               : Executing prepared SQL query
2026-06-03 21:32:34.532 DEBUG [trace:1b80ffa3c57e44f5b3e85b3a47bb3406] [event:] [module:ADMIN] --- [nio-8080-exec-3] o.s.jdbc.core.JdbcTemplate               : Executing prepared SQL statement [select to_regclass(?) is not null]
2026-06-03 21:32:34.532 DEBUG [trace:1b80ffa3c57e44f5b3e85b3a47bb3406] [event:] [module:ADMIN] --- [nio-8080-exec-3] o.s.jdbc.core.JdbcTemplate               : Executing prepared SQL query
2026-06-03 21:32:34.532 DEBUG [trace:1b80ffa3c57e44f5b3e85b3a47bb3406] [event:] [module:ADMIN] --- [nio-8080-exec-3] o.s.jdbc.core.JdbcTemplate               : Executing prepared SQL statement [select to_regclass(?) is not null]
2026-06-03 21:32:34.533 DEBUG [trace:1b80ffa3c57e44f5b3e85b3a47bb3406] [event:] [module:ADMIN] --- [nio-8080-exec-3] o.s.jdbc.core.JdbcTemplate               : Executing prepared SQL query
2026-06-03 21:32:34.533 DEBUG [trace:1b80ffa3c57e44f5b3e85b3a47bb3406] [event:] [module:ADMIN] --- [nio-8080-exec-3] o.s.jdbc.core.JdbcTemplate               : Executing prepared SQL statement [select to_regclass(?) is not null]
2026-06-03 21:32:34.533 DEBUG [trace:1b80ffa3c57e44f5b3e85b3a47bb3406] [event:] [module:ADMIN] --- [nio-8080-exec-3] o.s.jdbc.core.JdbcTemplate               : Executing prepared SQL query
2026-06-03 21:32:34.533 DEBUG [trace:1b80ffa3c57e44f5b3e85b3a47bb3406] [event:] [module:ADMIN] --- [nio-8080-exec-3] o.s.jdbc.core.JdbcTemplate               : Executing prepared SQL statement [select to_regclass(?) is not null]
2026-06-03 21:32:34.533 DEBUG [trace:1b80ffa3c57e44f5b3e85b3a47bb3406] [event:] [module:ADMIN] --- [nio-8080-exec-3] o.s.jdbc.core.JdbcTemplate               : Executing prepared SQL query
2026-06-03 21:32:34.533 DEBUG [trace:1b80ffa3c57e44f5b3e85b3a47bb3406] [event:] [module:ADMIN] --- [nio-8080-exec-3] o.s.jdbc.core.JdbcTemplate               : Executing prepared SQL statement [    select watermark_at
    from analytics.time_rollup_watermark
    where scope_code = ?
      and granularity_minutes = ?
]
2026-06-03 21:32:34.535 DEBUG [trace:1b80ffa3c57e44f5b3e85b3a47bb3406] [event:] [module:ADMIN] --- [nio-8080-exec-3] o.s.jdbc.core.JdbcTemplate               : Executing prepared SQL query
2026-06-03 21:32:34.535 DEBUG [trace:1b80ffa3c57e44f5b3e85b3a47bb3406] [event:] [module:ADMIN] --- [nio-8080-exec-3] o.s.jdbc.core.JdbcTemplate               : Executing prepared SQL statement [    select
        r.metric_type_code as metric_type_code,
        min(nullif(trim(r.unit), '')) as unit,
        sum(r.sample_count) as sample_count,
        sum(r.numeric_count) as numeric_count,
        coalesce(sum(r.numeric_sum), 0)::numeric(20, 3) as numeric_sum,
        coalesce(sum(r.p95_value * r.numeric_count), 0)::numeric(20, 3) as p95_weighted_sum,
        min(r.min_value) as min_value,
        max(r.max_value) as max_value
    from analytics.stage_metric_rollup_bucket r
    where r.granularity_minutes = ?
      and r.bucket_start >= ?
      and r.bucket_start < ?
      and (? is null or r.module_code = ?)
      and (? is null or r.event_type_code = ?)
      and (? is null or r.stage_type_code = ?)
    group by r.metric_type_code
    order by sum(r.sample_count) desc, r.metric_type_code asc
]
2026-06-03 21:32:34.565 DEBUG [trace:1b80ffa3c57e44f5b3e85b3a47bb3406] [event:] [module:ADMIN] --- [nio-8080-exec-3] o.s.jdbc.core.JdbcTemplate               : Executing prepared SQL query
2026-06-03 21:32:34.565 DEBUG [trace:1b80ffa3c57e44f5b3e85b3a47bb3406] [event:] [module:ADMIN] --- [nio-8080-exec-3] o.s.jdbc.core.JdbcTemplate               : Executing prepared SQL statement [    select
        sm.metric_type_code as metric_type_code,
        min(nullif(trim(sm.unit), '')) as unit,
        count(*) as sample_count,
        count(sm.metric_value_num) as numeric_count,
        coalesce(sum(sm.metric_value_num), 0)::numeric(20, 3) as numeric_sum,
        (
            coalesce(
                percentile_cont(0.95) within group (order by sm.metric_value_num)
                    filter (where sm.metric_value_num is not null),
                0
            ) * count(sm.metric_value_num)
        )::numeric(20, 3) as p95_weighted_sum,
        min(sm.metric_value_num) as min_value,
        max(sm.metric_value_num) as max_value
    from analytics.stage_metric sm
    join analytics.stage s on s.id = sm.stage_id
    join analytics.event e on e.id = s.event_id
    where sm.recorded_at >= ?
      and sm.recorded_at < ?
      and (? is null or e.module_code = ?)
      and (? is null or e.event_type_code = ?)
      and (? is null or s.stage_type_code = ?)
      and sm.metric_type_code is not null
    group by sm.metric_type_code
    order by count(*) desc, sm.metric_type_code asc
]
2026-06-03 21:32:34.801  INFO [trace:1b80ffa3c57e44f5b3e85b3a47bb3406] [event:] [module:ADMIN] --- [nio-8080-exec-3] c.e.g.a.s.AnalyticsInsightsService       : [STAGE_METRICS_PERF] service path=rollup totalMs=270 from=2026-06-02T20:00:00Z to=2026-06-03T20:00:00Z module=null eventType=null stage=null metric=ITEM_COUNT bucket=15 includeSummaries=true includeTopValues=false rollupQueryMs=262 rawQueryMs=0 groupingMs=0 buildMs=5 seriesMs=0 topValuesMs=0 counts summaries=20 series=0 topValues=0
2026-06-03 21:32:34.801  INFO [trace:1b80ffa3c57e44f5b3e85b3a47bb3406] [event:] [module:ADMIN] --- [nio-8080-exec-3] c.e.g.a.c.AnalyticsStageController       : [STAGE_METRICS_PERF] controller endpoint=/api/stage-metrics totalMs=271 from=2026-06-02T20:00:00Z to=2026-06-03T20:00:00Z module=null eventType=null stage=null metric=null bucket=null includeSummaries=true includeTopValues=false counts summaries=20 series=0 topValues=0
2026-06-03 21:32:34.807 DEBUG [trace:1b80ffa3c57e44f5b3e85b3a47bb3406] [event:] [module:ADMIN] --- [nio-8080-exec-3] m.m.a.RequestResponseBodyMethodProcessor : Using 'application/json', given [*/*] and supported [application/json, application/*+json]
2026-06-03 21:32:34.812 DEBUG [trace:1b80ffa3c57e44f5b3e85b3a47bb3406] [event:] [module:ADMIN] --- [nio-8080-exec-3] m.m.a.RequestResponseBodyMethodProcessor : Writing [StageMetricResponse[from=2026-06-02T20:00:00Z, to=2026-06-03T20:00:00Z, bucketMinutes=15, selectedMe (truncated)...]
2026-06-03 21:32:34.858 DEBUG [trace:1b80ffa3c57e44f5b3e85b3a47bb3406] [event:] [module:ADMIN] --- [nio-8080-exec-3] o.s.web.servlet.DispatcherServlet        : Completed 200 OK
2026-06-03 21:32:34.931 DEBUG [trace:0bb51b309e6642b482f9a1d9a9b092d1] [event:] [module:ADMIN] --- [nio-8080-exec-5] o.s.web.servlet.DispatcherServlet        : GET "/analytics/api/stage-metrics?from=2026-06-02T20%3A00%3A00.0000000Z&to=2026-06-03T20%3A00%3A00.0000000Z&metricTypeCode=ITEM_COUNT&includeSummaries=false&includeTopValues=false", parameters={masked}
2026-06-03 21:32:34.931 DEBUG [trace:0bb51b309e6642b482f9a1d9a9b092d1] [event:] [module:ADMIN] --- [nio-8080-exec-5] s.w.s.m.m.a.RequestMappingHandlerMapping : Mapped to com.example.gqw.analytics.controller.AnalyticsStageController#stageMetrics(Instant, Instant, String, String, String, String, String, String, String, BigDecimal, BigDecimal, String, String, BigDecimal, BigDecimal, Integer, boolean, boolean, boolean)
2026-06-03 21:32:34.932 DEBUG [trace:0bb51b309e6642b482f9a1d9a9b092d1] [event:] [module:ADMIN] --- [nio-8080-exec-5] o.s.jdbc.core.JdbcTemplate               : Executing prepared SQL query
2026-06-03 21:32:34.932 DEBUG [trace:0bb51b309e6642b482f9a1d9a9b092d1] [event:] [module:ADMIN] --- [nio-8080-exec-5] o.s.jdbc.core.JdbcTemplate               : Executing prepared SQL statement [select to_regclass(?) is not null]
2026-06-03 21:32:34.932 DEBUG [trace:0bb51b309e6642b482f9a1d9a9b092d1] [event:] [module:ADMIN] --- [nio-8080-exec-5] o.s.jdbc.core.JdbcTemplate               : Executing prepared SQL query
2026-06-03 21:32:34.932 DEBUG [trace:0bb51b309e6642b482f9a1d9a9b092d1] [event:] [module:ADMIN] --- [nio-8080-exec-5] o.s.jdbc.core.JdbcTemplate               : Executing prepared SQL statement [select to_regclass(?) is not null]
2026-06-03 21:32:34.934 DEBUG [trace:0bb51b309e6642b482f9a1d9a9b092d1] [event:] [module:ADMIN] --- [nio-8080-exec-5] o.s.jdbc.core.JdbcTemplate               : Executing prepared SQL query
2026-06-03 21:32:34.934 DEBUG [trace:0bb51b309e6642b482f9a1d9a9b092d1] [event:] [module:ADMIN] --- [nio-8080-exec-5] o.s.jdbc.core.JdbcTemplate               : Executing prepared SQL statement [select to_regclass(?) is not null]
2026-06-03 21:32:34.934 DEBUG [trace:0bb51b309e6642b482f9a1d9a9b092d1] [event:] [module:ADMIN] --- [nio-8080-exec-5] o.s.jdbc.core.JdbcTemplate               : Executing prepared SQL query
2026-06-03 21:32:34.934 DEBUG [trace:0bb51b309e6642b482f9a1d9a9b092d1] [event:] [module:ADMIN] --- [nio-8080-exec-5] o.s.jdbc.core.JdbcTemplate               : Executing prepared SQL statement [select to_regclass(?) is not null]
2026-06-03 21:32:34.934 DEBUG [trace:0bb51b309e6642b482f9a1d9a9b092d1] [event:] [module:ADMIN] --- [nio-8080-exec-5] o.s.jdbc.core.JdbcTemplate               : Executing prepared SQL query
2026-06-03 21:32:34.934 DEBUG [trace:0bb51b309e6642b482f9a1d9a9b092d1] [event:] [module:ADMIN] --- [nio-8080-exec-5] o.s.jdbc.core.JdbcTemplate               : Executing prepared SQL statement [    select watermark_at
    from analytics.time_rollup_watermark
    where scope_code = ?
      and granularity_minutes = ?
]
2026-06-03 21:32:34.935 DEBUG [trace:0bb51b309e6642b482f9a1d9a9b092d1] [event:] [module:ADMIN] --- [nio-8080-exec-5] o.s.jdbc.core.JdbcTemplate               : Executing prepared SQL query
2026-06-03 21:32:34.935 DEBUG [trace:0bb51b309e6642b482f9a1d9a9b092d1] [event:] [module:ADMIN] --- [nio-8080-exec-5] o.s.jdbc.core.JdbcTemplate               : Executing prepared SQL statement [    select
        date_bin(
            (? || ' minutes')::interval,
            r.bucket_start,
            ?
        ) as bucket_start,
        sum(r.numeric_count) as numeric_count,
        coalesce(sum(r.numeric_sum), 0)::numeric(20, 3) as numeric_sum,
        coalesce(sum(r.p95_value * r.numeric_count), 0)::numeric(20, 3) as p95_weighted_sum
    from analytics.stage_metric_rollup_bucket r
    where r.granularity_minutes = ?
      and r.bucket_start >= ?
      and r.bucket_start < ?
      and r.numeric_count > 0
      and (? is null or r.module_code = ?)
      and (? is null or r.event_type_code = ?)
      and (? is null or r.stage_type_code = ?)
      and (? is null or r.metric_type_code = ?)
    group by 1
    order by 1 asc
]
2026-06-03 21:32:34.986 DEBUG [trace:0bb51b309e6642b482f9a1d9a9b092d1] [event:] [module:ADMIN] --- [nio-8080-exec-5] o.s.jdbc.core.JdbcTemplate               : Executing prepared SQL query
2026-06-03 21:32:34.987 DEBUG [trace:0bb51b309e6642b482f9a1d9a9b092d1] [event:] [module:ADMIN] --- [nio-8080-exec-5] o.s.jdbc.core.JdbcTemplate               : Executing prepared SQL statement [    select
        date_bin(
            (? || ' minutes')::interval,
            sm.recorded_at,
            ?
        ) as bucket_start,
        count(sm.metric_value_num) as numeric_count,
        coalesce(sum(sm.metric_value_num), 0)::numeric(20, 3) as numeric_sum,
        (
            coalesce(
                percentile_cont(0.95) within group (order by sm.metric_value_num)
                    filter (where sm.metric_value_num is not null),
                0
            ) * count(sm.metric_value_num)
        )::numeric(20, 3) as p95_weighted_sum
    from analytics.stage_metric sm
    join analytics.stage s on s.id = sm.stage_id
    join analytics.event e on e.id = s.event_id
    where sm.recorded_at >= ?
      and sm.recorded_at < ?
      and sm.metric_value_num is not null
      and (? is null or e.module_code = ?)
      and (? is null or e.event_type_code = ?)
      and (? is null or s.stage_type_code = ?)
      and (? is null or sm.metric_type_code = ?)
    group by 1
    order by 1 asc
]
2026-06-03 21:32:35.233  INFO [trace:0bb51b309e6642b482f9a1d9a9b092d1] [event:] [module:ADMIN] --- [nio-8080-exec-5] c.e.g.a.s.AnalyticsInsightsService       : [STAGE_METRICS_PERF] service path=rollup totalMs=300 from=2026-06-02T20:00:00Z to=2026-06-03T20:00:00Z module=null eventType=null stage=null metric=ITEM_COUNT bucket=15 includeSummaries=false includeTopValues=false rollupQueryMs=0 rawQueryMs=0 groupingMs=0 buildMs=1 seriesMs=298 topValuesMs=0 counts summaries=0 series=96 topValues=0
2026-06-03 21:32:35.233  INFO [trace:0bb51b309e6642b482f9a1d9a9b092d1] [event:] [module:ADMIN] --- [nio-8080-exec-5] c.e.g.a.c.AnalyticsStageController       : [STAGE_METRICS_PERF] controller endpoint=/api/stage-metrics totalMs=301 from=2026-06-02T20:00:00Z to=2026-06-03T20:00:00Z module=null eventType=null stage=null metric=ITEM_COUNT bucket=null includeSummaries=false includeTopValues=false counts summaries=0 series=96 topValues=0
2026-06-03 21:32:35.233 DEBUG [trace:0bb51b309e6642b482f9a1d9a9b092d1] [event:] [module:ADMIN] --- [nio-8080-exec-5] m.m.a.RequestResponseBodyMethodProcessor : Using 'application/json', given [*/*] and supported [application/json, application/*+json]
2026-06-03 21:32:35.235 DEBUG [trace:0bb51b309e6642b482f9a1d9a9b092d1] [event:] [module:ADMIN] --- [nio-8080-exec-5] m.m.a.RequestResponseBodyMethodProcessor : Writing [StageMetricResponse[from=2026-06-02T20:00:00Z, to=2026-06-03T20:00:00Z, bucketMinutes=15, selectedMe (truncated)...]
2026-06-03 21:32:35.239 DEBUG [trace:0bb51b309e6642b482f9a1d9a9b092d1] [event:] [module:ADMIN] --- [nio-8080-exec-5] o.s.web.servlet.DispatcherServlet        : Completed 200 OK
2026-06-03 21:32:35.259 DEBUG [trace:79478662012b48afa87820bc72048cfc] [event:] [module:ADMIN] --- [nio-8080-exec-6] o.s.web.servlet.DispatcherServlet        : GET "/analytics/api/stage-metrics?from=2026-06-02T20%3A00%3A00.0000000Z&to=2026-06-03T20%3A00%3A00.0000000Z&metricTypeCode=FRONTEND_PAGE_URL&includeSummaries=false", parameters={masked}
2026-06-03 21:32:35.259 DEBUG [trace:79478662012b48afa87820bc72048cfc] [event:] [module:ADMIN] --- [nio-8080-exec-6] s.w.s.m.m.a.RequestMappingHandlerMapping : Mapped to com.example.gqw.analytics.controller.AnalyticsStageController#stageMetrics(Instant, Instant, String, String, String, String, String, String, String, BigDecimal, BigDecimal, String, String, BigDecimal, BigDecimal, Integer, boolean, boolean, boolean)
2026-06-03 21:32:35.260 DEBUG [trace:79478662012b48afa87820bc72048cfc] [event:] [module:ADMIN] --- [nio-8080-exec-6] o.s.jdbc.core.JdbcTemplate               : Executing prepared SQL query
2026-06-03 21:32:35.260 DEBUG [trace:79478662012b48afa87820bc72048cfc] [event:] [module:ADMIN] --- [nio-8080-exec-6] o.s.jdbc.core.JdbcTemplate               : Executing prepared SQL statement [select to_regclass(?) is not null]
2026-06-03 21:32:35.260 DEBUG [trace:79478662012b48afa87820bc72048cfc] [event:] [module:ADMIN] --- [nio-8080-exec-6] o.s.jdbc.core.JdbcTemplate               : Executing prepared SQL query
2026-06-03 21:32:35.261 DEBUG [trace:79478662012b48afa87820bc72048cfc] [event:] [module:ADMIN] --- [nio-8080-exec-6] o.s.jdbc.core.JdbcTemplate               : Executing prepared SQL statement [select to_regclass(?) is not null]
2026-06-03 21:32:35.262 DEBUG [trace:79478662012b48afa87820bc72048cfc] [event:] [module:ADMIN] --- [nio-8080-exec-6] o.s.jdbc.core.JdbcTemplate               : Executing prepared SQL query
2026-06-03 21:32:35.262 DEBUG [trace:79478662012b48afa87820bc72048cfc] [event:] [module:ADMIN] --- [nio-8080-exec-6] o.s.jdbc.core.JdbcTemplate               : Executing prepared SQL statement [    select
        value as value,
        count(*) as cnt
    from (
        select
            coalesce(nullif(trim(sm.metric_value_text), ''), sm.metric_value_num::text) as value
        from analytics.stage_metric sm
        join analytics.stage s on s.id = sm.stage_id
        join analytics.event e on e.id = s.event_id
        where sm.recorded_at >= ?
          and sm.recorded_at < ?
          and (? is null or e.module_code = ?)
          and (? is null or e.event_type_code = ?)
          and (? is null or s.stage_type_code = ?)
          and (? is null or sm.metric_type_code = ?)
    ) v
    where v.value is not null
    group by value
    order by cnt desc, value asc
    limit ?
]
2026-06-03 21:32:35.331  INFO [trace:79478662012b48afa87820bc72048cfc] [event:] [module:ADMIN] --- [nio-8080-exec-6] c.e.g.a.s.AnalyticsInsightsService       : [STAGE_METRICS_PERF] service path=rollup totalMs=70 from=2026-06-02T20:00:00Z to=2026-06-03T20:00:00Z module=null eventType=null stage=null metric=FRONTEND_PAGE_URL bucket=15 includeSummaries=false includeTopValues=true rollupQueryMs=0 rawQueryMs=0 groupingMs=0 buildMs=1 seriesMs=0 topValuesMs=69 counts summaries=0 series=0 topValues=8
2026-06-03 21:32:35.332  INFO [trace:79478662012b48afa87820bc72048cfc] [event:] [module:ADMIN] --- [nio-8080-exec-6] c.e.g.a.c.AnalyticsStageController       : [STAGE_METRICS_PERF] controller endpoint=/api/stage-metrics totalMs=71 from=2026-06-02T20:00:00Z to=2026-06-03T20:00:00Z module=null eventType=null stage=null metric=FRONTEND_PAGE_URL bucket=null includeSummaries=false includeTopValues=true counts summaries=0 series=0 topValues=8
2026-06-03 21:32:35.332 DEBUG [trace:79478662012b48afa87820bc72048cfc] [event:] [module:ADMIN] --- [nio-8080-exec-6] m.m.a.RequestResponseBodyMethodProcessor : Using 'application/json', given [*/*] and supported [application/json, application/*+json]
2026-06-03 21:32:35.333 DEBUG [trace:79478662012b48afa87820bc72048cfc] [event:] [module:ADMIN] --- [nio-8080-exec-6] m.m.a.RequestResponseBodyMethodProcessor : Writing [StageMetricResponse[from=2026-06-02T20:00:00Z, to=2026-06-03T20:00:00Z, bucketMinutes=15, selectedMe (truncated)...]
2026-06-03 21:32:35.333 DEBUG [trace:79478662012b48afa87820bc72048cfc] [event:] [module:ADMIN] --- [nio-8080-exec-6] o.s.web.servlet.DispatcherServlet        : Completed 200 OK
2026-06-03 21:32:35.347 DEBUG [trace:b0fd7446c85646789649b7c23d87ff9c] [event:] [module:ADMIN] --- [nio-8080-exec-7] o.s.web.servlet.DispatcherServlet        : GET "/analytics/api/stage-metrics?from=2026-05-27T20%3A00%3A00.0000000Z&to=2026-06-03T20%3A00%3A00.0000000Z&includeTopValues=false&includeSeries=false", parameters={masked}
2026-06-03 21:32:35.347 DEBUG [trace:b0fd7446c85646789649b7c23d87ff9c] [event:] [module:ADMIN] --- [nio-8080-exec-7] s.w.s.m.m.a.RequestMappingHandlerMapping : Mapped to com.example.gqw.analytics.controller.AnalyticsStageController#stageMetrics(Instant, Instant, String, String, String, String, String, String, String, BigDecimal, BigDecimal, String, String, BigDecimal, BigDecimal, Integer, boolean, boolean, boolean)
2026-06-03 21:32:35.348 DEBUG [trace:b0fd7446c85646789649b7c23d87ff9c] [event:] [module:ADMIN] --- [nio-8080-exec-7] o.s.jdbc.core.JdbcTemplate               : Executing prepared SQL query
2026-06-03 21:32:35.348 DEBUG [trace:b0fd7446c85646789649b7c23d87ff9c] [event:] [module:ADMIN] --- [nio-8080-exec-7] o.s.jdbc.core.JdbcTemplate               : Executing prepared SQL statement [select to_regclass(?) is not null]
2026-06-03 21:32:35.348 DEBUG [trace:b0fd7446c85646789649b7c23d87ff9c] [event:] [module:ADMIN] --- [nio-8080-exec-7] o.s.jdbc.core.JdbcTemplate               : Executing prepared SQL query
2026-06-03 21:32:35.348 DEBUG [trace:b0fd7446c85646789649b7c23d87ff9c] [event:] [module:ADMIN] --- [nio-8080-exec-7] o.s.jdbc.core.JdbcTemplate               : Executing prepared SQL statement [select to_regclass(?) is not null]
2026-06-03 21:32:35.348 DEBUG [trace:b0fd7446c85646789649b7c23d87ff9c] [event:] [module:ADMIN] --- [nio-8080-exec-7] o.s.jdbc.core.JdbcTemplate               : Executing prepared SQL query
2026-06-03 21:32:35.348 DEBUG [trace:b0fd7446c85646789649b7c23d87ff9c] [event:] [module:ADMIN] --- [nio-8080-exec-7] o.s.jdbc.core.JdbcTemplate               : Executing prepared SQL statement [select to_regclass(?) is not null]
2026-06-03 21:32:35.348 DEBUG [trace:b0fd7446c85646789649b7c23d87ff9c] [event:] [module:ADMIN] --- [nio-8080-exec-7] o.s.jdbc.core.JdbcTemplate               : Executing prepared SQL query
2026-06-03 21:32:35.348 DEBUG [trace:b0fd7446c85646789649b7c23d87ff9c] [event:] [module:ADMIN] --- [nio-8080-exec-7] o.s.jdbc.core.JdbcTemplate               : Executing prepared SQL statement [select to_regclass(?) is not null]
2026-06-03 21:32:35.348 DEBUG [trace:b0fd7446c85646789649b7c23d87ff9c] [event:] [module:ADMIN] --- [nio-8080-exec-7] o.s.jdbc.core.JdbcTemplate               : Executing prepared SQL query
2026-06-03 21:32:35.348 DEBUG [trace:b0fd7446c85646789649b7c23d87ff9c] [event:] [module:ADMIN] --- [nio-8080-exec-7] o.s.jdbc.core.JdbcTemplate               : Executing prepared SQL statement [    select watermark_at
    from analytics.time_rollup_watermark
    where scope_code = ?
      and granularity_minutes = ?
]
2026-06-03 21:32:35.349 DEBUG [trace:b0fd7446c85646789649b7c23d87ff9c] [event:] [module:ADMIN] --- [nio-8080-exec-7] o.s.jdbc.core.JdbcTemplate               : Executing prepared SQL query
2026-06-03 21:32:35.349 DEBUG [trace:b0fd7446c85646789649b7c23d87ff9c] [event:] [module:ADMIN] --- [nio-8080-exec-7] o.s.jdbc.core.JdbcTemplate               : Executing prepared SQL statement [    select
        r.metric_type_code as metric_type_code,
        min(nullif(trim(r.unit), '')) as unit,
        sum(r.sample_count) as sample_count,
        sum(r.numeric_count) as numeric_count,
        coalesce(sum(r.numeric_sum), 0)::numeric(20, 3) as numeric_sum,
        coalesce(sum(r.p95_value * r.numeric_count), 0)::numeric(20, 3) as p95_weighted_sum,
        min(r.min_value) as min_value,
        max(r.max_value) as max_value
    from analytics.stage_metric_rollup_bucket r
    where r.granularity_minutes = ?
      and r.bucket_start >= ?
      and r.bucket_start < ?
      and (? is null or r.module_code = ?)
      and (? is null or r.event_type_code = ?)
      and (? is null or r.stage_type_code = ?)
    group by r.metric_type_code
    order by sum(r.sample_count) desc, r.metric_type_code asc
]
2026-06-03 21:32:35.613 DEBUG [trace:b0fd7446c85646789649b7c23d87ff9c] [event:] [module:ADMIN] --- [nio-8080-exec-7] o.s.jdbc.core.JdbcTemplate               : Executing prepared SQL query
2026-06-03 21:32:35.613 DEBUG [trace:b0fd7446c85646789649b7c23d87ff9c] [event:] [module:ADMIN] --- [nio-8080-exec-7] o.s.jdbc.core.JdbcTemplate               : Executing prepared SQL statement [    select
        sm.metric_type_code as metric_type_code,
        min(nullif(trim(sm.unit), '')) as unit,
        count(*) as sample_count,
        count(sm.metric_value_num) as numeric_count,
        coalesce(sum(sm.metric_value_num), 0)::numeric(20, 3) as numeric_sum,
        (
            coalesce(
                percentile_cont(0.95) within group (order by sm.metric_value_num)
                    filter (where sm.metric_value_num is not null),
                0
            ) * count(sm.metric_value_num)
        )::numeric(20, 3) as p95_weighted_sum,
        min(sm.metric_value_num) as min_value,
        max(sm.metric_value_num) as max_value
    from analytics.stage_metric sm
    join analytics.stage s on s.id = sm.stage_id
    join analytics.event e on e.id = s.event_id
    where sm.recorded_at >= ?
      and sm.recorded_at < ?
      and (? is null or e.module_code = ?)
      and (? is null or e.event_type_code = ?)
      and (? is null or s.stage_type_code = ?)
      and sm.metric_type_code is not null
    group by sm.metric_type_code
    order by count(*) desc, sm.metric_type_code asc
]
2026-06-03 21:32:35.826  INFO [trace:b0fd7446c85646789649b7c23d87ff9c] [event:] [module:ADMIN] --- [nio-8080-exec-7] c.e.g.a.s.AnalyticsInsightsService       : [STAGE_METRICS_PERF] service path=rollup totalMs=478 from=2026-05-27T20:00:00Z to=2026-06-03T20:00:00Z module=null eventType=null stage=null metric=ITEM_COUNT bucket=180 includeSummaries=true includeTopValues=false rollupQueryMs=477 rawQueryMs=0 groupingMs=0 buildMs=1 seriesMs=0 topValuesMs=0 counts summaries=22 series=0 topValues=0
2026-06-03 21:32:35.827  INFO [trace:b0fd7446c85646789649b7c23d87ff9c] [event:] [module:ADMIN] --- [nio-8080-exec-7] c.e.g.a.c.AnalyticsStageController       : [STAGE_METRICS_PERF] controller endpoint=/api/stage-metrics totalMs=479 from=2026-05-27T20:00:00Z to=2026-06-03T20:00:00Z module=null eventType=null stage=null metric=null bucket=null includeSummaries=true includeTopValues=false counts summaries=22 series=0 topValues=0
2026-06-03 21:32:35.827 DEBUG [trace:b0fd7446c85646789649b7c23d87ff9c] [event:] [module:ADMIN] --- [nio-8080-exec-7] m.m.a.RequestResponseBodyMethodProcessor : Using 'application/json', given [*/*] and supported [application/json, application/*+json]
2026-06-03 21:32:35.828 DEBUG [trace:b0fd7446c85646789649b7c23d87ff9c] [event:] [module:ADMIN] --- [nio-8080-exec-7] m.m.a.RequestResponseBodyMethodProcessor : Writing [StageMetricResponse[from=2026-05-27T20:00:00Z, to=2026-06-03T20:00:00Z, bucketMinutes=180, selectedM (truncated)...]
2026-06-03 21:32:35.829 DEBUG [trace:b0fd7446c85646789649b7c23d87ff9c] [event:] [module:ADMIN] --- [nio-8080-exec-7] o.s.web.servlet.DispatcherServlet        : Completed 200 OK
2026-06-03 21:32:35.851 DEBUG [trace:285dac3001ad4add85a0ed5eeddda85b] [event:] [module:ADMIN] --- [nio-8080-exec-8] o.s.web.servlet.DispatcherServlet        : GET "/analytics/api/stage-metrics?from=2026-05-27T20%3A00%3A00.0000000Z&to=2026-06-03T20%3A00%3A00.0000000Z&metricTypeCode=ITEM_COUNT&includeSummaries=false&includeTopValues=false", parameters={masked}
2026-06-03 21:32:35.851 DEBUG [trace:285dac3001ad4add85a0ed5eeddda85b] [event:] [module:ADMIN] --- [nio-8080-exec-8] s.w.s.m.m.a.RequestMappingHandlerMapping : Mapped to com.example.gqw.analytics.controller.AnalyticsStageController#stageMetrics(Instant, Instant, String, String, String, String, String, String, String, BigDecimal, BigDecimal, String, String, BigDecimal, BigDecimal, Integer, boolean, boolean, boolean)
2026-06-03 21:32:35.852 DEBUG [trace:285dac3001ad4add85a0ed5eeddda85b] [event:] [module:ADMIN] --- [nio-8080-exec-8] o.s.jdbc.core.JdbcTemplate               : Executing prepared SQL query
2026-06-03 21:32:35.852 DEBUG [trace:285dac3001ad4add85a0ed5eeddda85b] [event:] [module:ADMIN] --- [nio-8080-exec-8] o.s.jdbc.core.JdbcTemplate               : Executing prepared SQL statement [select to_regclass(?) is not null]
2026-06-03 21:32:35.852 DEBUG [trace:285dac3001ad4add85a0ed5eeddda85b] [event:] [module:ADMIN] --- [nio-8080-exec-8] o.s.jdbc.core.JdbcTemplate               : Executing prepared SQL query
2026-06-03 21:32:35.852 DEBUG [trace:285dac3001ad4add85a0ed5eeddda85b] [event:] [module:ADMIN] --- [nio-8080-exec-8] o.s.jdbc.core.JdbcTemplate               : Executing prepared SQL statement [select to_regclass(?) is not null]
2026-06-03 21:32:35.854 DEBUG [trace:285dac3001ad4add85a0ed5eeddda85b] [event:] [module:ADMIN] --- [nio-8080-exec-8] o.s.jdbc.core.JdbcTemplate               : Executing prepared SQL query
2026-06-03 21:32:35.854 DEBUG [trace:285dac3001ad4add85a0ed5eeddda85b] [event:] [module:ADMIN] --- [nio-8080-exec-8] o.s.jdbc.core.JdbcTemplate               : Executing prepared SQL statement [select to_regclass(?) is not null]
2026-06-03 21:32:35.854 DEBUG [trace:285dac3001ad4add85a0ed5eeddda85b] [event:] [module:ADMIN] --- [nio-8080-exec-8] o.s.jdbc.core.JdbcTemplate               : Executing prepared SQL query
2026-06-03 21:32:35.854 DEBUG [trace:285dac3001ad4add85a0ed5eeddda85b] [event:] [module:ADMIN] --- [nio-8080-exec-8] o.s.jdbc.core.JdbcTemplate               : Executing prepared SQL statement [select to_regclass(?) is not null]
2026-06-03 21:32:35.854 DEBUG [trace:285dac3001ad4add85a0ed5eeddda85b] [event:] [module:ADMIN] --- [nio-8080-exec-8] o.s.jdbc.core.JdbcTemplate               : Executing prepared SQL query
2026-06-03 21:32:35.854 DEBUG [trace:285dac3001ad4add85a0ed5eeddda85b] [event:] [module:ADMIN] --- [nio-8080-exec-8] o.s.jdbc.core.JdbcTemplate               : Executing prepared SQL statement [    select watermark_at
    from analytics.time_rollup_watermark
    where scope_code = ?
      and granularity_minutes = ?
]
2026-06-03 21:32:35.854 DEBUG [trace:285dac3001ad4add85a0ed5eeddda85b] [event:] [module:ADMIN] --- [nio-8080-exec-8] o.s.jdbc.core.JdbcTemplate               : Executing prepared SQL query
2026-06-03 21:32:35.854 DEBUG [trace:285dac3001ad4add85a0ed5eeddda85b] [event:] [module:ADMIN] --- [nio-8080-exec-8] o.s.jdbc.core.JdbcTemplate               : Executing prepared SQL statement [    select
        date_bin(
            (? || ' minutes')::interval,
            r.bucket_start,
            ?
        ) as bucket_start,
        sum(r.numeric_count) as numeric_count,
        coalesce(sum(r.numeric_sum), 0)::numeric(20, 3) as numeric_sum,
        coalesce(sum(r.p95_value * r.numeric_count), 0)::numeric(20, 3) as p95_weighted_sum
    from analytics.stage_metric_rollup_bucket r
    where r.granularity_minutes = ?
      and r.bucket_start >= ?
      and r.bucket_start < ?
      and r.numeric_count > 0
      and (? is null or r.module_code = ?)
      and (? is null or r.event_type_code = ?)
      and (? is null or r.stage_type_code = ?)
      and (? is null or r.metric_type_code = ?)
    group by 1
    order by 1 asc
]
2026-06-03 21:32:35.959 DEBUG [trace:285dac3001ad4add85a0ed5eeddda85b] [event:] [module:ADMIN] --- [nio-8080-exec-8] o.s.jdbc.core.JdbcTemplate               : Executing prepared SQL query
2026-06-03 21:32:35.959 DEBUG [trace:285dac3001ad4add85a0ed5eeddda85b] [event:] [module:ADMIN] --- [nio-8080-exec-8] o.s.jdbc.core.JdbcTemplate               : Executing prepared SQL statement [    select
        date_bin(
            (? || ' minutes')::interval,
            sm.recorded_at,
            ?
        ) as bucket_start,
        count(sm.metric_value_num) as numeric_count,
        coalesce(sum(sm.metric_value_num), 0)::numeric(20, 3) as numeric_sum,
        (
            coalesce(
                percentile_cont(0.95) within group (order by sm.metric_value_num)
                    filter (where sm.metric_value_num is not null),
                0
            ) * count(sm.metric_value_num)
        )::numeric(20, 3) as p95_weighted_sum
    from analytics.stage_metric sm
    join analytics.stage s on s.id = sm.stage_id
    join analytics.event e on e.id = s.event_id
    where sm.recorded_at >= ?
      and sm.recorded_at < ?
      and sm.metric_value_num is not null
      and (? is null or e.module_code = ?)
      and (? is null or e.event_type_code = ?)
      and (? is null or s.stage_type_code = ?)
      and (? is null or sm.metric_type_code = ?)
    group by 1
    order by 1 asc
]
2026-06-03 21:32:36.171  INFO [trace:285dac3001ad4add85a0ed5eeddda85b] [event:] [module:ADMIN] --- [nio-8080-exec-8] c.e.g.a.s.AnalyticsInsightsService       : [STAGE_METRICS_PERF] service path=rollup totalMs=319 from=2026-05-27T20:00:00Z to=2026-06-03T20:00:00Z module=null eventType=null stage=null metric=ITEM_COUNT bucket=180 includeSummaries=false includeTopValues=false rollupQueryMs=0 rawQueryMs=0 groupingMs=0 buildMs=1 seriesMs=317 topValuesMs=0 counts summaries=0 series=57 topValues=0
2026-06-03 21:32:36.172  INFO [trace:285dac3001ad4add85a0ed5eeddda85b] [event:] [module:ADMIN] --- [nio-8080-exec-8] c.e.g.a.c.AnalyticsStageController       : [STAGE_METRICS_PERF] controller endpoint=/api/stage-metrics totalMs=320 from=2026-05-27T20:00:00Z to=2026-06-03T20:00:00Z module=null eventType=null stage=null metric=ITEM_COUNT bucket=null includeSummaries=false includeTopValues=false counts summaries=0 series=57 topValues=0
2026-06-03 21:32:36.172 DEBUG [trace:285dac3001ad4add85a0ed5eeddda85b] [event:] [module:ADMIN] --- [nio-8080-exec-8] m.m.a.RequestResponseBodyMethodProcessor : Using 'application/json', given [*/*] and supported [application/json, application/*+json]
2026-06-03 21:32:36.172 DEBUG [trace:285dac3001ad4add85a0ed5eeddda85b] [event:] [module:ADMIN] --- [nio-8080-exec-8] m.m.a.RequestResponseBodyMethodProcessor : Writing [StageMetricResponse[from=2026-05-27T20:00:00Z, to=2026-06-03T20:00:00Z, bucketMinutes=180, selectedM (truncated)...]
2026-06-03 21:32:36.173 DEBUG [trace:285dac3001ad4add85a0ed5eeddda85b] [event:] [module:ADMIN] --- [nio-8080-exec-8] o.s.web.servlet.DispatcherServlet        : Completed 200 OK
2026-06-03 21:32:36.190 DEBUG [trace:28b9c08fd1974cd7bc8309556b4019e1] [event:] [module:ADMIN] --- [nio-8080-exec-9] o.s.web.servlet.DispatcherServlet        : GET "/analytics/api/stage-metrics?from=2026-05-27T20%3A00%3A00.0000000Z&to=2026-06-03T20%3A00%3A00.0000000Z&metricTypeCode=FRONTEND_PAGE_URL&includeSummaries=false", parameters={masked}
2026-06-03 21:32:36.190 DEBUG [trace:28b9c08fd1974cd7bc8309556b4019e1] [event:] [module:ADMIN] --- [nio-8080-exec-9] s.w.s.m.m.a.RequestMappingHandlerMapping : Mapped to com.example.gqw.analytics.controller.AnalyticsStageController#stageMetrics(Instant, Instant, String, String, String, String, String, String, String, BigDecimal, BigDecimal, String, String, BigDecimal, BigDecimal, Integer, boolean, boolean, boolean)
2026-06-03 21:32:36.191 DEBUG [trace:28b9c08fd1974cd7bc8309556b4019e1] [event:] [module:ADMIN] --- [nio-8080-exec-9] o.s.jdbc.core.JdbcTemplate               : Executing prepared SQL query
2026-06-03 21:32:36.191 DEBUG [trace:28b9c08fd1974cd7bc8309556b4019e1] [event:] [module:ADMIN] --- [nio-8080-exec-9] o.s.jdbc.core.JdbcTemplate               : Executing prepared SQL statement [select to_regclass(?) is not null]
2026-06-03 21:32:36.192 DEBUG [trace:28b9c08fd1974cd7bc8309556b4019e1] [event:] [module:ADMIN] --- [nio-8080-exec-9] o.s.jdbc.core.JdbcTemplate               : Executing prepared SQL query
2026-06-03 21:32:36.192 DEBUG [trace:28b9c08fd1974cd7bc8309556b4019e1] [event:] [module:ADMIN] --- [nio-8080-exec-9] o.s.jdbc.core.JdbcTemplate               : Executing prepared SQL statement [select to_regclass(?) is not null]
2026-06-03 21:32:36.193 DEBUG [trace:28b9c08fd1974cd7bc8309556b4019e1] [event:] [module:ADMIN] --- [nio-8080-exec-9] o.s.jdbc.core.JdbcTemplate               : Executing prepared SQL query
2026-06-03 21:32:36.193 DEBUG [trace:28b9c08fd1974cd7bc8309556b4019e1] [event:] [module:ADMIN] --- [nio-8080-exec-9] o.s.jdbc.core.JdbcTemplate               : Executing prepared SQL statement [    select
        value as value,
        count(*) as cnt
    from (
        select
            coalesce(nullif(trim(sm.metric_value_text), ''), sm.metric_value_num::text) as value
        from analytics.stage_metric sm
        join analytics.stage s on s.id = sm.stage_id
        join analytics.event e on e.id = s.event_id
        where sm.recorded_at >= ?
          and sm.recorded_at < ?
          and (? is null or e.module_code = ?)
          and (? is null or e.event_type_code = ?)
          and (? is null or s.stage_type_code = ?)
          and (? is null or sm.metric_type_code = ?)
    ) v
    where v.value is not null
    group by value
    order by cnt desc, value asc
    limit ?
]
2026-06-03 21:32:36.757  INFO [trace:28b9c08fd1974cd7bc8309556b4019e1] [event:] [module:ADMIN] --- [nio-8080-exec-9] c.e.g.a.s.AnalyticsInsightsService       : [STAGE_METRICS_PERF] service path=rollup totalMs=566 from=2026-05-27T20:00:00Z to=2026-06-03T20:00:00Z module=null eventType=null stage=null metric=FRONTEND_PAGE_URL bucket=180 includeSummaries=false includeTopValues=true rollupQueryMs=0 rawQueryMs=0 groupingMs=0 buildMs=0 seriesMs=0 topValuesMs=564 counts summaries=0 series=0 topValues=8
2026-06-03 21:32:36.758  INFO [trace:28b9c08fd1974cd7bc8309556b4019e1] [event:] [module:ADMIN] --- [nio-8080-exec-9] c.e.g.a.c.AnalyticsStageController       : [STAGE_METRICS_PERF] controller endpoint=/api/stage-metrics totalMs=567 from=2026-05-27T20:00:00Z to=2026-06-03T20:00:00Z module=null eventType=null stage=null metric=FRONTEND_PAGE_URL bucket=null includeSummaries=false includeTopValues=true counts summaries=0 series=0 topValues=8
2026-06-03 21:32:36.758 DEBUG [trace:28b9c08fd1974cd7bc8309556b4019e1] [event:] [module:ADMIN] --- [nio-8080-exec-9] m.m.a.RequestResponseBodyMethodProcessor : Using 'application/json', given [*/*] and supported [application/json, application/*+json]
2026-06-03 21:32:36.758 DEBUG [trace:28b9c08fd1974cd7bc8309556b4019e1] [event:] [module:ADMIN] --- [nio-8080-exec-9] m.m.a.RequestResponseBodyMethodProcessor : Writing [StageMetricResponse[from=2026-05-27T20:00:00Z, to=2026-06-03T20:00:00Z, bucketMinutes=180, selectedM (truncated)...]
2026-06-03 21:32:36.759 DEBUG [trace:28b9c08fd1974cd7bc8309556b4019e1] [event:] [module:ADMIN] --- [nio-8080-exec-9] o.s.web.servlet.DispatcherServlet        : Completed 200 OK
2026-06-03 21:32:36.771 DEBUG [trace:92a45f7b65e3453ab9de32318a4b1af6] [event:] [module:ADMIN] --- [io-8080-exec-10] o.s.web.servlet.DispatcherServlet        : GET "/analytics/api/stage-metrics?from=2026-05-04T20%3A00%3A00.0000000Z&to=2026-06-03T20%3A00%3A00.0000000Z&includeTopValues=false&includeSeries=false", parameters={masked}
2026-06-03 21:32:36.771 DEBUG [trace:92a45f7b65e3453ab9de32318a4b1af6] [event:] [module:ADMIN] --- [io-8080-exec-10] s.w.s.m.m.a.RequestMappingHandlerMapping : Mapped to com.example.gqw.analytics.controller.AnalyticsStageController#stageMetrics(Instant, Instant, String, String, String, String, String, String, String, BigDecimal, BigDecimal, String, String, BigDecimal, BigDecimal, Integer, boolean, boolean, boolean)
2026-06-03 21:32:36.772 DEBUG [trace:92a45f7b65e3453ab9de32318a4b1af6] [event:] [module:ADMIN] --- [io-8080-exec-10] o.s.jdbc.core.JdbcTemplate               : Executing prepared SQL query
2026-06-03 21:32:36.772 DEBUG [trace:92a45f7b65e3453ab9de32318a4b1af6] [event:] [module:ADMIN] --- [io-8080-exec-10] o.s.jdbc.core.JdbcTemplate               : Executing prepared SQL statement [select to_regclass(?) is not null]
2026-06-03 21:32:36.772 DEBUG [trace:92a45f7b65e3453ab9de32318a4b1af6] [event:] [module:ADMIN] --- [io-8080-exec-10] o.s.jdbc.core.JdbcTemplate               : Executing prepared SQL query
2026-06-03 21:32:36.772 DEBUG [trace:92a45f7b65e3453ab9de32318a4b1af6] [event:] [module:ADMIN] --- [io-8080-exec-10] o.s.jdbc.core.JdbcTemplate               : Executing prepared SQL statement [select to_regclass(?) is not null]
2026-06-03 21:32:36.772 DEBUG [trace:92a45f7b65e3453ab9de32318a4b1af6] [event:] [module:ADMIN] --- [io-8080-exec-10] o.s.jdbc.core.JdbcTemplate               : Executing prepared SQL query
2026-06-03 21:32:36.772 DEBUG [trace:92a45f7b65e3453ab9de32318a4b1af6] [event:] [module:ADMIN] --- [io-8080-exec-10] o.s.jdbc.core.JdbcTemplate               : Executing prepared SQL statement [select to_regclass(?) is not null]
2026-06-03 21:32:36.773 DEBUG [trace:92a45f7b65e3453ab9de32318a4b1af6] [event:] [module:ADMIN] --- [io-8080-exec-10] o.s.jdbc.core.JdbcTemplate               : Executing prepared SQL query
2026-06-03 21:32:36.773 DEBUG [trace:92a45f7b65e3453ab9de32318a4b1af6] [event:] [module:ADMIN] --- [io-8080-exec-10] o.s.jdbc.core.JdbcTemplate               : Executing prepared SQL statement [select to_regclass(?) is not null]
2026-06-03 21:32:36.773 DEBUG [trace:92a45f7b65e3453ab9de32318a4b1af6] [event:] [module:ADMIN] --- [io-8080-exec-10] o.s.jdbc.core.JdbcTemplate               : Executing prepared SQL query
2026-06-03 21:32:36.773 DEBUG [trace:92a45f7b65e3453ab9de32318a4b1af6] [event:] [module:ADMIN] --- [io-8080-exec-10] o.s.jdbc.core.JdbcTemplate               : Executing prepared SQL statement [    select watermark_at
    from analytics.time_rollup_watermark
    where scope_code = ?
      and granularity_minutes = ?
]
2026-06-03 21:32:36.773 DEBUG [trace:92a45f7b65e3453ab9de32318a4b1af6] [event:] [module:ADMIN] --- [io-8080-exec-10] o.s.jdbc.core.JdbcTemplate               : Executing prepared SQL query
2026-06-03 21:32:36.773 DEBUG [trace:92a45f7b65e3453ab9de32318a4b1af6] [event:] [module:ADMIN] --- [io-8080-exec-10] o.s.jdbc.core.JdbcTemplate               : Executing prepared SQL statement [    select
        r.metric_type_code as metric_type_code,
        min(nullif(trim(r.unit), '')) as unit,
        sum(r.sample_count) as sample_count,
        sum(r.numeric_count) as numeric_count,
        coalesce(sum(r.numeric_sum), 0)::numeric(20, 3) as numeric_sum,
        coalesce(sum(r.p95_value * r.numeric_count), 0)::numeric(20, 3) as p95_weighted_sum,
        min(r.min_value) as min_value,
        max(r.max_value) as max_value
    from analytics.stage_metric_rollup_bucket r
    where r.granularity_minutes = ?
      and r.bucket_start >= ?
      and r.bucket_start < ?
      and (? is null or r.module_code = ?)
      and (? is null or r.event_type_code = ?)
      and (? is null or r.stage_type_code = ?)
    group by r.metric_type_code
    order by sum(r.sample_count) desc, r.metric_type_code asc
]
2026-06-03 21:32:36.796 DEBUG [trace:92a45f7b65e3453ab9de32318a4b1af6] [event:] [module:ADMIN] --- [io-8080-exec-10] o.s.jdbc.core.JdbcTemplate               : Executing prepared SQL query
2026-06-03 21:32:36.796 DEBUG [trace:92a45f7b65e3453ab9de32318a4b1af6] [event:] [module:ADMIN] --- [io-8080-exec-10] o.s.jdbc.core.JdbcTemplate               : Executing prepared SQL statement [    select
        sm.metric_type_code as metric_type_code,
        min(nullif(trim(sm.unit), '')) as unit,
        count(*) as sample_count,
        count(sm.metric_value_num) as numeric_count,
        coalesce(sum(sm.metric_value_num), 0)::numeric(20, 3) as numeric_sum,
        (
            coalesce(
                percentile_cont(0.95) within group (order by sm.metric_value_num)
                    filter (where sm.metric_value_num is not null),
                0
            ) * count(sm.metric_value_num)
        )::numeric(20, 3) as p95_weighted_sum,
        min(sm.metric_value_num) as min_value,
        max(sm.metric_value_num) as max_value
    from analytics.stage_metric sm
    join analytics.stage s on s.id = sm.stage_id
    join analytics.event e on e.id = s.event_id
    where sm.recorded_at >= ?
      and sm.recorded_at < ?
      and (? is null or e.module_code = ?)
      and (? is null or e.event_type_code = ?)
      and (? is null or s.stage_type_code = ?)
      and sm.metric_type_code is not null
    group by sm.metric_type_code
    order by count(*) desc, sm.metric_type_code asc
]
2026-06-03 21:32:36.992  INFO [trace:92a45f7b65e3453ab9de32318a4b1af6] [event:] [module:ADMIN] --- [io-8080-exec-10] c.e.g.a.s.AnalyticsInsightsService       : [STAGE_METRICS_PERF] service path=rollup totalMs=220 from=2026-05-04T20:00:00Z to=2026-06-03T20:00:00Z module=null eventType=null stage=null metric=ITEM_COUNT bucket=360 includeSummaries=true includeTopValues=false rollupQueryMs=219 rawQueryMs=0 groupingMs=0 buildMs=1 seriesMs=0 topValuesMs=0 counts summaries=23 series=0 topValues=0
2026-06-03 21:32:36.993  INFO [trace:92a45f7b65e3453ab9de32318a4b1af6] [event:] [module:ADMIN] --- [io-8080-exec-10] c.e.g.a.c.AnalyticsStageController       : [STAGE_METRICS_PERF] controller endpoint=/api/stage-metrics totalMs=221 from=2026-05-04T20:00:00Z to=2026-06-03T20:00:00Z module=null eventType=null stage=null metric=null bucket=null includeSummaries=true includeTopValues=false counts summaries=23 series=0 topValues=0
2026-06-03 21:32:36.993 DEBUG [trace:92a45f7b65e3453ab9de32318a4b1af6] [event:] [module:ADMIN] --- [io-8080-exec-10] m.m.a.RequestResponseBodyMethodProcessor : Using 'application/json', given [*/*] and supported [application/json, application/*+json]
2026-06-03 21:32:36.993 DEBUG [trace:92a45f7b65e3453ab9de32318a4b1af6] [event:] [module:ADMIN] --- [io-8080-exec-10] m.m.a.RequestResponseBodyMethodProcessor : Writing [StageMetricResponse[from=2026-05-04T20:00:00Z, to=2026-06-03T20:00:00Z, bucketMinutes=360, selectedM (truncated)...]
2026-06-03 21:32:36.994 DEBUG [trace:92a45f7b65e3453ab9de32318a4b1af6] [event:] [module:ADMIN] --- [io-8080-exec-10] o.s.web.servlet.DispatcherServlet        : Completed 200 OK
2026-06-03 21:32:37.019 DEBUG [trace:bb7c358a332543088d83e8e9b5123529] [event:] [module:ADMIN] --- [nio-8080-exec-1] o.s.web.servlet.DispatcherServlet        : GET "/analytics/api/stage-metrics?from=2026-05-04T20%3A00%3A00.0000000Z&to=2026-06-03T20%3A00%3A00.0000000Z&metricTypeCode=ITEM_COUNT&includeSummaries=false&includeTopValues=false", parameters={masked}
2026-06-03 21:32:37.019 DEBUG [trace:bb7c358a332543088d83e8e9b5123529] [event:] [module:ADMIN] --- [nio-8080-exec-1] s.w.s.m.m.a.RequestMappingHandlerMapping : Mapped to com.example.gqw.analytics.controller.AnalyticsStageController#stageMetrics(Instant, Instant, String, String, String, String, String, String, String, BigDecimal, BigDecimal, String, String, BigDecimal, BigDecimal, Integer, boolean, boolean, boolean)
2026-06-03 21:32:37.020 DEBUG [trace:bb7c358a332543088d83e8e9b5123529] [event:] [module:ADMIN] --- [nio-8080-exec-1] o.s.jdbc.core.JdbcTemplate               : Executing prepared SQL query
2026-06-03 21:32:37.020 DEBUG [trace:bb7c358a332543088d83e8e9b5123529] [event:] [module:ADMIN] --- [nio-8080-exec-1] o.s.jdbc.core.JdbcTemplate               : Executing prepared SQL statement [select to_regclass(?) is not null]
2026-06-03 21:32:37.020 DEBUG [trace:bb7c358a332543088d83e8e9b5123529] [event:] [module:ADMIN] --- [nio-8080-exec-1] o.s.jdbc.core.JdbcTemplate               : Executing prepared SQL query
2026-06-03 21:32:37.020 DEBUG [trace:bb7c358a332543088d83e8e9b5123529] [event:] [module:ADMIN] --- [nio-8080-exec-1] o.s.jdbc.core.JdbcTemplate               : Executing prepared SQL statement [select to_regclass(?) is not null]
2026-06-03 21:32:37.021 DEBUG [trace:bb7c358a332543088d83e8e9b5123529] [event:] [module:ADMIN] --- [nio-8080-exec-1] o.s.jdbc.core.JdbcTemplate               : Executing prepared SQL query
2026-06-03 21:32:37.021 DEBUG [trace:bb7c358a332543088d83e8e9b5123529] [event:] [module:ADMIN] --- [nio-8080-exec-1] o.s.jdbc.core.JdbcTemplate               : Executing prepared SQL statement [select to_regclass(?) is not null]
2026-06-03 21:32:37.021 DEBUG [trace:bb7c358a332543088d83e8e9b5123529] [event:] [module:ADMIN] --- [nio-8080-exec-1] o.s.jdbc.core.JdbcTemplate               : Executing prepared SQL query
2026-06-03 21:32:37.021 DEBUG [trace:bb7c358a332543088d83e8e9b5123529] [event:] [module:ADMIN] --- [nio-8080-exec-1] o.s.jdbc.core.JdbcTemplate               : Executing prepared SQL statement [select to_regclass(?) is not null]
2026-06-03 21:32:37.021 DEBUG [trace:bb7c358a332543088d83e8e9b5123529] [event:] [module:ADMIN] --- [nio-8080-exec-1] o.s.jdbc.core.JdbcTemplate               : Executing prepared SQL query
2026-06-03 21:32:37.021 DEBUG [trace:bb7c358a332543088d83e8e9b5123529] [event:] [module:ADMIN] --- [nio-8080-exec-1] o.s.jdbc.core.JdbcTemplate               : Executing prepared SQL statement [    select watermark_at
    from analytics.time_rollup_watermark
    where scope_code = ?
      and granularity_minutes = ?
]
2026-06-03 21:32:37.021 DEBUG [trace:bb7c358a332543088d83e8e9b5123529] [event:] [module:ADMIN] --- [nio-8080-exec-1] o.s.jdbc.core.JdbcTemplate               : Executing prepared SQL query
2026-06-03 21:32:37.021 DEBUG [trace:bb7c358a332543088d83e8e9b5123529] [event:] [module:ADMIN] --- [nio-8080-exec-1] o.s.jdbc.core.JdbcTemplate               : Executing prepared SQL statement [    select
        date_bin(
            (? || ' minutes')::interval,
            r.bucket_start,
            ?
        ) as bucket_start,
        sum(r.numeric_count) as numeric_count,
        coalesce(sum(r.numeric_sum), 0)::numeric(20, 3) as numeric_sum,
        coalesce(sum(r.p95_value * r.numeric_count), 0)::numeric(20, 3) as p95_weighted_sum
    from analytics.stage_metric_rollup_bucket r
    where r.granularity_minutes = ?
      and r.bucket_start >= ?
      and r.bucket_start < ?
      and r.numeric_count > 0
      and (? is null or r.module_code = ?)
      and (? is null or r.event_type_code = ?)
      and (? is null or r.stage_type_code = ?)
      and (? is null or r.metric_type_code = ?)
    group by 1
    order by 1 asc
]
2026-06-03 21:32:37.026 DEBUG [trace:bb7c358a332543088d83e8e9b5123529] [event:] [module:ADMIN] --- [nio-8080-exec-1] o.s.jdbc.core.JdbcTemplate               : Executing prepared SQL query
2026-06-03 21:32:37.026 DEBUG [trace:bb7c358a332543088d83e8e9b5123529] [event:] [module:ADMIN] --- [nio-8080-exec-1] o.s.jdbc.core.JdbcTemplate               : Executing prepared SQL statement [    select
        date_bin(
            (? || ' minutes')::interval,
            sm.recorded_at,
            ?
        ) as bucket_start,
        count(sm.metric_value_num) as numeric_count,
        coalesce(sum(sm.metric_value_num), 0)::numeric(20, 3) as numeric_sum,
        (
            coalesce(
                percentile_cont(0.95) within group (order by sm.metric_value_num)
                    filter (where sm.metric_value_num is not null),
                0
            ) * count(sm.metric_value_num)
        )::numeric(20, 3) as p95_weighted_sum
    from analytics.stage_metric sm
    join analytics.stage s on s.id = sm.stage_id
    join analytics.event e on e.id = s.event_id
    where sm.recorded_at >= ?
      and sm.recorded_at < ?
      and sm.metric_value_num is not null
      and (? is null or e.module_code = ?)
      and (? is null or e.event_type_code = ?)
      and (? is null or s.stage_type_code = ?)
      and (? is null or sm.metric_type_code = ?)
    group by 1
    order by 1 asc
]
2026-06-03 21:32:37.235  INFO [trace:bb7c358a332543088d83e8e9b5123529] [event:] [module:ADMIN] --- [nio-8080-exec-1] c.e.g.a.s.AnalyticsInsightsService       : [STAGE_METRICS_PERF] service path=rollup totalMs=216 from=2026-05-04T20:00:00Z to=2026-06-03T20:00:00Z module=null eventType=null stage=null metric=ITEM_COUNT bucket=360 includeSummaries=false includeTopValues=false rollupQueryMs=0 rawQueryMs=0 groupingMs=0 buildMs=0 seriesMs=215 topValuesMs=0 counts summaries=0 series=121 topValues=0
2026-06-03 21:32:37.235  INFO [trace:bb7c358a332543088d83e8e9b5123529] [event:] [module:ADMIN] --- [nio-8080-exec-1] c.e.g.a.c.AnalyticsStageController       : [STAGE_METRICS_PERF] controller endpoint=/api/stage-metrics totalMs=216 from=2026-05-04T20:00:00Z to=2026-06-03T20:00:00Z module=null eventType=null stage=null metric=ITEM_COUNT bucket=null includeSummaries=false includeTopValues=false counts summaries=0 series=121 topValues=0
2026-06-03 21:32:37.236 DEBUG [trace:bb7c358a332543088d83e8e9b5123529] [event:] [module:ADMIN] --- [nio-8080-exec-1] m.m.a.RequestResponseBodyMethodProcessor : Using 'application/json', given [*/*] and supported [application/json, application/*+json]
2026-06-03 21:32:37.236 DEBUG [trace:bb7c358a332543088d83e8e9b5123529] [event:] [module:ADMIN] --- [nio-8080-exec-1] m.m.a.RequestResponseBodyMethodProcessor : Writing [StageMetricResponse[from=2026-05-04T20:00:00Z, to=2026-06-03T20:00:00Z, bucketMinutes=360, selectedM (truncated)...]
2026-06-03 21:32:37.237 DEBUG [trace:bb7c358a332543088d83e8e9b5123529] [event:] [module:ADMIN] --- [nio-8080-exec-1] o.s.web.servlet.DispatcherServlet        : Completed 200 OK
2026-06-03 21:32:37.254 DEBUG [trace:23ec7c2ae03e474ebab0220d620452fe] [event:] [module:ADMIN] --- [nio-8080-exec-2] o.s.web.servlet.DispatcherServlet        : GET "/analytics/api/stage-metrics?from=2026-05-04T20%3A00%3A00.0000000Z&to=2026-06-03T20%3A00%3A00.0000000Z&metricTypeCode=FRONTEND_PAGE_URL&includeSummaries=false", parameters={masked}
2026-06-03 21:32:37.255 DEBUG [trace:23ec7c2ae03e474ebab0220d620452fe] [event:] [module:ADMIN] --- [nio-8080-exec-2] s.w.s.m.m.a.RequestMappingHandlerMapping : Mapped to com.example.gqw.analytics.controller.AnalyticsStageController#stageMetrics(Instant, Instant, String, String, String, String, String, String, String, BigDecimal, BigDecimal, String, String, BigDecimal, BigDecimal, Integer, boolean, boolean, boolean)
2026-06-03 21:32:37.255 DEBUG [trace:23ec7c2ae03e474ebab0220d620452fe] [event:] [module:ADMIN] --- [nio-8080-exec-2] o.s.jdbc.core.JdbcTemplate               : Executing prepared SQL query
2026-06-03 21:32:37.255 DEBUG [trace:23ec7c2ae03e474ebab0220d620452fe] [event:] [module:ADMIN] --- [nio-8080-exec-2] o.s.jdbc.core.JdbcTemplate               : Executing prepared SQL statement [select to_regclass(?) is not null]
2026-06-03 21:32:37.256 DEBUG [trace:23ec7c2ae03e474ebab0220d620452fe] [event:] [module:ADMIN] --- [nio-8080-exec-2] o.s.jdbc.core.JdbcTemplate               : Executing prepared SQL query
2026-06-03 21:32:37.256 DEBUG [trace:23ec7c2ae03e474ebab0220d620452fe] [event:] [module:ADMIN] --- [nio-8080-exec-2] o.s.jdbc.core.JdbcTemplate               : Executing prepared SQL statement [select to_regclass(?) is not null]
2026-06-03 21:32:37.257 DEBUG [trace:23ec7c2ae03e474ebab0220d620452fe] [event:] [module:ADMIN] --- [nio-8080-exec-2] o.s.jdbc.core.JdbcTemplate               : Executing prepared SQL query
2026-06-03 21:32:37.257 DEBUG [trace:23ec7c2ae03e474ebab0220d620452fe] [event:] [module:ADMIN] --- [nio-8080-exec-2] o.s.jdbc.core.JdbcTemplate               : Executing prepared SQL statement [    select
        value as value,
        count(*) as cnt
    from (
        select
            coalesce(nullif(trim(sm.metric_value_text), ''), sm.metric_value_num::text) as value
        from analytics.stage_metric sm
        join analytics.stage s on s.id = sm.stage_id
        join analytics.event e on e.id = s.event_id
        where sm.recorded_at >= ?
          and sm.recorded_at < ?
          and (? is null or e.module_code = ?)
          and (? is null or e.event_type_code = ?)
          and (? is null or s.stage_type_code = ?)
          and (? is null or sm.metric_type_code = ?)
    ) v
    where v.value is not null
    group by value
    order by cnt desc, value asc
    limit ?
]
2026-06-03 21:32:37.350  INFO [trace:23ec7c2ae03e474ebab0220d620452fe] [event:] [module:ADMIN] --- [nio-8080-exec-2] c.e.g.a.s.AnalyticsInsightsService       : [STAGE_METRICS_PERF] service path=rollup totalMs=94 from=2026-05-04T20:00:00Z to=2026-06-03T20:00:00Z module=null eventType=null stage=null metric=FRONTEND_PAGE_URL bucket=360 includeSummaries=false includeTopValues=true rollupQueryMs=0 rawQueryMs=0 groupingMs=0 buildMs=0 seriesMs=0 topValuesMs=92 counts summaries=0 series=0 topValues=8
2026-06-03 21:32:37.350  INFO [trace:23ec7c2ae03e474ebab0220d620452fe] [event:] [module:ADMIN] --- [nio-8080-exec-2] c.e.g.a.c.AnalyticsStageController       : [STAGE_METRICS_PERF] controller endpoint=/api/stage-metrics totalMs=95 from=2026-05-04T20:00:00Z to=2026-06-03T20:00:00Z module=null eventType=null stage=null metric=FRONTEND_PAGE_URL bucket=null includeSummaries=false includeTopValues=true counts summaries=0 series=0 topValues=8
2026-06-03 21:32:37.351 DEBUG [trace:23ec7c2ae03e474ebab0220d620452fe] [event:] [module:ADMIN] --- [nio-8080-exec-2] m.m.a.RequestResponseBodyMethodProcessor : Using 'application/json', given [*/*] and supported [application/json, application/*+json]
2026-06-03 21:32:37.351 DEBUG [trace:23ec7c2ae03e474ebab0220d620452fe] [event:] [module:ADMIN] --- [nio-8080-exec-2] m.m.a.RequestResponseBodyMethodProcessor : Writing [StageMetricResponse[from=2026-05-04T20:00:00Z, to=2026-06-03T20:00:00Z, bucketMinutes=360, selectedM (truncated)...]
2026-06-03 21:32:37.351 DEBUG [trace:23ec7c2ae03e474ebab0220d620452fe] [event:] [module:ADMIN] --- [nio-8080-exec-2] o.s.web.servlet.DispatcherServlet        : Completed 200 OK
2026-06-03 21:32:37.362 DEBUG [trace:b9b096867ded40bba2ba3071b2538ce7] [event:] [module:ADMIN] --- [nio-8080-exec-4] o.s.web.servlet.DispatcherServlet        : GET "/analytics/api/stage-metrics?from=2026-03-05T20%3A00%3A00.0000000Z&to=2026-06-03T20%3A00%3A00.0000000Z&includeTopValues=false&includeSeries=false", parameters={masked}
2026-06-03 21:32:37.363 DEBUG [trace:b9b096867ded40bba2ba3071b2538ce7] [event:] [module:ADMIN] --- [nio-8080-exec-4] s.w.s.m.m.a.RequestMappingHandlerMapping : Mapped to com.example.gqw.analytics.controller.AnalyticsStageController#stageMetrics(Instant, Instant, String, String, String, String, String, String, String, BigDecimal, BigDecimal, String, String, BigDecimal, BigDecimal, Integer, boolean, boolean, boolean)
2026-06-03 21:32:37.363 DEBUG [trace:b9b096867ded40bba2ba3071b2538ce7] [event:] [module:ADMIN] --- [nio-8080-exec-4] o.s.jdbc.core.JdbcTemplate               : Executing prepared SQL query
2026-06-03 21:32:37.363 DEBUG [trace:b9b096867ded40bba2ba3071b2538ce7] [event:] [module:ADMIN] --- [nio-8080-exec-4] o.s.jdbc.core.JdbcTemplate               : Executing prepared SQL statement [select to_regclass(?) is not null]
2026-06-03 21:32:37.363 DEBUG [trace:b9b096867ded40bba2ba3071b2538ce7] [event:] [module:ADMIN] --- [nio-8080-exec-4] o.s.jdbc.core.JdbcTemplate               : Executing prepared SQL query
2026-06-03 21:32:37.363 DEBUG [trace:b9b096867ded40bba2ba3071b2538ce7] [event:] [module:ADMIN] --- [nio-8080-exec-4] o.s.jdbc.core.JdbcTemplate               : Executing prepared SQL statement [select to_regclass(?) is not null]
2026-06-03 21:32:37.364 DEBUG [trace:b9b096867ded40bba2ba3071b2538ce7] [event:] [module:ADMIN] --- [nio-8080-exec-4] o.s.jdbc.core.JdbcTemplate               : Executing prepared SQL query
2026-06-03 21:32:37.364 DEBUG [trace:b9b096867ded40bba2ba3071b2538ce7] [event:] [module:ADMIN] --- [nio-8080-exec-4] o.s.jdbc.core.JdbcTemplate               : Executing prepared SQL statement [select to_regclass(?) is not null]
2026-06-03 21:32:37.364 DEBUG [trace:b9b096867ded40bba2ba3071b2538ce7] [event:] [module:ADMIN] --- [nio-8080-exec-4] o.s.jdbc.core.JdbcTemplate               : Executing prepared SQL query
2026-06-03 21:32:37.364 DEBUG [trace:b9b096867ded40bba2ba3071b2538ce7] [event:] [module:ADMIN] --- [nio-8080-exec-4] o.s.jdbc.core.JdbcTemplate               : Executing prepared SQL statement [select to_regclass(?) is not null]
2026-06-03 21:32:37.364 DEBUG [trace:b9b096867ded40bba2ba3071b2538ce7] [event:] [module:ADMIN] --- [nio-8080-exec-4] o.s.jdbc.core.JdbcTemplate               : Executing prepared SQL query
2026-06-03 21:32:37.364 DEBUG [trace:b9b096867ded40bba2ba3071b2538ce7] [event:] [module:ADMIN] --- [nio-8080-exec-4] o.s.jdbc.core.JdbcTemplate               : Executing prepared SQL statement [    select watermark_at
    from analytics.time_rollup_watermark
    where scope_code = ?
      and granularity_minutes = ?
]
2026-06-03 21:32:37.364 DEBUG [trace:b9b096867ded40bba2ba3071b2538ce7] [event:] [module:ADMIN] --- [nio-8080-exec-4] o.s.jdbc.core.JdbcTemplate               : Executing prepared SQL query
2026-06-03 21:32:37.364 DEBUG [trace:b9b096867ded40bba2ba3071b2538ce7] [event:] [module:ADMIN] --- [nio-8080-exec-4] o.s.jdbc.core.JdbcTemplate               : Executing prepared SQL statement [    select
        r.metric_type_code as metric_type_code,
        min(nullif(trim(r.unit), '')) as unit,
        sum(r.sample_count) as sample_count,
        sum(r.numeric_count) as numeric_count,
        coalesce(sum(r.numeric_sum), 0)::numeric(20, 3) as numeric_sum,
        coalesce(sum(r.p95_value * r.numeric_count), 0)::numeric(20, 3) as p95_weighted_sum,
        min(r.min_value) as min_value,
        max(r.max_value) as max_value
    from analytics.stage_metric_rollup_bucket r
    where r.granularity_minutes = ?
      and r.bucket_start >= ?
      and r.bucket_start < ?
      and (? is null or r.module_code = ?)
      and (? is null or r.event_type_code = ?)
      and (? is null or r.stage_type_code = ?)
    group by r.metric_type_code
    order by sum(r.sample_count) desc, r.metric_type_code asc
]
2026-06-03 21:32:37.375 DEBUG [trace:b9b096867ded40bba2ba3071b2538ce7] [event:] [module:ADMIN] --- [nio-8080-exec-4] o.s.jdbc.core.JdbcTemplate               : Executing prepared SQL query
2026-06-03 21:32:37.375 DEBUG [trace:b9b096867ded40bba2ba3071b2538ce7] [event:] [module:ADMIN] --- [nio-8080-exec-4] o.s.jdbc.core.JdbcTemplate               : Executing prepared SQL statement [    select
        sm.metric_type_code as metric_type_code,
        min(nullif(trim(sm.unit), '')) as unit,
        count(*) as sample_count,
        count(sm.metric_value_num) as numeric_count,
        coalesce(sum(sm.metric_value_num), 0)::numeric(20, 3) as numeric_sum,
        (
            coalesce(
                percentile_cont(0.95) within group (order by sm.metric_value_num)
                    filter (where sm.metric_value_num is not null),
                0
            ) * count(sm.metric_value_num)
        )::numeric(20, 3) as p95_weighted_sum,
        min(sm.metric_value_num) as min_value,
        max(sm.metric_value_num) as max_value
    from analytics.stage_metric sm
    join analytics.stage s on s.id = sm.stage_id
    join analytics.event e on e.id = s.event_id
    where sm.recorded_at >= ?
      and sm.recorded_at < ?
      and (? is null or e.module_code = ?)
      and (? is null or e.event_type_code = ?)
      and (? is null or s.stage_type_code = ?)
      and sm.metric_type_code is not null
    group by sm.metric_type_code
    order by count(*) desc, sm.metric_type_code asc
]
2026-06-03 21:32:37.581  INFO [trace:b9b096867ded40bba2ba3071b2538ce7] [event:] [module:ADMIN] --- [nio-8080-exec-4] c.e.g.a.s.AnalyticsInsightsService       : [STAGE_METRICS_PERF] service path=rollup totalMs=217 from=2026-03-05T20:00:00Z to=2026-06-03T20:00:00Z module=null eventType=null stage=null metric=ITEM_COUNT bucket=1440 includeSummaries=true includeTopValues=false rollupQueryMs=215 rawQueryMs=0 groupingMs=0 buildMs=1 seriesMs=0 topValuesMs=0 counts summaries=25 series=0 topValues=0
2026-06-03 21:32:37.581  INFO [trace:b9b096867ded40bba2ba3071b2538ce7] [event:] [module:ADMIN] --- [nio-8080-exec-4] c.e.g.a.c.AnalyticsStageController       : [STAGE_METRICS_PERF] controller endpoint=/api/stage-metrics totalMs=218 from=2026-03-05T20:00:00Z to=2026-06-03T20:00:00Z module=null eventType=null stage=null metric=null bucket=null includeSummaries=true includeTopValues=false counts summaries=25 series=0 topValues=0
2026-06-03 21:32:37.582 DEBUG [trace:b9b096867ded40bba2ba3071b2538ce7] [event:] [module:ADMIN] --- [nio-8080-exec-4] m.m.a.RequestResponseBodyMethodProcessor : Using 'application/json', given [*/*] and supported [application/json, application/*+json]
2026-06-03 21:32:37.582 DEBUG [trace:b9b096867ded40bba2ba3071b2538ce7] [event:] [module:ADMIN] --- [nio-8080-exec-4] m.m.a.RequestResponseBodyMethodProcessor : Writing [StageMetricResponse[from=2026-03-05T20:00:00Z, to=2026-06-03T20:00:00Z, bucketMinutes=1440, selected (truncated)...]
2026-06-03 21:32:37.583 DEBUG [trace:b9b096867ded40bba2ba3071b2538ce7] [event:] [module:ADMIN] --- [nio-8080-exec-4] o.s.web.servlet.DispatcherServlet        : Completed 200 OK
2026-06-03 21:32:37.603 DEBUG [trace:ace43a68abaf472585901837882ee8df] [event:] [module:ADMIN] --- [nio-8080-exec-3] o.s.web.servlet.DispatcherServlet        : GET "/analytics/api/stage-metrics?from=2026-03-05T20%3A00%3A00.0000000Z&to=2026-06-03T20%3A00%3A00.0000000Z&metricTypeCode=ITEM_COUNT&includeSummaries=false&includeTopValues=false", parameters={masked}
2026-06-03 21:32:37.603 DEBUG [trace:ace43a68abaf472585901837882ee8df] [event:] [module:ADMIN] --- [nio-8080-exec-3] s.w.s.m.m.a.RequestMappingHandlerMapping : Mapped to com.example.gqw.analytics.controller.AnalyticsStageController#stageMetrics(Instant, Instant, String, String, String, String, String, String, String, BigDecimal, BigDecimal, String, String, BigDecimal, BigDecimal, Integer, boolean, boolean, boolean)
2026-06-03 21:32:37.604 DEBUG [trace:ace43a68abaf472585901837882ee8df] [event:] [module:ADMIN] --- [nio-8080-exec-3] o.s.jdbc.core.JdbcTemplate               : Executing prepared SQL query
2026-06-03 21:32:37.604 DEBUG [trace:ace43a68abaf472585901837882ee8df] [event:] [module:ADMIN] --- [nio-8080-exec-3] o.s.jdbc.core.JdbcTemplate               : Executing prepared SQL statement [select to_regclass(?) is not null]
2026-06-03 21:32:37.604 DEBUG [trace:ace43a68abaf472585901837882ee8df] [event:] [module:ADMIN] --- [nio-8080-exec-3] o.s.jdbc.core.JdbcTemplate               : Executing prepared SQL query
2026-06-03 21:32:37.604 DEBUG [trace:ace43a68abaf472585901837882ee8df] [event:] [module:ADMIN] --- [nio-8080-exec-3] o.s.jdbc.core.JdbcTemplate               : Executing prepared SQL statement [select to_regclass(?) is not null]
2026-06-03 21:32:37.606 DEBUG [trace:ace43a68abaf472585901837882ee8df] [event:] [module:ADMIN] --- [nio-8080-exec-3] o.s.jdbc.core.JdbcTemplate               : Executing prepared SQL query
2026-06-03 21:32:37.606 DEBUG [trace:ace43a68abaf472585901837882ee8df] [event:] [module:ADMIN] --- [nio-8080-exec-3] o.s.jdbc.core.JdbcTemplate               : Executing prepared SQL statement [select to_regclass(?) is not null]
2026-06-03 21:32:37.606 DEBUG [trace:ace43a68abaf472585901837882ee8df] [event:] [module:ADMIN] --- [nio-8080-exec-3] o.s.jdbc.core.JdbcTemplate               : Executing prepared SQL query
2026-06-03 21:32:37.606 DEBUG [trace:ace43a68abaf472585901837882ee8df] [event:] [module:ADMIN] --- [nio-8080-exec-3] o.s.jdbc.core.JdbcTemplate               : Executing prepared SQL statement [select to_regclass(?) is not null]
2026-06-03 21:32:37.606 DEBUG [trace:ace43a68abaf472585901837882ee8df] [event:] [module:ADMIN] --- [nio-8080-exec-3] o.s.jdbc.core.JdbcTemplate               : Executing prepared SQL query
2026-06-03 21:32:37.606 DEBUG [trace:ace43a68abaf472585901837882ee8df] [event:] [module:ADMIN] --- [nio-8080-exec-3] o.s.jdbc.core.JdbcTemplate               : Executing prepared SQL statement [    select watermark_at
    from analytics.time_rollup_watermark
    where scope_code = ?
      and granularity_minutes = ?
]
2026-06-03 21:32:37.607 DEBUG [trace:ace43a68abaf472585901837882ee8df] [event:] [module:ADMIN] --- [nio-8080-exec-3] o.s.jdbc.core.JdbcTemplate               : Executing prepared SQL query
2026-06-03 21:32:37.607 DEBUG [trace:ace43a68abaf472585901837882ee8df] [event:] [module:ADMIN] --- [nio-8080-exec-3] o.s.jdbc.core.JdbcTemplate               : Executing prepared SQL statement [    select
        date_bin(
            (? || ' minutes')::interval,
            r.bucket_start,
            ?
        ) as bucket_start,
        sum(r.numeric_count) as numeric_count,
        coalesce(sum(r.numeric_sum), 0)::numeric(20, 3) as numeric_sum,
        coalesce(sum(r.p95_value * r.numeric_count), 0)::numeric(20, 3) as p95_weighted_sum
    from analytics.stage_metric_rollup_bucket r
    where r.granularity_minutes = ?
      and r.bucket_start >= ?
      and r.bucket_start < ?
      and r.numeric_count > 0
      and (? is null or r.module_code = ?)
      and (? is null or r.event_type_code = ?)
      and (? is null or r.stage_type_code = ?)
      and (? is null or r.metric_type_code = ?)
    group by 1
    order by 1 asc
]
2026-06-03 21:32:37.612 DEBUG [trace:ace43a68abaf472585901837882ee8df] [event:] [module:ADMIN] --- [nio-8080-exec-3] o.s.jdbc.core.JdbcTemplate               : Executing prepared SQL query
2026-06-03 21:32:37.612 DEBUG [trace:ace43a68abaf472585901837882ee8df] [event:] [module:ADMIN] --- [nio-8080-exec-3] o.s.jdbc.core.JdbcTemplate               : Executing prepared SQL statement [    select
        date_bin(
            (? || ' minutes')::interval,
            sm.recorded_at,
            ?
        ) as bucket_start,
        count(sm.metric_value_num) as numeric_count,
        coalesce(sum(sm.metric_value_num), 0)::numeric(20, 3) as numeric_sum,
        (
            coalesce(
                percentile_cont(0.95) within group (order by sm.metric_value_num)
                    filter (where sm.metric_value_num is not null),
                0
            ) * count(sm.metric_value_num)
        )::numeric(20, 3) as p95_weighted_sum
    from analytics.stage_metric sm
    join analytics.stage s on s.id = sm.stage_id
    join analytics.event e on e.id = s.event_id
    where sm.recorded_at >= ?
      and sm.recorded_at < ?
      and sm.metric_value_num is not null
      and (? is null or e.module_code = ?)
      and (? is null or e.event_type_code = ?)
      and (? is null or s.stage_type_code = ?)
      and (? is null or sm.metric_type_code = ?)
    group by 1
    order by 1 asc
]
2026-06-03 21:32:37.836  INFO [trace:ace43a68abaf472585901837882ee8df] [event:] [module:ADMIN] --- [nio-8080-exec-3] c.e.g.a.s.AnalyticsInsightsService       : [STAGE_METRICS_PERF] service path=rollup totalMs=232 from=2026-03-05T20:00:00Z to=2026-06-03T20:00:00Z module=null eventType=null stage=null metric=ITEM_COUNT bucket=1440 includeSummaries=false includeTopValues=false rollupQueryMs=0 rawQueryMs=0 groupingMs=0 buildMs=1 seriesMs=230 topValuesMs=0 counts summaries=0 series=91 topValues=0
2026-06-03 21:32:37.837  INFO [trace:ace43a68abaf472585901837882ee8df] [event:] [module:ADMIN] --- [nio-8080-exec-3] c.e.g.a.c.AnalyticsStageController       : [STAGE_METRICS_PERF] controller endpoint=/api/stage-metrics totalMs=232 from=2026-03-05T20:00:00Z to=2026-06-03T20:00:00Z module=null eventType=null stage=null metric=ITEM_COUNT bucket=null includeSummaries=false includeTopValues=false counts summaries=0 series=91 topValues=0
2026-06-03 21:32:37.837 DEBUG [trace:ace43a68abaf472585901837882ee8df] [event:] [module:ADMIN] --- [nio-8080-exec-3] m.m.a.RequestResponseBodyMethodProcessor : Using 'application/json', given [*/*] and supported [application/json, application/*+json]
2026-06-03 21:32:37.837 DEBUG [trace:ace43a68abaf472585901837882ee8df] [event:] [module:ADMIN] --- [nio-8080-exec-3] m.m.a.RequestResponseBodyMethodProcessor : Writing [StageMetricResponse[from=2026-03-05T20:00:00Z, to=2026-06-03T20:00:00Z, bucketMinutes=1440, selected (truncated)...]
2026-06-03 21:32:37.838 DEBUG [trace:ace43a68abaf472585901837882ee8df] [event:] [module:ADMIN] --- [nio-8080-exec-3] o.s.web.servlet.DispatcherServlet        : Completed 200 OK
2026-06-03 21:32:37.856 DEBUG [trace:472fbbb8965142b4b625e8c879b7244e] [event:] [module:ADMIN] --- [nio-8080-exec-5] o.s.web.servlet.DispatcherServlet        : GET "/analytics/api/stage-metrics?from=2026-03-05T20%3A00%3A00.0000000Z&to=2026-06-03T20%3A00%3A00.0000000Z&metricTypeCode=FRONTEND_PAGE_URL&includeSummaries=false", parameters={masked}
2026-06-03 21:32:37.856 DEBUG [trace:472fbbb8965142b4b625e8c879b7244e] [event:] [module:ADMIN] --- [nio-8080-exec-5] s.w.s.m.m.a.RequestMappingHandlerMapping : Mapped to com.example.gqw.analytics.controller.AnalyticsStageController#stageMetrics(Instant, Instant, String, String, String, String, String, String, String, BigDecimal, BigDecimal, String, String, BigDecimal, BigDecimal, Integer, boolean, boolean, boolean)
2026-06-03 21:32:37.857 DEBUG [trace:472fbbb8965142b4b625e8c879b7244e] [event:] [module:ADMIN] --- [nio-8080-exec-5] o.s.jdbc.core.JdbcTemplate               : Executing prepared SQL query
2026-06-03 21:32:37.857 DEBUG [trace:472fbbb8965142b4b625e8c879b7244e] [event:] [module:ADMIN] --- [nio-8080-exec-5] o.s.jdbc.core.JdbcTemplate               : Executing prepared SQL statement [select to_regclass(?) is not null]
2026-06-03 21:32:37.857 DEBUG [trace:472fbbb8965142b4b625e8c879b7244e] [event:] [module:ADMIN] --- [nio-8080-exec-5] o.s.jdbc.core.JdbcTemplate               : Executing prepared SQL query
2026-06-03 21:32:37.857 DEBUG [trace:472fbbb8965142b4b625e8c879b7244e] [event:] [module:ADMIN] --- [nio-8080-exec-5] o.s.jdbc.core.JdbcTemplate               : Executing prepared SQL statement [select to_regclass(?) is not null]
2026-06-03 21:32:37.859 DEBUG [trace:472fbbb8965142b4b625e8c879b7244e] [event:] [module:ADMIN] --- [nio-8080-exec-5] o.s.jdbc.core.JdbcTemplate               : Executing prepared SQL query
2026-06-03 21:32:37.859 DEBUG [trace:472fbbb8965142b4b625e8c879b7244e] [event:] [module:ADMIN] --- [nio-8080-exec-5] o.s.jdbc.core.JdbcTemplate               : Executing prepared SQL statement [    select
        value as value,
        count(*) as cnt
    from (
        select
            coalesce(nullif(trim(sm.metric_value_text), ''), sm.metric_value_num::text) as value
        from analytics.stage_metric sm
        join analytics.stage s on s.id = sm.stage_id
        join analytics.event e on e.id = s.event_id
        where sm.recorded_at >= ?
          and sm.recorded_at < ?
          and (? is null or e.module_code = ?)
          and (? is null or e.event_type_code = ?)
          and (? is null or s.stage_type_code = ?)
          and (? is null or sm.metric_type_code = ?)
    ) v
    where v.value is not null
    group by value
    order by cnt desc, value asc
    limit ?
]
2026-06-03 21:32:38.032  INFO [trace:472fbbb8965142b4b625e8c879b7244e] [event:] [module:ADMIN] --- [nio-8080-exec-5] c.e.g.a.s.AnalyticsInsightsService       : [STAGE_METRICS_PERF] service path=rollup totalMs=175 from=2026-03-05T20:00:00Z to=2026-06-03T20:00:00Z module=null eventType=null stage=null metric=FRONTEND_PAGE_URL bucket=1440 includeSummaries=false includeTopValues=true rollupQueryMs=0 rawQueryMs=0 groupingMs=0 buildMs=1 seriesMs=0 topValuesMs=173 counts summaries=0 series=0 topValues=8
2026-06-03 21:32:38.033  INFO [trace:472fbbb8965142b4b625e8c879b7244e] [event:] [module:ADMIN] --- [nio-8080-exec-5] c.e.g.a.c.AnalyticsStageController       : [STAGE_METRICS_PERF] controller endpoint=/api/stage-metrics totalMs=176 from=2026-03-05T20:00:00Z to=2026-06-03T20:00:00Z module=null eventType=null stage=null metric=FRONTEND_PAGE_URL bucket=null includeSummaries=false includeTopValues=true counts summaries=0 series=0 topValues=8
2026-06-03 21:32:38.033 DEBUG [trace:472fbbb8965142b4b625e8c879b7244e] [event:] [module:ADMIN] --- [nio-8080-exec-5] m.m.a.RequestResponseBodyMethodProcessor : Using 'application/json', given [*/*] and supported [application/json, application/*+json]
2026-06-03 21:32:38.033 DEBUG [trace:472fbbb8965142b4b625e8c879b7244e] [event:] [module:ADMIN] --- [nio-8080-exec-5] m.m.a.RequestResponseBodyMethodProcessor : Writing [StageMetricResponse[from=2026-03-05T20:00:00Z, to=2026-06-03T20:00:00Z, bucketMinutes=1440, selected (truncated)...]
2026-06-03 21:32:38.039 DEBUG [trace:472fbbb8965142b4b625e8c879b7244e] [event:] [module:ADMIN] --- [nio-8080-exec-5] o.s.web.servlet.DispatcherServlet        : Completed 200 OK
2026-06-03 21:32:38.050 DEBUG [trace:bbeb9bda84824f8fa92f35e622e8eab9] [event:] [module:ADMIN] --- [nio-8080-exec-6] o.s.web.servlet.DispatcherServlet        : GET "/analytics/api/stage-metrics?from=2026-03-05T20%3A00%3A00.0000000Z&to=2026-06-03T20%3A00%3A00.0000000Z&includeTopValues=false&includeSeries=false", parameters={masked}
2026-06-03 21:32:38.050 DEBUG [trace:bbeb9bda84824f8fa92f35e622e8eab9] [event:] [module:ADMIN] --- [nio-8080-exec-6] s.w.s.m.m.a.RequestMappingHandlerMapping : Mapped to com.example.gqw.analytics.controller.AnalyticsStageController#stageMetrics(Instant, Instant, String, String, String, String, String, String, String, BigDecimal, BigDecimal, String, String, BigDecimal, BigDecimal, Integer, boolean, boolean, boolean)
2026-06-03 21:32:38.052 DEBUG [trace:bbeb9bda84824f8fa92f35e622e8eab9] [event:] [module:ADMIN] --- [nio-8080-exec-6] o.s.jdbc.core.JdbcTemplate               : Executing prepared SQL query
2026-06-03 21:32:38.052 DEBUG [trace:bbeb9bda84824f8fa92f35e622e8eab9] [event:] [module:ADMIN] --- [nio-8080-exec-6] o.s.jdbc.core.JdbcTemplate               : Executing prepared SQL statement [select to_regclass(?) is not null]
2026-06-03 21:32:38.052 DEBUG [trace:bbeb9bda84824f8fa92f35e622e8eab9] [event:] [module:ADMIN] --- [nio-8080-exec-6] o.s.jdbc.core.JdbcTemplate               : Executing prepared SQL query
2026-06-03 21:32:38.052 DEBUG [trace:bbeb9bda84824f8fa92f35e622e8eab9] [event:] [module:ADMIN] --- [nio-8080-exec-6] o.s.jdbc.core.JdbcTemplate               : Executing prepared SQL statement [select to_regclass(?) is not null]
2026-06-03 21:32:38.052 DEBUG [trace:bbeb9bda84824f8fa92f35e622e8eab9] [event:] [module:ADMIN] --- [nio-8080-exec-6] o.s.jdbc.core.JdbcTemplate               : Executing prepared SQL query
2026-06-03 21:32:38.052 DEBUG [trace:bbeb9bda84824f8fa92f35e622e8eab9] [event:] [module:ADMIN] --- [nio-8080-exec-6] o.s.jdbc.core.JdbcTemplate               : Executing prepared SQL statement [select to_regclass(?) is not null]
2026-06-03 21:32:38.052 DEBUG [trace:bbeb9bda84824f8fa92f35e622e8eab9] [event:] [module:ADMIN] --- [nio-8080-exec-6] o.s.jdbc.core.JdbcTemplate               : Executing prepared SQL query
2026-06-03 21:32:38.052 DEBUG [trace:bbeb9bda84824f8fa92f35e622e8eab9] [event:] [module:ADMIN] --- [nio-8080-exec-6] o.s.jdbc.core.JdbcTemplate               : Executing prepared SQL statement [select to_regclass(?) is not null]
2026-06-03 21:32:38.052 DEBUG [trace:bbeb9bda84824f8fa92f35e622e8eab9] [event:] [module:ADMIN] --- [nio-8080-exec-6] o.s.jdbc.core.JdbcTemplate               : Executing prepared SQL query
2026-06-03 21:32:38.052 DEBUG [trace:bbeb9bda84824f8fa92f35e622e8eab9] [event:] [module:ADMIN] --- [nio-8080-exec-6] o.s.jdbc.core.JdbcTemplate               : Executing prepared SQL statement [    select watermark_at
    from analytics.time_rollup_watermark
    where scope_code = ?
      and granularity_minutes = ?
]
2026-06-03 21:32:38.053 DEBUG [trace:bbeb9bda84824f8fa92f35e622e8eab9] [event:] [module:ADMIN] --- [nio-8080-exec-6] o.s.jdbc.core.JdbcTemplate               : Executing prepared SQL query
2026-06-03 21:32:38.053 DEBUG [trace:bbeb9bda84824f8fa92f35e622e8eab9] [event:] [module:ADMIN] --- [nio-8080-exec-6] o.s.jdbc.core.JdbcTemplate               : Executing prepared SQL statement [    select
        r.metric_type_code as metric_type_code,
        min(nullif(trim(r.unit), '')) as unit,
        sum(r.sample_count) as sample_count,
        sum(r.numeric_count) as numeric_count,
        coalesce(sum(r.numeric_sum), 0)::numeric(20, 3) as numeric_sum,
        coalesce(sum(r.p95_value * r.numeric_count), 0)::numeric(20, 3) as p95_weighted_sum,
        min(r.min_value) as min_value,
        max(r.max_value) as max_value
    from analytics.stage_metric_rollup_bucket r
    where r.granularity_minutes = ?
      and r.bucket_start >= ?
      and r.bucket_start < ?
      and (? is null or r.module_code = ?)
      and (? is null or r.event_type_code = ?)
      and (? is null or r.stage_type_code = ?)
    group by r.metric_type_code
    order by sum(r.sample_count) desc, r.metric_type_code asc
]
2026-06-03 21:32:38.072 DEBUG [trace:bbeb9bda84824f8fa92f35e622e8eab9] [event:] [module:ADMIN] --- [nio-8080-exec-6] o.s.jdbc.core.JdbcTemplate               : Executing prepared SQL query
2026-06-03 21:32:38.073 DEBUG [trace:bbeb9bda84824f8fa92f35e622e8eab9] [event:] [module:ADMIN] --- [nio-8080-exec-6] o.s.jdbc.core.JdbcTemplate               : Executing prepared SQL statement [    select
        sm.metric_type_code as metric_type_code,
        min(nullif(trim(sm.unit), '')) as unit,
        count(*) as sample_count,
        count(sm.metric_value_num) as numeric_count,
        coalesce(sum(sm.metric_value_num), 0)::numeric(20, 3) as numeric_sum,
        (
            coalesce(
                percentile_cont(0.95) within group (order by sm.metric_value_num)
                    filter (where sm.metric_value_num is not null),
                0
            ) * count(sm.metric_value_num)
        )::numeric(20, 3) as p95_weighted_sum,
        min(sm.metric_value_num) as min_value,
        max(sm.metric_value_num) as max_value
    from analytics.stage_metric sm
    join analytics.stage s on s.id = sm.stage_id
    join analytics.event e on e.id = s.event_id
    where sm.recorded_at >= ?
      and sm.recorded_at < ?
      and (? is null or e.module_code = ?)
      and (? is null or e.event_type_code = ?)
      and (? is null or s.stage_type_code = ?)
      and sm.metric_type_code is not null
    group by sm.metric_type_code
    order by count(*) desc, sm.metric_type_code asc
]
2026-06-03 21:32:38.306  INFO [trace:bbeb9bda84824f8fa92f35e622e8eab9] [event:] [module:ADMIN] --- [nio-8080-exec-6] c.e.g.a.s.AnalyticsInsightsService       : [STAGE_METRICS_PERF] service path=rollup totalMs=254 from=2026-03-05T20:00:00Z to=2026-06-03T20:00:00Z module=null eventType=null stage=null metric=ITEM_COUNT bucket=1440 includeSummaries=true includeTopValues=false rollupQueryMs=251 rawQueryMs=0 groupingMs=0 buildMs=2 seriesMs=0 topValuesMs=0 counts summaries=25 series=0 topValues=0
2026-06-03 21:32:38.307  INFO [trace:bbeb9bda84824f8fa92f35e622e8eab9] [event:] [module:ADMIN] --- [nio-8080-exec-6] c.e.g.a.c.AnalyticsStageController       : [STAGE_METRICS_PERF] controller endpoint=/api/stage-metrics totalMs=255 from=2026-03-05T20:00:00Z to=2026-06-03T20:00:00Z module=null eventType=null stage=null metric=null bucket=null includeSummaries=true includeTopValues=false counts summaries=25 series=0 topValues=0
2026-06-03 21:32:38.307 DEBUG [trace:bbeb9bda84824f8fa92f35e622e8eab9] [event:] [module:ADMIN] --- [nio-8080-exec-6] m.m.a.RequestResponseBodyMethodProcessor : Using 'application/json', given [*/*] and supported [application/json, application/*+json]
2026-06-03 21:32:38.308 DEBUG [trace:bbeb9bda84824f8fa92f35e622e8eab9] [event:] [module:ADMIN] --- [nio-8080-exec-6] m.m.a.RequestResponseBodyMethodProcessor : Writing [StageMetricResponse[from=2026-03-05T20:00:00Z, to=2026-06-03T20:00:00Z, bucketMinutes=1440, selected (truncated)...]
2026-06-03 21:32:38.308 DEBUG [trace:bbeb9bda84824f8fa92f35e622e8eab9] [event:] [module:ADMIN] --- [nio-8080-exec-6] o.s.web.servlet.DispatcherServlet        : Completed 200 OK
2026-06-03 21:32:38.335 DEBUG [trace:8af8b297f97b4a3caccbd4d280c90996] [event:] [module:ADMIN] --- [nio-8080-exec-7] o.s.web.servlet.DispatcherServlet        : GET "/analytics/api/stage-metrics?from=2026-03-05T20%3A00%3A00.0000000Z&to=2026-06-03T20%3A00%3A00.0000000Z&metricTypeCode=DB_QUERY_COUNT&includeSummaries=false&includeTopValues=false", parameters={masked}
2026-06-03 21:32:38.335 DEBUG [trace:8af8b297f97b4a3caccbd4d280c90996] [event:] [module:ADMIN] --- [nio-8080-exec-7] s.w.s.m.m.a.RequestMappingHandlerMapping : Mapped to com.example.gqw.analytics.controller.AnalyticsStageController#stageMetrics(Instant, Instant, String, String, String, String, String, String, String, BigDecimal, BigDecimal, String, String, BigDecimal, BigDecimal, Integer, boolean, boolean, boolean)
2026-06-03 21:32:38.336 DEBUG [trace:8af8b297f97b4a3caccbd4d280c90996] [event:] [module:ADMIN] --- [nio-8080-exec-7] o.s.jdbc.core.JdbcTemplate               : Executing prepared SQL query
2026-06-03 21:32:38.336 DEBUG [trace:8af8b297f97b4a3caccbd4d280c90996] [event:] [module:ADMIN] --- [nio-8080-exec-7] o.s.jdbc.core.JdbcTemplate               : Executing prepared SQL statement [select to_regclass(?) is not null]
2026-06-03 21:32:38.336 DEBUG [trace:8af8b297f97b4a3caccbd4d280c90996] [event:] [module:ADMIN] --- [nio-8080-exec-7] o.s.jdbc.core.JdbcTemplate               : Executing prepared SQL query
2026-06-03 21:32:38.337 DEBUG [trace:8af8b297f97b4a3caccbd4d280c90996] [event:] [module:ADMIN] --- [nio-8080-exec-7] o.s.jdbc.core.JdbcTemplate               : Executing prepared SQL statement [select to_regclass(?) is not null]
2026-06-03 21:32:38.338 DEBUG [trace:8af8b297f97b4a3caccbd4d280c90996] [event:] [module:ADMIN] --- [nio-8080-exec-7] o.s.jdbc.core.JdbcTemplate               : Executing prepared SQL query
2026-06-03 21:32:38.339 DEBUG [trace:8af8b297f97b4a3caccbd4d280c90996] [event:] [module:ADMIN] --- [nio-8080-exec-7] o.s.jdbc.core.JdbcTemplate               : Executing prepared SQL statement [select to_regclass(?) is not null]
2026-06-03 21:32:38.339 DEBUG [trace:8af8b297f97b4a3caccbd4d280c90996] [event:] [module:ADMIN] --- [nio-8080-exec-7] o.s.jdbc.core.JdbcTemplate               : Executing prepared SQL query
2026-06-03 21:32:38.339 DEBUG [trace:8af8b297f97b4a3caccbd4d280c90996] [event:] [module:ADMIN] --- [nio-8080-exec-7] o.s.jdbc.core.JdbcTemplate               : Executing prepared SQL statement [select to_regclass(?) is not null]
2026-06-03 21:32:38.339 DEBUG [trace:8af8b297f97b4a3caccbd4d280c90996] [event:] [module:ADMIN] --- [nio-8080-exec-7] o.s.jdbc.core.JdbcTemplate               : Executing prepared SQL query
2026-06-03 21:32:38.339 DEBUG [trace:8af8b297f97b4a3caccbd4d280c90996] [event:] [module:ADMIN] --- [nio-8080-exec-7] o.s.jdbc.core.JdbcTemplate               : Executing prepared SQL statement [    select watermark_at
    from analytics.time_rollup_watermark
    where scope_code = ?
      and granularity_minutes = ?
]
2026-06-03 21:32:38.339 DEBUG [trace:8af8b297f97b4a3caccbd4d280c90996] [event:] [module:ADMIN] --- [nio-8080-exec-7] o.s.jdbc.core.JdbcTemplate               : Executing prepared SQL query
2026-06-03 21:32:38.339 DEBUG [trace:8af8b297f97b4a3caccbd4d280c90996] [event:] [module:ADMIN] --- [nio-8080-exec-7] o.s.jdbc.core.JdbcTemplate               : Executing prepared SQL statement [    select
        date_bin(
            (? || ' minutes')::interval,
            r.bucket_start,
            ?
        ) as bucket_start,
        sum(r.numeric_count) as numeric_count,
        coalesce(sum(r.numeric_sum), 0)::numeric(20, 3) as numeric_sum,
        coalesce(sum(r.p95_value * r.numeric_count), 0)::numeric(20, 3) as p95_weighted_sum
    from analytics.stage_metric_rollup_bucket r
    where r.granularity_minutes = ?
      and r.bucket_start >= ?
      and r.bucket_start < ?
      and r.numeric_count > 0
      and (? is null or r.module_code = ?)
      and (? is null or r.event_type_code = ?)
      and (? is null or r.stage_type_code = ?)
      and (? is null or r.metric_type_code = ?)
    group by 1
    order by 1 asc
]
2026-06-03 21:32:38.366 DEBUG [trace:8af8b297f97b4a3caccbd4d280c90996] [event:] [module:ADMIN] --- [nio-8080-exec-7] o.s.jdbc.core.JdbcTemplate               : Executing prepared SQL query
2026-06-03 21:32:38.366 DEBUG [trace:8af8b297f97b4a3caccbd4d280c90996] [event:] [module:ADMIN] --- [nio-8080-exec-7] o.s.jdbc.core.JdbcTemplate               : Executing prepared SQL statement [    select
        date_bin(
            (? || ' minutes')::interval,
            sm.recorded_at,
            ?
        ) as bucket_start,
        count(sm.metric_value_num) as numeric_count,
        coalesce(sum(sm.metric_value_num), 0)::numeric(20, 3) as numeric_sum,
        (
            coalesce(
                percentile_cont(0.95) within group (order by sm.metric_value_num)
                    filter (where sm.metric_value_num is not null),
                0
            ) * count(sm.metric_value_num)
        )::numeric(20, 3) as p95_weighted_sum
    from analytics.stage_metric sm
    join analytics.stage s on s.id = sm.stage_id
    join analytics.event e on e.id = s.event_id
    where sm.recorded_at >= ?
      and sm.recorded_at < ?
      and sm.metric_value_num is not null
      and (? is null or e.module_code = ?)
      and (? is null or e.event_type_code = ?)
      and (? is null or s.stage_type_code = ?)
      and (? is null or sm.metric_type_code = ?)
    group by 1
    order by 1 asc
]
2026-06-03 21:32:38.575  INFO [trace:8af8b297f97b4a3caccbd4d280c90996] [event:] [module:ADMIN] --- [nio-8080-exec-7] c.e.g.a.s.AnalyticsInsightsService       : [STAGE_METRICS_PERF] service path=rollup totalMs=238 from=2026-03-05T20:00:00Z to=2026-06-03T20:00:00Z module=null eventType=null stage=null metric=DB_QUERY_COUNT bucket=1440 includeSummaries=false includeTopValues=false rollupQueryMs=0 rawQueryMs=0 groupingMs=0 buildMs=1 seriesMs=236 topValuesMs=0 counts summaries=0 series=91 topValues=0
2026-06-03 21:32:38.575  INFO [trace:8af8b297f97b4a3caccbd4d280c90996] [event:] [module:ADMIN] --- [nio-8080-exec-7] c.e.g.a.c.AnalyticsStageController       : [STAGE_METRICS_PERF] controller endpoint=/api/stage-metrics totalMs=239 from=2026-03-05T20:00:00Z to=2026-06-03T20:00:00Z module=null eventType=null stage=null metric=DB_QUERY_COUNT bucket=null includeSummaries=false includeTopValues=false counts summaries=0 series=91 topValues=0
2026-06-03 21:32:38.576 DEBUG [trace:8af8b297f97b4a3caccbd4d280c90996] [event:] [module:ADMIN] --- [nio-8080-exec-7] m.m.a.RequestResponseBodyMethodProcessor : Using 'application/json', given [*/*] and supported [application/json, application/*+json]
2026-06-03 21:32:38.576 DEBUG [trace:8af8b297f97b4a3caccbd4d280c90996] [event:] [module:ADMIN] --- [nio-8080-exec-7] m.m.a.RequestResponseBodyMethodProcessor : Writing [StageMetricResponse[from=2026-03-05T20:00:00Z, to=2026-06-03T20:00:00Z, bucketMinutes=1440, selected (truncated)...]
2026-06-03 21:32:38.576 DEBUG [trace:8af8b297f97b4a3caccbd4d280c90996] [event:] [module:ADMIN] --- [nio-8080-exec-7] o.s.web.servlet.DispatcherServlet        : Completed 200 OK
2026-06-03 21:32:38.600 DEBUG [trace:c349357d06f840578f8406219a16b829] [event:] [module:ADMIN] --- [nio-8080-exec-8] o.s.web.servlet.DispatcherServlet        : GET "/analytics/api/stage-metrics?from=2026-03-05T20%3A00%3A00.0000000Z&to=2026-06-03T20%3A00%3A00.0000000Z&metricTypeCode=FRONTEND_HTTP_STATUS&includeSummaries=false", parameters={masked}
2026-06-03 21:32:38.600 DEBUG [trace:c349357d06f840578f8406219a16b829] [event:] [module:ADMIN] --- [nio-8080-exec-8] s.w.s.m.m.a.RequestMappingHandlerMapping : Mapped to com.example.gqw.analytics.controller.AnalyticsStageController#stageMetrics(Instant, Instant, String, String, String, String, String, String, String, BigDecimal, BigDecimal, String, String, BigDecimal, BigDecimal, Integer, boolean, boolean, boolean)
2026-06-03 21:32:38.600 DEBUG [trace:c349357d06f840578f8406219a16b829] [event:] [module:ADMIN] --- [nio-8080-exec-8] o.s.jdbc.core.JdbcTemplate               : Executing prepared SQL query
2026-06-03 21:32:38.600 DEBUG [trace:c349357d06f840578f8406219a16b829] [event:] [module:ADMIN] --- [nio-8080-exec-8] o.s.jdbc.core.JdbcTemplate               : Executing prepared SQL statement [select to_regclass(?) is not null]
2026-06-03 21:32:38.601 DEBUG [trace:c349357d06f840578f8406219a16b829] [event:] [module:ADMIN] --- [nio-8080-exec-8] o.s.jdbc.core.JdbcTemplate               : Executing prepared SQL query
2026-06-03 21:32:38.601 DEBUG [trace:c349357d06f840578f8406219a16b829] [event:] [module:ADMIN] --- [nio-8080-exec-8] o.s.jdbc.core.JdbcTemplate               : Executing prepared SQL statement [select to_regclass(?) is not null]
2026-06-03 21:32:38.602 DEBUG [trace:c349357d06f840578f8406219a16b829] [event:] [module:ADMIN] --- [nio-8080-exec-8] o.s.jdbc.core.JdbcTemplate               : Executing prepared SQL query
2026-06-03 21:32:38.602 DEBUG [trace:c349357d06f840578f8406219a16b829] [event:] [module:ADMIN] --- [nio-8080-exec-8] o.s.jdbc.core.JdbcTemplate               : Executing prepared SQL statement [    select
        value as value,
        count(*) as cnt
    from (
        select
            coalesce(nullif(trim(sm.metric_value_text), ''), sm.metric_value_num::text) as value
        from analytics.stage_metric sm
        join analytics.stage s on s.id = sm.stage_id
        join analytics.event e on e.id = s.event_id
        where sm.recorded_at >= ?
          and sm.recorded_at < ?
          and (? is null or e.module_code = ?)
          and (? is null or e.event_type_code = ?)
          and (? is null or s.stage_type_code = ?)
          and (? is null or sm.metric_type_code = ?)
    ) v
    where v.value is not null
    group by value
    order by cnt desc, value asc
    limit ?
]
2026-06-03 21:32:38.765  INFO [trace:c349357d06f840578f8406219a16b829] [event:] [module:ADMIN] --- [nio-8080-exec-8] c.e.g.a.s.AnalyticsInsightsService       : [STAGE_METRICS_PERF] service path=rollup totalMs=164 from=2026-03-05T20:00:00Z to=2026-06-03T20:00:00Z module=null eventType=null stage=null metric=FRONTEND_HTTP_STATUS bucket=1440 includeSummaries=false includeTopValues=true rollupQueryMs=0 rawQueryMs=0 groupingMs=0 buildMs=0 seriesMs=0 topValuesMs=163 counts summaries=0 series=0 topValues=3
2026-06-03 21:32:38.765  INFO [trace:c349357d06f840578f8406219a16b829] [event:] [module:ADMIN] --- [nio-8080-exec-8] c.e.g.a.c.AnalyticsStageController       : [STAGE_METRICS_PERF] controller endpoint=/api/stage-metrics totalMs=165 from=2026-03-05T20:00:00Z to=2026-06-03T20:00:00Z module=null eventType=null stage=null metric=FRONTEND_HTTP_STATUS bucket=null includeSummaries=false includeTopValues=true counts summaries=0 series=0 topValues=3
2026-06-03 21:32:38.766 DEBUG [trace:c349357d06f840578f8406219a16b829] [event:] [module:ADMIN] --- [nio-8080-exec-8] m.m.a.RequestResponseBodyMethodProcessor : Using 'application/json', given [*/*] and supported [application/json, application/*+json]
2026-06-03 21:32:38.766 DEBUG [trace:c349357d06f840578f8406219a16b829] [event:] [module:ADMIN] --- [nio-8080-exec-8] m.m.a.RequestResponseBodyMethodProcessor : Writing [StageMetricResponse[from=2026-03-05T20:00:00Z, to=2026-06-03T20:00:00Z, bucketMinutes=1440, selected (truncated)...]
2026-06-03 21:32:38.766 DEBUG [trace:c349357d06f840578f8406219a16b829] [event:] [module:ADMIN] --- [nio-8080-exec-8] o.s.web.servlet.DispatcherServlet        : Completed 200 OK
2026-06-03 21:32:38.778 DEBUG [trace:12c5087f8014438291b70226b0606667] [event:] [module:ADMIN] --- [nio-8080-exec-9] o.s.web.servlet.DispatcherServlet        : GET "/analytics/api/stage-metrics?from=2025-12-05T20%3A00%3A00.0000000Z&to=2026-03-05T20%3A00%3A00.0000000Z&metricTypeCode=ITEM_COUNT&includeSummaries=false&includeTopValues=false", parameters={masked}
2026-06-03 21:32:38.778 DEBUG [trace:12c5087f8014438291b70226b0606667] [event:] [module:ADMIN] --- [nio-8080-exec-9] s.w.s.m.m.a.RequestMappingHandlerMapping : Mapped to com.example.gqw.analytics.controller.AnalyticsStageController#stageMetrics(Instant, Instant, String, String, String, String, String, String, String, BigDecimal, BigDecimal, String, String, BigDecimal, BigDecimal, Integer, boolean, boolean, boolean)
2026-06-03 21:32:38.778 DEBUG [trace:12c5087f8014438291b70226b0606667] [event:] [module:ADMIN] --- [nio-8080-exec-9] o.s.jdbc.core.JdbcTemplate               : Executing prepared SQL query
2026-06-03 21:32:38.778 DEBUG [trace:12c5087f8014438291b70226b0606667] [event:] [module:ADMIN] --- [nio-8080-exec-9] o.s.jdbc.core.JdbcTemplate               : Executing prepared SQL statement [select to_regclass(?) is not null]
2026-06-03 21:32:38.779 DEBUG [trace:12c5087f8014438291b70226b0606667] [event:] [module:ADMIN] --- [nio-8080-exec-9] o.s.jdbc.core.JdbcTemplate               : Executing prepared SQL query
2026-06-03 21:32:38.779 DEBUG [trace:12c5087f8014438291b70226b0606667] [event:] [module:ADMIN] --- [nio-8080-exec-9] o.s.jdbc.core.JdbcTemplate               : Executing prepared SQL statement [select to_regclass(?) is not null]
2026-06-03 21:32:38.780 DEBUG [trace:12c5087f8014438291b70226b0606667] [event:] [module:ADMIN] --- [nio-8080-exec-9] o.s.jdbc.core.JdbcTemplate               : Executing prepared SQL query
2026-06-03 21:32:38.780 DEBUG [trace:12c5087f8014438291b70226b0606667] [event:] [module:ADMIN] --- [nio-8080-exec-9] o.s.jdbc.core.JdbcTemplate               : Executing prepared SQL statement [select to_regclass(?) is not null]
2026-06-03 21:32:38.780 DEBUG [trace:12c5087f8014438291b70226b0606667] [event:] [module:ADMIN] --- [nio-8080-exec-9] o.s.jdbc.core.JdbcTemplate               : Executing prepared SQL query
2026-06-03 21:32:38.780 DEBUG [trace:12c5087f8014438291b70226b0606667] [event:] [module:ADMIN] --- [nio-8080-exec-9] o.s.jdbc.core.JdbcTemplate               : Executing prepared SQL statement [select to_regclass(?) is not null]
2026-06-03 21:32:38.781 DEBUG [trace:12c5087f8014438291b70226b0606667] [event:] [module:ADMIN] --- [nio-8080-exec-9] o.s.jdbc.core.JdbcTemplate               : Executing prepared SQL query
2026-06-03 21:32:38.781 DEBUG [trace:12c5087f8014438291b70226b0606667] [event:] [module:ADMIN] --- [nio-8080-exec-9] o.s.jdbc.core.JdbcTemplate               : Executing prepared SQL statement [    select watermark_at
    from analytics.time_rollup_watermark
    where scope_code = ?
      and granularity_minutes = ?
]
2026-06-03 21:32:38.781 DEBUG [trace:12c5087f8014438291b70226b0606667] [event:] [module:ADMIN] --- [nio-8080-exec-9] o.s.jdbc.core.JdbcTemplate               : Executing prepared SQL query
2026-06-03 21:32:38.781 DEBUG [trace:12c5087f8014438291b70226b0606667] [event:] [module:ADMIN] --- [nio-8080-exec-9] o.s.jdbc.core.JdbcTemplate               : Executing prepared SQL statement [    select
        date_bin(
            (? || ' minutes')::interval,
            r.bucket_start,
            ?
        ) as bucket_start,
        sum(r.numeric_count) as numeric_count,
        coalesce(sum(r.numeric_sum), 0)::numeric(20, 3) as numeric_sum,
        coalesce(sum(r.p95_value * r.numeric_count), 0)::numeric(20, 3) as p95_weighted_sum
    from analytics.stage_metric_rollup_bucket r
    where r.granularity_minutes = ?
      and r.bucket_start >= ?
      and r.bucket_start < ?
      and r.numeric_count > 0
      and (? is null or r.module_code = ?)
      and (? is null or r.event_type_code = ?)
      and (? is null or r.stage_type_code = ?)
      and (? is null or r.metric_type_code = ?)
    group by 1
    order by 1 asc
]
2026-06-03 21:32:38.782  INFO [trace:12c5087f8014438291b70226b0606667] [event:] [module:ADMIN] --- [nio-8080-exec-9] c.e.g.a.s.AnalyticsInsightsService       : [STAGE_METRICS_PERF] service path=rollup totalMs=2 from=2025-12-05T20:00:00Z to=2026-03-05T20:00:00Z module=null eventType=null stage=null metric=ITEM_COUNT bucket=1440 includeSummaries=false includeTopValues=false rollupQueryMs=0 rawQueryMs=0 groupingMs=0 buildMs=0 seriesMs=1 topValuesMs=0 counts summaries=0 series=91 topValues=0
2026-06-03 21:32:38.782  INFO [trace:12c5087f8014438291b70226b0606667] [event:] [module:ADMIN] --- [nio-8080-exec-9] c.e.g.a.c.AnalyticsStageController       : [STAGE_METRICS_PERF] controller endpoint=/api/stage-metrics totalMs=3 from=2025-12-05T20:00:00Z to=2026-03-05T20:00:00Z module=null eventType=null stage=null metric=ITEM_COUNT bucket=null includeSummaries=false includeTopValues=false counts summaries=0 series=91 topValues=0
2026-06-03 21:32:38.782 DEBUG [trace:12c5087f8014438291b70226b0606667] [event:] [module:ADMIN] --- [nio-8080-exec-9] m.m.a.RequestResponseBodyMethodProcessor : Using 'application/json', given [*/*] and supported [application/json, application/*+json]
2026-06-03 21:32:38.782 DEBUG [trace:12c5087f8014438291b70226b0606667] [event:] [module:ADMIN] --- [nio-8080-exec-9] m.m.a.RequestResponseBodyMethodProcessor : Writing [StageMetricResponse[from=2025-12-05T20:00:00Z, to=2026-03-05T20:00:00Z, bucketMinutes=1440, selected (truncated)...]
2026-06-03 21:32:38.783 DEBUG [trace:12c5087f8014438291b70226b0606667] [event:] [module:ADMIN] --- [nio-8080-exec-9] o.s.web.servlet.DispatcherServlet        : Completed 200 OK
2026-06-03 21:32:38.800 DEBUG [trace:c24978efcdd64534a1aad8b7e1fcd08d] [event:] [module:ADMIN] --- [io-8080-exec-10] o.s.web.servlet.DispatcherServlet        : GET "/analytics/api/stage-metrics?from=2026-03-05T20%3A00%3A00.0000000Z&to=2026-06-03T20%3A00%3A00.0000000Z&metricTypeCode=ITEM_COUNT&includeSummaries=false&includeTopValues=false", parameters={masked}
2026-06-03 21:32:38.800 DEBUG [trace:c24978efcdd64534a1aad8b7e1fcd08d] [event:] [module:ADMIN] --- [io-8080-exec-10] s.w.s.m.m.a.RequestMappingHandlerMapping : Mapped to com.example.gqw.analytics.controller.AnalyticsStageController#stageMetrics(Instant, Instant, String, String, String, String, String, String, String, BigDecimal, BigDecimal, String, String, BigDecimal, BigDecimal, Integer, boolean, boolean, boolean)
2026-06-03 21:32:38.801 DEBUG [trace:c24978efcdd64534a1aad8b7e1fcd08d] [event:] [module:ADMIN] --- [io-8080-exec-10] o.s.jdbc.core.JdbcTemplate               : Executing prepared SQL query
2026-06-03 21:32:38.801 DEBUG [trace:c24978efcdd64534a1aad8b7e1fcd08d] [event:] [module:ADMIN] --- [io-8080-exec-10] o.s.jdbc.core.JdbcTemplate               : Executing prepared SQL statement [select to_regclass(?) is not null]
2026-06-03 21:32:38.801 DEBUG [trace:c24978efcdd64534a1aad8b7e1fcd08d] [event:] [module:ADMIN] --- [io-8080-exec-10] o.s.jdbc.core.JdbcTemplate               : Executing prepared SQL query
2026-06-03 21:32:38.801 DEBUG [trace:c24978efcdd64534a1aad8b7e1fcd08d] [event:] [module:ADMIN] --- [io-8080-exec-10] o.s.jdbc.core.JdbcTemplate               : Executing prepared SQL statement [select to_regclass(?) is not null]
2026-06-03 21:32:38.802 DEBUG [trace:c24978efcdd64534a1aad8b7e1fcd08d] [event:] [module:ADMIN] --- [io-8080-exec-10] o.s.jdbc.core.JdbcTemplate               : Executing prepared SQL query
2026-06-03 21:32:38.802 DEBUG [trace:c24978efcdd64534a1aad8b7e1fcd08d] [event:] [module:ADMIN] --- [io-8080-exec-10] o.s.jdbc.core.JdbcTemplate               : Executing prepared SQL statement [select to_regclass(?) is not null]
2026-06-03 21:32:38.802 DEBUG [trace:c24978efcdd64534a1aad8b7e1fcd08d] [event:] [module:ADMIN] --- [io-8080-exec-10] o.s.jdbc.core.JdbcTemplate               : Executing prepared SQL query
2026-06-03 21:32:38.802 DEBUG [trace:c24978efcdd64534a1aad8b7e1fcd08d] [event:] [module:ADMIN] --- [io-8080-exec-10] o.s.jdbc.core.JdbcTemplate               : Executing prepared SQL statement [select to_regclass(?) is not null]
2026-06-03 21:32:38.802 DEBUG [trace:c24978efcdd64534a1aad8b7e1fcd08d] [event:] [module:ADMIN] --- [io-8080-exec-10] o.s.jdbc.core.JdbcTemplate               : Executing prepared SQL query
2026-06-03 21:32:38.803 DEBUG [trace:c24978efcdd64534a1aad8b7e1fcd08d] [event:] [module:ADMIN] --- [io-8080-exec-10] o.s.jdbc.core.JdbcTemplate               : Executing prepared SQL statement [    select watermark_at
    from analytics.time_rollup_watermark
    where scope_code = ?
      and granularity_minutes = ?
]
2026-06-03 21:32:38.803 DEBUG [trace:c24978efcdd64534a1aad8b7e1fcd08d] [event:] [module:ADMIN] --- [io-8080-exec-10] o.s.jdbc.core.JdbcTemplate               : Executing prepared SQL query
2026-06-03 21:32:38.803 DEBUG [trace:c24978efcdd64534a1aad8b7e1fcd08d] [event:] [module:ADMIN] --- [io-8080-exec-10] o.s.jdbc.core.JdbcTemplate               : Executing prepared SQL statement [    select
        date_bin(
            (? || ' minutes')::interval,
            r.bucket_start,
            ?
        ) as bucket_start,
        sum(r.numeric_count) as numeric_count,
        coalesce(sum(r.numeric_sum), 0)::numeric(20, 3) as numeric_sum,
        coalesce(sum(r.p95_value * r.numeric_count), 0)::numeric(20, 3) as p95_weighted_sum
    from analytics.stage_metric_rollup_bucket r
    where r.granularity_minutes = ?
      and r.bucket_start >= ?
      and r.bucket_start < ?
      and r.numeric_count > 0
      and (? is null or r.module_code = ?)
      and (? is null or r.event_type_code = ?)
      and (? is null or r.stage_type_code = ?)
      and (? is null or r.metric_type_code = ?)
    group by 1
    order by 1 asc
]
2026-06-03 21:32:38.809 DEBUG [trace:c24978efcdd64534a1aad8b7e1fcd08d] [event:] [module:ADMIN] --- [io-8080-exec-10] o.s.jdbc.core.JdbcTemplate               : Executing prepared SQL query
2026-06-03 21:32:38.809 DEBUG [trace:c24978efcdd64534a1aad8b7e1fcd08d] [event:] [module:ADMIN] --- [io-8080-exec-10] o.s.jdbc.core.JdbcTemplate               : Executing prepared SQL statement [    select
        date_bin(
            (? || ' minutes')::interval,
            sm.recorded_at,
            ?
        ) as bucket_start,
        count(sm.metric_value_num) as numeric_count,
        coalesce(sum(sm.metric_value_num), 0)::numeric(20, 3) as numeric_sum,
        (
            coalesce(
                percentile_cont(0.95) within group (order by sm.metric_value_num)
                    filter (where sm.metric_value_num is not null),
                0
            ) * count(sm.metric_value_num)
        )::numeric(20, 3) as p95_weighted_sum
    from analytics.stage_metric sm
    join analytics.stage s on s.id = sm.stage_id
    join analytics.event e on e.id = s.event_id
    where sm.recorded_at >= ?
      and sm.recorded_at < ?
      and sm.metric_value_num is not null
      and (? is null or e.module_code = ?)
      and (? is null or e.event_type_code = ?)
      and (? is null or s.stage_type_code = ?)
      and (? is null or sm.metric_type_code = ?)
    group by 1
    order by 1 asc
]
2026-06-03 21:32:39.022  INFO [trace:c24978efcdd64534a1aad8b7e1fcd08d] [event:] [module:ADMIN] --- [io-8080-exec-10] c.e.g.a.s.AnalyticsInsightsService       : [STAGE_METRICS_PERF] service path=rollup totalMs=220 from=2026-03-05T20:00:00Z to=2026-06-03T20:00:00Z module=null eventType=null stage=null metric=ITEM_COUNT bucket=1440 includeSummaries=false includeTopValues=false rollupQueryMs=0 rawQueryMs=0 groupingMs=0 buildMs=0 seriesMs=219 topValuesMs=0 counts summaries=0 series=91 topValues=0
2026-06-03 21:32:39.022  INFO [trace:c24978efcdd64534a1aad8b7e1fcd08d] [event:] [module:ADMIN] --- [io-8080-exec-10] c.e.g.a.c.AnalyticsStageController       : [STAGE_METRICS_PERF] controller endpoint=/api/stage-metrics totalMs=221 from=2026-03-05T20:00:00Z to=2026-06-03T20:00:00Z module=null eventType=null stage=null metric=ITEM_COUNT bucket=null includeSummaries=false includeTopValues=false counts summaries=0 series=91 topValues=0
2026-06-03 21:32:39.022 DEBUG [trace:c24978efcdd64534a1aad8b7e1fcd08d] [event:] [module:ADMIN] --- [io-8080-exec-10] m.m.a.RequestResponseBodyMethodProcessor : Using 'application/json', given [*/*] and supported [application/json, application/*+json]
2026-06-03 21:32:39.022 DEBUG [trace:c24978efcdd64534a1aad8b7e1fcd08d] [event:] [module:ADMIN] --- [io-8080-exec-10] m.m.a.RequestResponseBodyMethodProcessor : Writing [StageMetricResponse[from=2026-03-05T20:00:00Z, to=2026-06-03T20:00:00Z, bucketMinutes=1440, selected (truncated)...]
2026-06-03 21:32:39.023 DEBUG [trace:c24978efcdd64534a1aad8b7e1fcd08d] [event:] [module:ADMIN] --- [io-8080-exec-10] o.s.web.servlet.DispatcherServlet        : Completed 200 OK
2026-06-03 21:32:39.039 DEBUG [trace:2d7c39ecc2ce47959dfda965b5354b6e] [event:] [module:ADMIN] --- [nio-8080-exec-1] o.s.web.servlet.DispatcherServlet        : GET "/analytics/api/stage-metrics?from=2025-12-05T20%3A00%3A00.0000000Z&to=2026-03-05T20%3A00%3A00.0000000Z&metricTypeCode=FRONTEND_PAGE_URL&includeSummaries=false", parameters={masked}
2026-06-03 21:32:39.039 DEBUG [trace:2d7c39ecc2ce47959dfda965b5354b6e] [event:] [module:ADMIN] --- [nio-8080-exec-1] s.w.s.m.m.a.RequestMappingHandlerMapping : Mapped to com.example.gqw.analytics.controller.AnalyticsStageController#stageMetrics(Instant, Instant, String, String, String, String, String, String, String, BigDecimal, BigDecimal, String, String, BigDecimal, BigDecimal, Integer, boolean, boolean, boolean)
2026-06-03 21:32:39.040 DEBUG [trace:2d7c39ecc2ce47959dfda965b5354b6e] [event:] [module:ADMIN] --- [nio-8080-exec-1] o.s.jdbc.core.JdbcTemplate               : Executing prepared SQL query
2026-06-03 21:32:39.040 DEBUG [trace:2d7c39ecc2ce47959dfda965b5354b6e] [event:] [module:ADMIN] --- [nio-8080-exec-1] o.s.jdbc.core.JdbcTemplate               : Executing prepared SQL statement [select to_regclass(?) is not null]
2026-06-03 21:32:39.040 DEBUG [trace:2d7c39ecc2ce47959dfda965b5354b6e] [event:] [module:ADMIN] --- [nio-8080-exec-1] o.s.jdbc.core.JdbcTemplate               : Executing prepared SQL query
2026-06-03 21:32:39.040 DEBUG [trace:2d7c39ecc2ce47959dfda965b5354b6e] [event:] [module:ADMIN] --- [nio-8080-exec-1] o.s.jdbc.core.JdbcTemplate               : Executing prepared SQL statement [select to_regclass(?) is not null]
2026-06-03 21:32:39.042 DEBUG [trace:2d7c39ecc2ce47959dfda965b5354b6e] [event:] [module:ADMIN] --- [nio-8080-exec-1] o.s.jdbc.core.JdbcTemplate               : Executing prepared SQL query
2026-06-03 21:32:39.042 DEBUG [trace:2d7c39ecc2ce47959dfda965b5354b6e] [event:] [module:ADMIN] --- [nio-8080-exec-1] o.s.jdbc.core.JdbcTemplate               : Executing prepared SQL statement [    select
        value as value,
        count(*) as cnt
    from (
        select
            coalesce(nullif(trim(sm.metric_value_text), ''), sm.metric_value_num::text) as value
        from analytics.stage_metric sm
        join analytics.stage s on s.id = sm.stage_id
        join analytics.event e on e.id = s.event_id
        where sm.recorded_at >= ?
          and sm.recorded_at < ?
          and (? is null or e.module_code = ?)
          and (? is null or e.event_type_code = ?)
          and (? is null or s.stage_type_code = ?)
          and (? is null or sm.metric_type_code = ?)
    ) v
    where v.value is not null
    group by value
    order by cnt desc, value asc
    limit ?
]
2026-06-03 21:32:39.054  INFO [trace:2d7c39ecc2ce47959dfda965b5354b6e] [event:] [module:ADMIN] --- [nio-8080-exec-1] c.e.g.a.s.AnalyticsInsightsService       : [STAGE_METRICS_PERF] service path=rollup totalMs=14 from=2025-12-05T20:00:00Z to=2026-03-05T20:00:00Z module=null eventType=null stage=null metric=FRONTEND_PAGE_URL bucket=1440 includeSummaries=false includeTopValues=true rollupQueryMs=0 rawQueryMs=0 groupingMs=0 buildMs=1 seriesMs=0 topValuesMs=12 counts summaries=0 series=0 topValues=0
2026-06-03 21:32:39.054  INFO [trace:2d7c39ecc2ce47959dfda965b5354b6e] [event:] [module:ADMIN] --- [nio-8080-exec-1] c.e.g.a.c.AnalyticsStageController       : [STAGE_METRICS_PERF] controller endpoint=/api/stage-metrics totalMs=15 from=2025-12-05T20:00:00Z to=2026-03-05T20:00:00Z module=null eventType=null stage=null metric=FRONTEND_PAGE_URL bucket=null includeSummaries=false includeTopValues=true counts summaries=0 series=0 topValues=0
2026-06-03 21:32:39.055 DEBUG [trace:2d7c39ecc2ce47959dfda965b5354b6e] [event:] [module:ADMIN] --- [nio-8080-exec-1] m.m.a.RequestResponseBodyMethodProcessor : Using 'application/json', given [*/*] and supported [application/json, application/*+json]
2026-06-03 21:32:39.055 DEBUG [trace:2d7c39ecc2ce47959dfda965b5354b6e] [event:] [module:ADMIN] --- [nio-8080-exec-1] m.m.a.RequestResponseBodyMethodProcessor : Writing [StageMetricResponse[from=2025-12-05T20:00:00Z, to=2026-03-05T20:00:00Z, bucketMinutes=1440, selected (truncated)...]
2026-06-03 21:32:39.055 DEBUG [trace:2d7c39ecc2ce47959dfda965b5354b6e] [event:] [module:ADMIN] --- [nio-8080-exec-1] o.s.web.servlet.DispatcherServlet        : Completed 200 OK
2026-06-03 21:32:39.067 DEBUG [trace:005cf50f4f184eb2816126bbc7c0f518] [event:] [module:ADMIN] --- [nio-8080-exec-2] o.s.web.servlet.DispatcherServlet        : GET "/analytics/api/stage-metrics?from=2026-03-05T20%3A00%3A00.0000000Z&to=2026-06-03T20%3A00%3A00.0000000Z&metricTypeCode=FRONTEND_PAGE_URL&includeSummaries=false", parameters={masked}
2026-06-03 21:32:39.067 DEBUG [trace:005cf50f4f184eb2816126bbc7c0f518] [event:] [module:ADMIN] --- [nio-8080-exec-2] s.w.s.m.m.a.RequestMappingHandlerMapping : Mapped to com.example.gqw.analytics.controller.AnalyticsStageController#stageMetrics(Instant, Instant, String, String, String, String, String, String, String, BigDecimal, BigDecimal, String, String, BigDecimal, BigDecimal, Integer, boolean, boolean, boolean)
2026-06-03 21:32:39.068 DEBUG [trace:005cf50f4f184eb2816126bbc7c0f518] [event:] [module:ADMIN] --- [nio-8080-exec-2] o.s.jdbc.core.JdbcTemplate               : Executing prepared SQL query
2026-06-03 21:32:39.068 DEBUG [trace:005cf50f4f184eb2816126bbc7c0f518] [event:] [module:ADMIN] --- [nio-8080-exec-2] o.s.jdbc.core.JdbcTemplate               : Executing prepared SQL statement [select to_regclass(?) is not null]
2026-06-03 21:32:39.068 DEBUG [trace:005cf50f4f184eb2816126bbc7c0f518] [event:] [module:ADMIN] --- [nio-8080-exec-2] o.s.jdbc.core.JdbcTemplate               : Executing prepared SQL query
2026-06-03 21:32:39.068 DEBUG [trace:005cf50f4f184eb2816126bbc7c0f518] [event:] [module:ADMIN] --- [nio-8080-exec-2] o.s.jdbc.core.JdbcTemplate               : Executing prepared SQL statement [select to_regclass(?) is not null]
2026-06-03 21:32:39.070 DEBUG [trace:005cf50f4f184eb2816126bbc7c0f518] [event:] [module:ADMIN] --- [nio-8080-exec-2] o.s.jdbc.core.JdbcTemplate               : Executing prepared SQL query
2026-06-03 21:32:39.070 DEBUG [trace:005cf50f4f184eb2816126bbc7c0f518] [event:] [module:ADMIN] --- [nio-8080-exec-2] o.s.jdbc.core.JdbcTemplate               : Executing prepared SQL statement [    select
        value as value,
        count(*) as cnt
    from (
        select
            coalesce(nullif(trim(sm.metric_value_text), ''), sm.metric_value_num::text) as value
        from analytics.stage_metric sm
        join analytics.stage s on s.id = sm.stage_id
        join analytics.event e on e.id = s.event_id
        where sm.recorded_at >= ?
          and sm.recorded_at < ?
          and (? is null or e.module_code = ?)
          and (? is null or e.event_type_code = ?)
          and (? is null or s.stage_type_code = ?)
          and (? is null or sm.metric_type_code = ?)
    ) v
    where v.value is not null
    group by value
    order by cnt desc, value asc
    limit ?
]
2026-06-03 21:32:39.154  INFO [trace:005cf50f4f184eb2816126bbc7c0f518] [event:] [module:ADMIN] --- [nio-8080-exec-2] c.e.g.a.s.AnalyticsInsightsService       : [STAGE_METRICS_PERF] service path=rollup totalMs=85 from=2026-03-05T20:00:00Z to=2026-06-03T20:00:00Z module=null eventType=null stage=null metric=FRONTEND_PAGE_URL bucket=1440 includeSummaries=false includeTopValues=true rollupQueryMs=0 rawQueryMs=0 groupingMs=0 buildMs=0 seriesMs=0 topValuesMs=83 counts summaries=0 series=0 topValues=8
2026-06-03 21:32:39.155  INFO [trace:005cf50f4f184eb2816126bbc7c0f518] [event:] [module:ADMIN] --- [nio-8080-exec-2] c.e.g.a.c.AnalyticsStageController       : [STAGE_METRICS_PERF] controller endpoint=/api/stage-metrics totalMs=86 from=2026-03-05T20:00:00Z to=2026-06-03T20:00:00Z module=null eventType=null stage=null metric=FRONTEND_PAGE_URL bucket=null includeSummaries=false includeTopValues=true counts summaries=0 series=0 topValues=8
2026-06-03 21:32:39.155 DEBUG [trace:005cf50f4f184eb2816126bbc7c0f518] [event:] [module:ADMIN] --- [nio-8080-exec-2] m.m.a.RequestResponseBodyMethodProcessor : Using 'application/json', given [*/*] and supported [application/json, application/*+json]
2026-06-03 21:32:39.155 DEBUG [trace:005cf50f4f184eb2816126bbc7c0f518] [event:] [module:ADMIN] --- [nio-8080-exec-2] m.m.a.RequestResponseBodyMethodProcessor : Writing [StageMetricResponse[from=2026-03-05T20:00:00Z, to=2026-06-03T20:00:00Z, bucketMinutes=1440, selected (truncated)...]
2026-06-03 21:32:39.155 DEBUG [trace:005cf50f4f184eb2816126bbc7c0f518] [event:] [module:ADMIN] --- [nio-8080-exec-2] o.s.web.servlet.DispatcherServlet        : Completed 200 OK
2026-06-03 21:33:00.005 DEBUG [trace:] [event:] [module:] --- [   scheduling-1] o.s.jdbc.core.JdbcTemplate               : Executing prepared SQL query
2026-06-03 21:33:00.005 DEBUG [trace:] [event:] [module:] --- [   scheduling-1] o.s.jdbc.core.JdbcTemplate               : Executing prepared SQL statement [    select count(*)
    from INFORMATION_SCHEMA.TABLES
    where lower(table_schema) = ?
      and lower(table_name) = ?
]
2026-06-03 21:33:00.008 DEBUG [trace:] [event:] [module:] --- [   scheduling-1] o.s.jdbc.core.JdbcTemplate               : Executing prepared SQL query
2026-06-03 21:33:00.008 DEBUG [trace:] [event:] [module:] --- [   scheduling-1] o.s.jdbc.core.JdbcTemplate               : Executing prepared SQL statement [select setting_key, setting_value from analytics.runtime_setting]
2026-06-03 21:34:00.014 DEBUG [trace:] [event:] [module:] --- [   scheduling-1] o.s.jdbc.core.JdbcTemplate               : Executing prepared SQL query
2026-06-03 21:34:00.014 DEBUG [trace:] [event:] [module:] --- [   scheduling-1] o.s.jdbc.core.JdbcTemplate               : Executing prepared SQL statement [    select count(*)
    from INFORMATION_SCHEMA.TABLES
    where lower(table_schema) = ?
      and lower(table_name) = ?
]
2026-06-03 21:34:00.015 DEBUG [trace:] [event:] [module:] --- [   scheduling-1] o.s.jdbc.core.JdbcTemplate               : Executing prepared SQL query
2026-06-03 21:34:00.015 DEBUG [trace:] [event:] [module:] --- [   scheduling-1] o.s.jdbc.core.JdbcTemplate               : Executing prepared SQL statement [select setting_key, setting_value from analytics.runtime_setting]


C:\Users\Natalia\Desktop\„ˆ‹ŽŒ\GQW>if 1 EQU 0 goto mainEnd 

C:\Users\Natalia\Desktop\„ˆ‹ŽŒ\GQW>rem Set variable GRADLE_EXIT_CONSOLE if you need the _script_ return code instead of 

C:\Users\Natalia\Desktop\„ˆ‹ŽŒ\GQW>rem the _cmd.exe /c_ return code! 

C:\Users\Natalia\Desktop\„ˆ‹ŽŒ\GQW>set EXIT_CODE=1 

C:\Users\Natalia\Desktop\„ˆ‹ŽŒ\GQW>if 1 EQU 0 set EXIT_CODE=1 

C:\Users\Natalia\Desktop\„ˆ‹ŽŒ\GQW>if not "" == "" exit 1 

C:\Users\Natalia\Desktop\„ˆ‹ŽŒ\GQW>exit /b 1 
