
C:\Users\Natalia\Desktop\Ñàèãéå\GQW>if "Windows_NT" == "Windows_NT" setlocal

C:\Users\Natalia\Desktop\Ñàèãéå\GQW>set DIRNAME=C:\Users\Natalia\Desktop\Ñàèãéå\GQW\ 

C:\Users\Natalia\Desktop\Ñàèãéå\GQW>if "C:\Users\Natalia\Desktop\Ñàèãéå\GQW\" == "" set DIRNAME=. 

C:\Users\Natalia\Desktop\Ñàèãéå\GQW>set APP_BASE_NAME=gradlew 

C:\Users\Natalia\Desktop\Ñàèãéå\GQW>set APP_HOME=C:\Users\Natalia\Desktop\Ñàèãéå\GQW\ 

C:\Users\Natalia\Desktop\Ñàèãéå\GQW>for %i in ("C:\Users\Natalia\Desktop\Ñàèãéå\GQW\") do set APP_HOME=%~fsi 

C:\Users\Natalia\Desktop\Ñàèãéå\GQW>set APP_HOME=C:\Users\Natalia\Desktop\4AD6~1\GQW\ 

C:\Users\Natalia\Desktop\Ñàèãéå\GQW>set DEFAULT_JVM_OPTS="-Xmx64m" "-Xms64m" 

C:\Users\Natalia\Desktop\Ñàèãéå\GQW>if defined JAVA_HOME goto findJavaFromJavaHome 

C:\Users\Natalia\Desktop\Ñàèãéå\GQW>set JAVA_HOME=C:\Program Files\Java\jdk-21 

C:\Users\Natalia\Desktop\Ñàèãéå\GQW>set JAVA_EXE=C:\Program Files\Java\jdk-21/bin/java.exe 

C:\Users\Natalia\Desktop\Ñàèãéå\GQW>if exist "C:\Program Files\Java\jdk-21/bin/java.exe" goto execute 

C:\Users\Natalia\Desktop\Ñàèãéå\GQW>"C:\Program Files\Java\jdk-21/bin/java.exe" "-Xmx64m" "-Xms64m"   "-Dorg.gradle.appname=gradlew" -jar "C:\Users\Natalia\Desktop\4AD6~1\GQW\\gradle\wrapper\gradle-wrapper.jar" bootRun 
Starting a Gradle Daemon, 4 stopped Daemons could not be reused, use --status for details
> Task :compileJava UP-TO-DATE
> Task :processResources UP-TO-DATE
> Task :classes UP-TO-DATE

> Task :freePort8080
Port 8080 is already free.

> Task :resolveMainClassName UP-TO-DATE

> Task :bootRun

  .   ____          _            __ _ _
 /\\ / ___'_ __ _ _(_)_ __  __ _ \ \ \ \
( ( )\___ | '_ | '_| | '_ \/ _` | \ \ \ \
 \\/  ___)| |_)| | | | | || (_| |  ) ) ) )
  '  |____| .__|_| |_|_| |_\__, | / / / /
 =========|_|==============|___/=/_/_/_/

 :: Spring Boot ::                (v4.0.4)

2026-06-08 13:34:55.011  INFO [trace:] [event:] [module:] --- [  restartedMain] com.example.gqw.GqwApplication           : Starting GqwApplication using Java 21.0.8 with PID 6200 (C:\Users\Natalia\.gqw-build\gqw\classes\java\main started by Natalia in C:\Users\Natalia\Desktop\–î–ò–ü–õ–û–ú\GQW)
2026-06-08 13:34:55.018  INFO [trace:] [event:] [module:] --- [  restartedMain] com.example.gqw.GqwApplication           : No active profile set, falling back to 1 default profile: "default"
2026-06-08 13:34:55.019 DEBUG [trace:] [event:] [module:] --- [  restartedMain] o.s.boot.SpringApplication               : Loading source class com.example.gqw.GqwApplication
2026-06-08 13:34:55.048 DEBUG [trace:] [event:] [module:] --- [  restartedMain] o.s.b.devtools.restart.ChangeableUrls    : Matching URLs for reloading : [file:/C:/Users/Natalia/.gqw-build/gqw/classes/java/main/, file:/C:/Users/Natalia/.gqw-build/gqw/resources/main/]
2026-06-08 13:34:55.049 DEBUG [trace:] [event:] [module:] --- [  restartedMain] o.s.b.d.settings.DevToolsSettings        : Included patterns for restart : []
2026-06-08 13:34:55.049 DEBUG [trace:] [event:] [module:] --- [  restartedMain] o.s.b.d.settings.DevToolsSettings        : Excluded patterns for restart : [/spring-boot-starter-[\w-]+/, /spring-boot/(bin|build|out)/, /spring-boot-starter/(bin|build|out)/, /spring-boot-devtools/(bin|build|out)/, /spring-boot-actuator/(bin|build|out)/, /spring-boot-autoconfigure/(bin|build|out)/]
2026-06-08 13:34:55.049  INFO [trace:] [event:] [module:] --- [  restartedMain] .e.DevToolsPropertyDefaultsPostProcessor : Devtools property defaults active! Set 'spring.devtools.add-properties' to 'false' to disable
2026-06-08 13:34:55.049  INFO [trace:] [event:] [module:] --- [  restartedMain] .e.DevToolsPropertyDefaultsPostProcessor : For additional web related logging consider setting the 'logging.level.web' property to 'DEBUG'
2026-06-08 13:34:55.049 DEBUG [trace:] [event:] [module:] --- [  restartedMain] ConfigServletWebServerApplicationContext : Refreshing org.springframework.boot.web.server.servlet.context.AnnotationConfigServletWebServerApplicationContext@6330a8e2
2026-06-08 13:34:55.499  INFO [trace:] [event:] [module:] --- [  restartedMain] .s.d.r.c.RepositoryConfigurationDelegate : Bootstrapping Spring Data JPA repositories in DEFAULT mode.
2026-06-08 13:34:55.540  INFO [trace:] [event:] [module:] --- [  restartedMain] .s.d.r.c.RepositoryConfigurationDelegate : Finished Spring Data repository scanning in 34 ms. Found 13 JPA repository interfaces.
2026-06-08 13:34:55.541  INFO [trace:] [event:] [module:] --- [  restartedMain] .s.d.r.c.RepositoryConfigurationDelegate : Bootstrapping Spring Data JPA repositories in DEFAULT mode.
2026-06-08 13:34:55.564  INFO [trace:] [event:] [module:] --- [  restartedMain] .s.d.r.c.RepositoryConfigurationDelegate : Finished Spring Data repository scanning in 22 ms. Found 17 JPA repository interfaces.
2026-06-08 13:34:56.275 DEBUG [trace:] [event:] [module:] --- [  restartedMain] o.s.b.t.s.TomcatServletWebServerFactory  : Code archive: C:\Users\Natalia\.gradle\caches\modules-2\files-2.1\org.springframework.boot\spring-boot-web-server\4.0.4\fa5a9f0f4625491552aaf91dcefe5e1cb590d954\spring-boot-web-server-4.0.4.jar
2026-06-08 13:34:56.275 DEBUG [trace:] [event:] [module:] --- [  restartedMain] o.s.b.t.s.TomcatServletWebServerFactory  : Code archive: C:\Users\Natalia\.gradle\caches\modules-2\files-2.1\org.springframework.boot\spring-boot-web-server\4.0.4\fa5a9f0f4625491552aaf91dcefe5e1cb590d954\spring-boot-web-server-4.0.4.jar
2026-06-08 13:34:56.276 DEBUG [trace:] [event:] [module:] --- [  restartedMain] o.s.b.t.s.TomcatServletWebServerFactory  : None of the document roots [src/main/webapp, public, static] point to a directory and will be ignored.
2026-06-08 13:34:56.307  INFO [trace:] [event:] [module:] --- [  restartedMain] o.s.boot.tomcat.TomcatWebServer          : Tomcat initialized with port 8080 (http)
2026-06-08 13:34:56.319  INFO [trace:] [event:] [module:] --- [  restartedMain] o.apache.catalina.core.StandardService   : Starting service [Tomcat]
2026-06-08 13:34:56.319  INFO [trace:] [event:] [module:] --- [  restartedMain] o.apache.catalina.core.StandardEngine    : Starting Servlet engine: [Apache Tomcat/11.0.18]
2026-06-08 13:34:56.348 DEBUG [trace:] [event:] [module:] --- [  restartedMain] b.w.c.s.WebApplicationContextInitializer : Published root WebApplicationContext as ServletContext attribute with name [org.springframework.web.context.WebApplicationContext.ROOT]
2026-06-08 13:34:56.349  INFO [trace:] [event:] [module:] --- [  restartedMain] b.w.c.s.WebApplicationContextInitializer : Root WebApplicationContext: initialization completed in 1300 ms
2026-06-08 13:34:56.537 DEBUG [trace:] [event:] [module:] --- [  restartedMain] ySourcesPropertyResolver$DefaultResolver : Found key 'spring.jpa.properties.hibernate.hbm2ddl.create_namespaces' in PropertySource 'Config resource 'class path resource [application.properties]' via location 'optional:classpath:/'' with value of type String
2026-06-08 13:34:56.537 DEBUG [trace:] [event:] [module:] --- [  restartedMain] ySourcesPropertyResolver$DefaultResolver : Found key 'spring.jpa.properties.hibernate.jdbc.time_zone' in PropertySource 'Config resource 'class path resource [application.properties]' via location 'optional:classpath:/'' with value of type String
2026-06-08 13:34:56.550  INFO [trace:] [event:] [module:] --- [  restartedMain] org.hibernate.orm.jpa                    : HHH008540: Processing PersistenceUnitInfo [name: analytics]
2026-06-08 13:34:56.584  INFO [trace:] [event:] [module:] --- [  restartedMain] org.hibernate.orm.core                   : HHH000001: Hibernate ORM core version 7.2.7.Final
2026-06-08 13:34:56.899  INFO [trace:] [event:] [module:] --- [  restartedMain] o.s.o.j.p.SpringPersistenceUnitInfo      : No LoadTimeWeaver setup: ignoring JPA class transformer
2026-06-08 13:34:56.924  INFO [trace:] [event:] [module:] --- [  restartedMain] com.zaxxer.hikari.HikariDataSource       : analyticsDataSource - Starting...
2026-06-08 13:34:57.070  INFO [trace:] [event:] [module:] --- [  restartedMain] com.zaxxer.hikari.pool.HikariPool        : analyticsDataSource - Added connection org.postgresql.jdbc.PgConnection@1a190de
2026-06-08 13:34:57.070  INFO [trace:] [event:] [module:] --- [  restartedMain] com.zaxxer.hikari.HikariDataSource       : analyticsDataSource - Start completed.
2026-06-08 13:34:57.140  INFO [trace:] [event:] [module:] --- [  restartedMain] org.hibernate.orm.connections.pooling    : HHH10001005: Database info:
	Database JDBC URL [jdbc:postgresql://localhost:5432/gqw_analytics]
	Database driver: PostgreSQL JDBC Driver
	Database dialect: PostgreSQLDialect
	Database version: 18.0
	Default catalog/schema: gqw_analytics/public
	Autocommit mode: undefined/unknown
	Isolation level: READ_COMMITTED [default READ_COMMITTED]
	JDBC fetch size: none
	Pool: DataSourceConnectionProvider
	Minimum pool size: undefined/unknown
	Maximum pool size: undefined/unknown
2026-06-08 13:34:57.885  INFO [trace:] [event:] [module:] --- [  restartedMain] org.hibernate.orm.core                   : HHH000489: No JTA platform available (set 'hibernate.transaction.jta.platform' to enable JTA platform integration)
2026-06-08 13:34:57.953  INFO [trace:] [event:] [module:] --- [  restartedMain] j.LocalContainerEntityManagerFactoryBean : Initialized JPA EntityManagerFactory for persistence unit 'analytics'
2026-06-08 13:34:58.012 DEBUG [trace:] [event:] [module:] --- [  restartedMain] ySourcesPropertyResolver$DefaultResolver : Found key 'spring.jpa.properties.hibernate.hbm2ddl.create_namespaces' in PropertySource 'Config resource 'class path resource [application.properties]' via location 'optional:classpath:/'' with value of type String
2026-06-08 13:34:58.012 DEBUG [trace:] [event:] [module:] --- [  restartedMain] ySourcesPropertyResolver$DefaultResolver : Found key 'spring.jpa.properties.hibernate.jdbc.time_zone' in PropertySource 'Config resource 'class path resource [application.properties]' via location 'optional:classpath:/'' with value of type String
2026-06-08 13:34:58.015  INFO [trace:] [event:] [module:] --- [  restartedMain] org.hibernate.orm.jpa                    : HHH008540: Processing PersistenceUnitInfo [name: business]
2026-06-08 13:34:58.028  INFO [trace:] [event:] [module:] --- [  restartedMain] o.s.o.j.p.SpringPersistenceUnitInfo      : No LoadTimeWeaver setup: ignoring JPA class transformer
2026-06-08 13:34:58.028  INFO [trace:] [event:] [module:] --- [  restartedMain] com.zaxxer.hikari.HikariDataSource       : HikariPool-1 - Starting...
2026-06-08 13:34:58.054  INFO [trace:] [event:] [module:] --- [  restartedMain] com.zaxxer.hikari.pool.HikariPool        : HikariPool-1 - Added connection org.postgresql.jdbc.PgConnection@5ac43516
2026-06-08 13:34:58.054  INFO [trace:] [event:] [module:] --- [  restartedMain] com.zaxxer.hikari.HikariDataSource       : HikariPool-1 - Start completed.
2026-06-08 13:34:58.068  INFO [trace:] [event:] [module:] --- [  restartedMain] org.hibernate.orm.connections.pooling    : HHH10001005: Database info:
	Database JDBC URL [jdbc:postgresql://localhost:5432/gqw]
	Database driver: PostgreSQL JDBC Driver
	Database dialect: PostgreSQLDialect
	Database version: 18.0
	Default catalog/schema: gqw/public
	Autocommit mode: undefined/unknown
	Isolation level: READ_COMMITTED [default READ_COMMITTED]
	JDBC fetch size: none
	Pool: DataSourceConnectionProvider
	Minimum pool size: undefined/unknown
	Maximum pool size: undefined/unknown
2026-06-08 13:34:58.340  INFO [trace:] [event:] [module:] --- [  restartedMain] org.hibernate.orm.core                   : HHH000489: No JTA platform available (set 'hibernate.transaction.jta.platform' to enable JTA platform integration)
2026-06-08 13:34:58.380  INFO [trace:] [event:] [module:] --- [  restartedMain] j.LocalContainerEntityManagerFactoryBean : Initialized JPA EntityManagerFactory for persistence unit 'business'
2026-06-08 13:34:58.414  INFO [trace:] [event:] [module:] --- [  restartedMain] o.s.d.j.r.query.QueryEnhancerFactories   : Hibernate is in classpath; If applicable, HQL parser will be used.
2026-06-08 13:35:00.135 DEBUG [trace:] [event:] [module:] --- [  restartedMain] o.s.b.w.s.ServletContextInitializerBeans : Mapping filters: springSecurityFilterChain urls=[/*] order=-100, analyticsStaticUtf8Filter urls=[/analytics/js/*, /analytics/css/*] order=2147483647, characterEncodingFilter urls=[/*] order=-2147483648, appModuleMdcFilter urls=[/*] order=-2147483643, traceIdFilter urls=[/*] order=-2147483638, hiddenHttpMethodFilter urls=[/*] order=-10000, formContentFilter urls=[/*] order=-9900, requestContextFilter urls=[/*] order=-105
2026-06-08 13:35:00.135 DEBUG [trace:] [event:] [module:] --- [  restartedMain] o.s.b.w.s.ServletContextInitializerBeans : Mapping servlets: dispatcherServlet urls=[/]
2026-06-08 13:35:00.152 DEBUG [trace:] [event:] [module:] --- [  restartedMain] o.s.b.s.f.OrderedRequestContextFilter    : Filter 'requestContextFilter' configured for use
2026-06-08 13:35:00.153 DEBUG [trace:] [event:] [module:] --- [  restartedMain] o.s.b.s.f.OrderedHiddenHttpMethodFilter  : Filter 'hiddenHttpMethodFilter' configured for use
2026-06-08 13:35:00.153 DEBUG [trace:] [event:] [module:] --- [  restartedMain] o.s.b.s.f.OrderedCharacterEncodingFilter : Filter 'characterEncodingFilter' configured for use
2026-06-08 13:35:00.153 DEBUG [trace:] [event:] [module:] --- [  restartedMain] .DelegatingFilterProxyRegistrationBean$1 : Filter 'springSecurityFilterChain' configured for use
2026-06-08 13:35:00.153 DEBUG [trace:] [event:] [module:] --- [  restartedMain] o.s.b.s.filter.OrderedFormContentFilter  : Filter 'formContentFilter' configured for use
2026-06-08 13:35:01.030 DEBUG [trace:] [event:] [module:] --- [  restartedMain] o.s.b.a.AutoConfigurationPackages        : @EnableAutoConfiguration was declared on a class in the package 'com.example.gqw'. Automatic @Repository and @Entity scanning is enabled.
2026-06-08 13:35:01.120  INFO [trace:] [event:] [module:] --- [  restartedMain] r$InitializeUserDetailsManagerConfigurer : Global AuthenticationManager configured with UserDetailsService bean with name customUserDetailsService
2026-06-08 13:35:01.431 DEBUG [trace:] [event:] [module:] --- [  restartedMain] s.w.s.m.m.a.RequestMappingHandlerMapping : 153 mappings in 'requestMappingHandlerMapping'
2026-06-08 13:35:01.462 DEBUG [trace:] [event:] [module:] --- [  restartedMain] o.s.w.s.handler.SimpleUrlHandlerMapping  : Patterns [/webjars/**, /**, /analytics/js/**, /analytics/css/**, /analytics/img/**, /shop/**, /admin/**, /img/**, /uploads/products/**, /uploads/categories/**, /uploads/library/**, /uploads/reviews/**] in 'resourceHandlerMapping'
2026-06-08 13:35:01.491 DEBUG [trace:] [event:] [module:] --- [  restartedMain] s.w.s.m.m.a.RequestMappingHandlerAdapter : ControllerAdvice beans: 1 @ModelAttribute, 0 @InitBinder, 2 RequestBodyAdvice, 1 ResponseBodyAdvice
2026-06-08 13:35:01.573 DEBUG [trace:] [event:] [module:] --- [  restartedMain] .m.m.a.ExceptionHandlerExceptionResolver : ControllerAdvice beans: 1 @ExceptionHandler, 1 ResponseBodyAdvice
2026-06-08 13:35:01.778  INFO [trace:] [event:] [module:] --- [  restartedMain] o.s.boot.tomcat.TomcatWebServer          : Tomcat started on port 8080 (http) with context path '/'
2026-06-08 13:35:01.788 DEBUG [trace:] [event:] [module:] --- [  restartedMain] .s.b.a.l.ConditionEvaluationReportLogger : 


============================
CONDITIONS EVALUATION REPORT
============================


Positive matches:
-----------------

   AnalyticsEventCodesMigrationConfig matched:
      - @ConditionalOnProperty (app.analytics.event-codes-migration-enabled=true) matched; @ConditionalOnProperty (app.startup.runners-enabled=true) matched (OnPropertyCondition)

   AnalyticsFilterRollupSchemaConfig matched:
      - @ConditionalOnProperty (app.startup.runners-enabled=true) matched (OnPropertyCondition)

   AnalyticsLogIndexSchemaConfig matched:
      - @ConditionalOnProperty (app.startup.runners-enabled=true) matched (OnPropertyCondition)

   AnalyticsMethodLoggingAspect matched:
      - @ConditionalOnProperty (app.analytics.method-logging.enabled=true) matched (OnPropertyCondition)

   AnalyticsMetricNamesPatchConfig matched:
      - @ConditionalOnProperty (app.analytics.metric-names-patch-enabled=true) matched; @ConditionalOnProperty (app.startup.runners-enabled=true) matched (OnPropertyCondition)

   AnalyticsModuleSchemaPatchConfig matched:
      - @ConditionalOnProperty (app.startup.runners-enabled=true) matched (OnPropertyCondition)

   AnalyticsPerformanceIndexesConfig matched:
      - @ConditionalOnProperty (app.startup.runners-enabled=true) matched (OnPropertyCondition)

   AnalyticsPersistenceConfig#analyticsDataSource matched:
      - @ConditionalOnProperty (app.analytics.datasource.enabled=true) matched (OnPropertyCondition)

   AnalyticsPersistenceConfig.AnalyticsJpaConfig matched:
      - @ConditionalOnProperty (app.analytics.datasource.enabled=true) matched (OnPropertyCondition)

   AnalyticsPersistenceConfig.BusinessJpaConfig matched:
      - @ConditionalOnProperty (app.analytics.datasource.enabled=true) matched (OnPropertyCondition)

   AnalyticsRequestPathSchemaPatchConfig matched:
      - @ConditionalOnProperty (app.startup.runners-enabled=true) matched (OnPropertyCondition)

   AnalyticsResponseStageCleanupConfig matched:
      - @ConditionalOnProperty (app.startup.runners-enabled=true) matched (OnPropertyCondition)

   AnalyticsRuntimeSettingsSchemaConfig matched:
      - @ConditionalOnProperty (app.startup.runners-enabled=true) matched (OnPropertyCondition)

   AnalyticsStageMetricRollupSchemaConfig matched:
      - @ConditionalOnProperty (app.startup.runners-enabled=true) matched (OnPropertyCondition)

   AnalyticsStageSchemaPatchConfig matched:
      - @ConditionalOnProperty (app.startup.runners-enabled=true) matched (OnPropertyCondition)

   AnalyticsSystemFlagsSchemaPatchConfig matched:
      - @ConditionalOnProperty (app.startup.runners-enabled=true) matched (OnPropertyCondition)

   AnalyticsTimeRollupSchemaConfig matched:
      - @ConditionalOnProperty (app.startup.runners-enabled=true) matched (OnPropertyCondition)

   AopAutoConfiguration matched:
      - @ConditionalOnBooleanProperty (spring.aop.auto=true) matched (OnPropertyCondition)

   AopAutoConfiguration.AspectJAutoProxyingConfiguration matched:
      - @ConditionalOnClass found required class 'org.aspectj.weaver.Advice' (OnClassCondition)

   AopAutoConfiguration.AspectJAutoProxyingConfiguration.CglibAutoProxyConfiguration matched:
      - @ConditionalOnBooleanProperty (spring.aop.proxy-target-class=true) matched (OnPropertyCondition)

   ApplicationAvailabilityAutoConfiguration#applicationAvailability matched:
      - @ConditionalOnMissingBean (types: org.springframework.boot.availability.ApplicationAvailability; SearchStrategy: all) did not find any beans (OnBeanCondition)

   CategorySchemaPatchConfig matched:
      - @ConditionalOnProperty (app.startup.runners-enabled=true) matched (OnPropertyCondition)

   DataSourceAutoConfiguration matched:
      - @ConditionalOnClass found required classes 'javax.sql.DataSource', 'org.springframework.jdbc.datasource.embedded.EmbeddedDatabaseType' (OnClassCondition)
      - @ConditionalOnMissingBean (types: io.r2dbc.spi.ConnectionFactory; SearchStrategy: all) did not find any beans (OnBeanCondition)

   DataSourceConfiguration.Hikari matched:
      - @ConditionalOnClass found required class 'com.zaxxer.hikari.HikariDataSource' (OnClassCondition)
      - @ConditionalOnProperty (spring.datasource.type=com.zaxxer.hikari.HikariDataSource) matched (OnPropertyCondition)

   DataSourceInitializationAutoConfiguration matched:
      - @ConditionalOnClass found required class 'org.springframework.jdbc.datasource.init.DatabasePopulator' (OnClassCondition)
      - SQL InitializationDatabase Initialization default value is EMBEDDED (OnSqlInitializationCondition)
      - @ConditionalOnSingleCandidate (types: javax.sql.DataSource; SearchStrategy: all) found a single primary bean 'dataSource' from beans 'analyticsDataSource', 'dataSource'; @ConditionalOnMissingBean (types: org.springframework.boot.sql.autoconfigure.init.ApplicationScriptDatabaseInitializer; SearchStrategy: all) did not find any beans (OnBeanCondition)

   DataSourcePoolMetadataProvidersConfiguration.HikariPoolDataSourceMetadataProviderConfiguration matched:
      - @ConditionalOnClass found required class 'com.zaxxer.hikari.HikariDataSource' (OnClassCondition)

   DataSourceTransactionManagerAutoConfiguration matched:
      - @ConditionalOnClass found required classes 'javax.sql.DataSource', 'org.springframework.jdbc.core.JdbcTemplate', 'org.springframework.transaction.TransactionManager' (OnClassCondition)

   DataSourceTransactionManagerAutoConfiguration.JdbcTransactionManagerConfiguration matched:
      - @ConditionalOnSingleCandidate (types: javax.sql.DataSource; SearchStrategy: all) found a single primary bean 'dataSource' from beans 'analyticsDataSource', 'dataSource' (OnBeanCondition)

   DataWebAutoConfiguration matched:
      - @ConditionalOnClass found required classes 'org.springframework.data.web.PageableHandlerMethodArgumentResolver', 'org.springframework.web.servlet.config.annotation.WebMvcConfigurer' (OnClassCondition)
      - found 'session' scope (OnWebApplicationCondition)
      - @ConditionalOnMissingBean (types: org.springframework.data.web.PageableHandlerMethodArgumentResolver; SearchStrategy: all) did not find any beans (OnBeanCondition)

   DataWebAutoConfiguration#pageableCustomizer matched:
      - @ConditionalOnMissingBean (types: org.springframework.data.web.config.PageableHandlerMethodArgumentResolverCustomizer; SearchStrategy: all) did not find any beans (OnBeanCondition)

   DataWebAutoConfiguration#sortCustomizer matched:
      - @ConditionalOnMissingBean (types: org.springframework.data.web.config.SortHandlerMethodArgumentResolverCustomizer; SearchStrategy: all) did not find any beans (OnBeanCondition)

   DataWebAutoConfiguration#springDataWebSettings matched:
      - @ConditionalOnMissingBean (types: org.springframework.data.web.config.SpringDataWebSettings; SearchStrategy: all) did not find any beans (OnBeanCondition)

   DispatcherServletAutoConfiguration matched:
      - @ConditionalOnClass found required class 'org.springframework.web.servlet.DispatcherServlet' (OnClassCondition)
      - found 'session' scope (OnWebApplicationCondition)

   DispatcherServletAutoConfiguration.DispatcherServletConfiguration matched:
      - @ConditionalOnClass found required class 'jakarta.servlet.ServletRegistration' (OnClassCondition)
      - Default DispatcherServlet did not find dispatcher servlet beans (DispatcherServletAutoConfiguration.DefaultDispatcherServletCondition)

   DispatcherServletAutoConfiguration.DispatcherServletRegistrationConfiguration matched:
      - @ConditionalOnClass found required class 'jakarta.servlet.ServletRegistration' (OnClassCondition)
      - DispatcherServlet Registration did not find servlet registration bean (DispatcherServletAutoConfiguration.DispatcherServletRegistrationCondition)

   DispatcherServletAutoConfiguration.DispatcherServletRegistrationConfiguration#dispatcherServletRegistration matched:
      - @ConditionalOnBean (names: dispatcherServlet types: org.springframework.web.servlet.DispatcherServlet; SearchStrategy: all) found bean 'dispatcherServlet' (OnBeanCondition)

   ErrorMvcAutoConfiguration matched:
      - @ConditionalOnClass found required classes 'jakarta.servlet.Servlet', 'org.springframework.web.servlet.DispatcherServlet' (OnClassCondition)
      - found 'session' scope (OnWebApplicationCondition)

   ErrorMvcAutoConfiguration#errorAttributes matched:
      - @ConditionalOnMissingBean (types: org.springframework.boot.webmvc.error.ErrorAttributes; SearchStrategy: current) did not find any beans (OnBeanCondition)

   ErrorMvcAutoConfiguration.DefaultErrorViewResolverConfiguration#conventionErrorViewResolver matched:
      - @ConditionalOnBean (types: org.springframework.web.servlet.DispatcherServlet; SearchStrategy: all) found bean 'dispatcherServlet'; @ConditionalOnMissingBean (types: org.springframework.boot.webmvc.autoconfigure.error.ErrorViewResolver; SearchStrategy: all) did not find any beans (OnBeanCondition)

   ErrorMvcAutoConfiguration.WhitelabelErrorViewConfiguration matched:
      - @ConditionalOnBooleanProperty (spring.web.error.whitelabel.enabled=true) matched (OnPropertyCondition)
      - ErrorTemplate Missing did not find error template view (ErrorMvcAutoConfiguration.ErrorTemplateMissingCondition)

   ErrorMvcAutoConfiguration.WhitelabelErrorViewConfiguration#beanNameViewResolver matched:
      - @ConditionalOnMissingBean (types: org.springframework.web.servlet.view.BeanNameViewResolver; SearchStrategy: all) did not find any beans (OnBeanCondition)

   ErrorMvcAutoConfiguration.WhitelabelErrorViewConfiguration#defaultErrorView matched:
      - @ConditionalOnMissingBean (names: error; SearchStrategy: all) did not find any beans (OnBeanCondition)

   FrontendAnalyticsDictionaryConfig matched:
      - @ConditionalOnProperty (app.analytics.frontend.dictionary-seed-enabled=true) matched; @ConditionalOnProperty (app.startup.runners-enabled=true) matched (OnPropertyCondition)

   HibernateJpaAutoConfiguration matched:
      - @ConditionalOnClass found required classes 'org.springframework.orm.jpa.LocalContainerEntityManagerFactoryBean', 'jakarta.persistence.EntityManager', 'org.hibernate.engine.spi.SessionImplementor' (OnClassCondition)

   HibernateJpaConfiguration matched:
      - @ConditionalOnSingleCandidate (types: javax.sql.DataSource; SearchStrategy: all) found a single primary bean 'dataSource' from beans 'analyticsDataSource', 'dataSource' (OnBeanCondition)

   HttpEncodingAutoConfiguration matched:
      - @ConditionalOnClass found required class 'org.springframework.web.filter.CharacterEncodingFilter' (OnClassCondition)
      - found 'session' scope (OnWebApplicationCondition)
      - @ConditionalOnBooleanProperty (spring.servlet.encoding.enabled=true) matched (OnPropertyCondition)

   HttpEncodingAutoConfiguration#characterEncodingFilter matched:
      - @ConditionalOnMissingBean (types: org.springframework.web.filter.CharacterEncodingFilter; SearchStrategy: all) did not find any beans (OnBeanCondition)

   HttpMessageConvertersAutoConfiguration matched:
      - @ConditionalOnClass found required class 'org.springframework.http.converter.HttpMessageConverter' (OnClassCondition)
      - NoneNestedConditions 0 matched 1 did not; NestedCondition on HttpMessageConvertersAutoConfiguration.NotReactiveWebApplicationCondition.ReactiveWebApplication did not find reactive web application classes (HttpMessageConvertersAutoConfiguration.NotReactiveWebApplicationCondition)

   HttpMessageConvertersAutoConfiguration.StringHttpMessageConverterConfiguration#stringHttpMessageConvertersCustomizer matched:
      - @ConditionalOnMissingBean (types: org.springframework.http.converter.StringHttpMessageConverter; SearchStrategy: all) did not find any beans (OnBeanCondition)

   JacksonAutoConfiguration matched:
      - @ConditionalOnClass found required class 'tools.jackson.databind.json.JsonMapper' (OnClassCondition)

   JacksonAutoConfiguration#jacksonJsonMapper matched:
      - @ConditionalOnMissingBean (types: tools.jackson.databind.json.JsonMapper; SearchStrategy: all) did not find any beans (OnBeanCondition)

   JacksonAutoConfiguration#jsonMapperBuilder matched:
      - @ConditionalOnMissingBean (types: tools.jackson.databind.json.JsonMapper$Builder; SearchStrategy: all) did not find any beans (OnBeanCondition)

   JacksonAutoConfiguration.JsonProblemDetailsConfiguration matched:
      - @ConditionalOnClass found required class 'org.springframework.http.ProblemDetail' (OnClassCondition)

   JacksonHttpMessageConvertersConfiguration.JacksonJsonHttpMessageConverterConfiguration matched:
      - @ConditionalOnClass found required class 'tools.jackson.databind.json.JsonMapper' (OnClassCondition)
      - @ConditionalOnProperty (spring.http.converters.preferred-json-mapper=jackson) matched (OnPropertyCondition)
      - @ConditionalOnBean (types: tools.jackson.databind.json.JsonMapper; SearchStrategy: all) found bean 'jacksonJsonMapper' (OnBeanCondition)

   JacksonHttpMessageConvertersConfiguration.JacksonJsonHttpMessageConverterConfiguration#jacksonJsonHttpMessageConvertersCustomizer matched:
      - @ConditionalOnMissingBean (types: org.springframework.http.converter.json.JacksonJsonHttpMessageConverter ignored: org.springframework.hateoas.server.mvc.TypeConstrainedJacksonJsonHttpMessageConverter,org.springframework.data.rest.webmvc.alps.AlpsJacksonJsonHttpMessageConverter; SearchStrategy: all) did not find any beans (OnBeanCondition)

   JdbcClientAutoConfiguration matched:
      - @ConditionalOnSingleCandidate (types: org.springframework.jdbc.core.namedparam.NamedParameterJdbcTemplate; SearchStrategy: all) found a single bean 'analyticsNamedParameterJdbcTemplate'; @ConditionalOnMissingBean (types: org.springframework.jdbc.core.simple.JdbcClient; SearchStrategy: all) did not find any beans (OnBeanCondition)

   JdbcTemplateAutoConfiguration matched:
      - @ConditionalOnClass found required classes 'javax.sql.DataSource', 'org.springframework.jdbc.core.JdbcTemplate' (OnClassCondition)
      - @ConditionalOnSingleCandidate (types: javax.sql.DataSource; SearchStrategy: all) found a single primary bean 'dataSource' from beans 'analyticsDataSource', 'dataSource' (OnBeanCondition)

   JpaBaseConfiguration#entityManagerFactoryBuilder matched:
      - @ConditionalOnMissingBean (types: org.springframework.boot.jpa.EntityManagerFactoryBuilder; SearchStrategy: all) did not find any beans (OnBeanCondition)

   JpaBaseConfiguration#jpaVendorAdapter matched:
      - @ConditionalOnMissingBean (types: org.springframework.orm.jpa.JpaVendorAdapter; SearchStrategy: all) did not find any beans (OnBeanCondition)

   JpaBaseConfiguration.JpaWebConfiguration matched:
      - @ConditionalOnClass found required class 'org.springframework.web.servlet.config.annotation.WebMvcConfigurer' (OnClassCondition)
      - found 'session' scope (OnWebApplicationCondition)
      - @ConditionalOnBooleanProperty (spring.jpa.open-in-view=true) matched (OnPropertyCondition)
      - @ConditionalOnMissingBean (types: org.springframework.orm.jpa.support.OpenEntityManagerInViewInterceptor,org.springframework.orm.jpa.support.OpenEntityManagerInViewFilter; SearchStrategy: all) did not find any beans (OnBeanCondition)

   JtaAutoConfiguration matched:
      - @ConditionalOnClass found required class 'jakarta.transaction.Transaction' (OnClassCondition)
      - @ConditionalOnBooleanProperty (spring.jta.enabled=true) matched (OnPropertyCondition)

   LifecycleAutoConfiguration#defaultLifecycleProcessor matched:
      - @ConditionalOnMissingBean (names: lifecycleProcessor; SearchStrategy: current) did not find any beans (OnBeanCondition)

   LocalDevToolsAutoConfiguration matched:
      - Initialized Restarter Condition available and initialized (OnInitializedRestarterCondition)

   LocalDevToolsAutoConfiguration.RestartConfiguration matched:
      - @ConditionalOnBooleanProperty (spring.devtools.restart.enabled=true) matched (OnPropertyCondition)

   LocalDevToolsAutoConfiguration.RestartConfiguration#classPathFileSystemWatcher matched:
      - @ConditionalOnMissingBean (types: org.springframework.boot.devtools.classpath.ClassPathFileSystemWatcher; SearchStrategy: all) did not find any beans (OnBeanCondition)

   LocalDevToolsAutoConfiguration.RestartConfiguration#classPathRestartStrategy matched:
      - @ConditionalOnMissingBean (types: org.springframework.boot.devtools.classpath.ClassPathRestartStrategy; SearchStrategy: all) did not find any beans (OnBeanCondition)

   LocalDevToolsAutoConfiguration.RestartConfiguration#conditionEvaluationDeltaLoggingListener matched:
      - @ConditionalOnBooleanProperty (spring.devtools.restart.log-condition-evaluation-delta=true) matched (OnPropertyCondition)

   MultipartAutoConfiguration matched:
      - @ConditionalOnClass found required classes 'jakarta.servlet.Servlet', 'org.springframework.web.multipart.support.StandardServletMultipartResolver', 'jakarta.servlet.MultipartConfigElement' (OnClassCondition)
      - found 'session' scope (OnWebApplicationCondition)
      - @ConditionalOnBooleanProperty (spring.servlet.multipart.enabled=true) matched (OnPropertyCondition)

   MultipartAutoConfiguration#multipartConfigElement matched:
      - @ConditionalOnMissingBean (types: jakarta.servlet.MultipartConfigElement; SearchStrategy: all) did not find any beans (OnBeanCondition)

   MultipartAutoConfiguration#multipartResolver matched:
      - @ConditionalOnMissingBean (types: org.springframework.web.multipart.MultipartResolver; SearchStrategy: all) did not find any beans (OnBeanCondition)

   OrderStatusHistoryPatchConfig matched:
      - @ConditionalOnProperty (app.startup.runners-enabled=true) matched (OnPropertyCondition)

   PersistenceExceptionTranslationAutoConfiguration matched:
      - @ConditionalOnClass found required class 'org.springframework.dao.annotation.PersistenceExceptionTranslationPostProcessor' (OnClassCondition)

   PersistenceExceptionTranslationAutoConfiguration#persistenceExceptionTranslationPostProcessor matched:
      - @ConditionalOnBooleanProperty (spring.persistence.exceptiontranslation.enabled=true) matched (OnPropertyCondition)
      - @ConditionalOnMissingBean (types: org.springframework.dao.annotation.PersistenceExceptionTranslationPostProcessor; SearchStrategy: all) did not find any beans (OnBeanCondition)

   ProductSchemaPatchConfig matched:
      - @ConditionalOnProperty (app.startup.runners-enabled=true) matched (OnPropertyCondition)

   PropertyPlaceholderAutoConfiguration#propertySourcesPlaceholderConfigurer matched:
      - @ConditionalOnMissingBean (types: org.springframework.context.support.PropertySourcesPlaceholderConfigurer; SearchStrategy: current) did not find any beans (OnBeanCondition)

   SecurityAutoConfiguration matched:
      - @ConditionalOnClass found required class 'org.springframework.security.authentication.DefaultAuthenticationEventPublisher' (OnClassCondition)

   SecurityAutoConfiguration#authenticationEventPublisher matched:
      - @ConditionalOnMissingBean (types: org.springframework.security.authentication.AuthenticationEventPublisher; SearchStrategy: all) did not find any beans (OnBeanCondition)

   SecurityFilterAutoConfiguration matched:
      - @ConditionalOnClass found required classes 'org.springframework.security.web.context.AbstractSecurityWebApplicationInitializer', 'org.springframework.security.config.http.SessionCreationPolicy' (OnClassCondition)
      - found 'session' scope (OnWebApplicationCondition)

   SecurityFilterAutoConfiguration#securityFilterChainRegistration matched:
      - @ConditionalOnBean (names: springSecurityFilterChain; SearchStrategy: all) found bean 'springSecurityFilterChain' (OnBeanCondition)

   SeedDataConfig#seedData matched:
      - @ConditionalOnProperty (app.seed.enabled=true) matched (OnPropertyCondition)

   ServletWebSecurityAutoConfiguration matched:
      - @ConditionalOnClass found required class 'org.springframework.security.config.annotation.web.configuration.EnableWebSecurity' (OnClassCondition)
      - found 'session' scope (OnWebApplicationCondition)

   ServletWebSecurityAutoConfiguration.EnableWebSecurityConfiguration matched:
      - @ConditionalOnClass found required class 'org.springframework.security.config.annotation.web.configuration.EnableWebSecurity' (OnClassCondition)
      - @ConditionalOnMissingBean (names: springSecurityFilterChain; SearchStrategy: all) did not find any beans (OnBeanCondition)

   ServletWebSecurityAutoConfiguration.PathPatternRequestMatcherBuilderConfiguration matched:
      - @ConditionalOnClass found required class 'org.springframework.boot.webmvc.autoconfigure.DispatcherServletPath' (OnClassCondition)
      - @ConditionalOnBean (types: org.springframework.boot.webmvc.autoconfigure.DispatcherServletPath; SearchStrategy: all) found bean 'dispatcherServletRegistration' (OnBeanCondition)

   ServletWebSecurityAutoConfiguration.PathPatternRequestMatcherBuilderConfiguration#pathPatternRequestMatcherBuilder matched:
      - @ConditionalOnMissingBean (types: org.springframework.security.web.servlet.util.matcher.PathPatternRequestMatcher$Builder; SearchStrategy: all) did not find any beans (OnBeanCondition)

   ShopOrderSchemaPatchConfig matched:
      - @ConditionalOnProperty (app.startup.runners-enabled=true) matched (OnPropertyCondition)

   SslAutoConfiguration#sslBundleRegistry matched:
      - @ConditionalOnMissingBean (types: org.springframework.boot.ssl.SslBundleRegistry,org.springframework.boot.ssl.SslBundles; SearchStrategy: all) did not find any beans (OnBeanCondition)

   SystemAnalyticsAttributeDictionaryConfig matched:
      - @ConditionalOnProperty (app.analytics.system-attributes-seed-enabled=true) matched; @ConditionalOnProperty (app.startup.runners-enabled=true) matched (OnPropertyCondition)

   SystemAnalyticsMetricReadingGuideConfig matched:
      - @ConditionalOnProperty (app.startup.runners-enabled=true) matched (OnPropertyCondition)

   TaskExecutionAutoConfiguration matched:
      - @ConditionalOnClass found required class 'org.springframework.scheduling.concurrent.ThreadPoolTaskExecutor' (OnClassCondition)

   TaskExecutorConfigurations.AsyncConfigurerConfiguration matched:
      - @ConditionalOnMissingBean (types: org.springframework.scheduling.annotation.AsyncConfigurer; SearchStrategy: all) did not find any beans (OnBeanCondition)

   TaskExecutorConfigurations.SimpleAsyncTaskExecutorBuilderConfiguration#simpleAsyncTaskExecutorBuilder matched:
      - @ConditionalOnMissingBean (types: org.springframework.boot.task.SimpleAsyncTaskExecutorBuilder; SearchStrategy: all) did not find any beans (OnBeanCondition)
      - @ConditionalOnThreading found PLATFORM (OnThreadingCondition)

   TaskExecutorConfigurations.TaskExecutorConfiguration matched:
      - AnyNestedCondition 1 matched 1 did not; NestedCondition on TaskExecutorConfigurations.OnExecutorCondition.ModelCondition @ConditionalOnProperty (spring.task.execution.mode=force) did not find property 'spring.task.execution.mode'; NestedCondition on TaskExecutorConfigurations.OnExecutorCondition.ExecutorBeanCondition @ConditionalOnMissingBean (types: java.util.concurrent.Executor; SearchStrategy: all) did not find any beans (TaskExecutorConfigurations.OnExecutorCondition)

   TaskExecutorConfigurations.TaskExecutorConfiguration#applicationTaskExecutor matched:
      - @ConditionalOnThreading found PLATFORM (OnThreadingCondition)

   TaskExecutorConfigurations.ThreadPoolTaskExecutorBuilderConfiguration#threadPoolTaskExecutorBuilder matched:
      - @ConditionalOnMissingBean (types: org.springframework.boot.task.ThreadPoolTaskExecutorBuilder; SearchStrategy: all) did not find any beans (OnBeanCondition)

   TaskSchedulingAutoConfiguration matched:
      - @ConditionalOnClass found required class 'org.springframework.scheduling.concurrent.ThreadPoolTaskScheduler' (OnClassCondition)

   TaskSchedulingAutoConfiguration#scheduledBeanLazyInitializationExcludeFilter matched:
      - @ConditionalOnBean (names: org.springframework.scheduling.config.internalScheduledAnnotationProcessor; SearchStrategy: all) found bean 'org.springframework.scheduling.config.internalScheduledAnnotationProcessor' (OnBeanCondition)

   TaskSchedulingConfigurations.SimpleAsyncTaskSchedulerBuilderConfiguration#simpleAsyncTaskSchedulerBuilder matched:
      - @ConditionalOnMissingBean (types: org.springframework.boot.task.SimpleAsyncTaskSchedulerBuilder; SearchStrategy: all) did not find any beans (OnBeanCondition)
      - @ConditionalOnThreading found PLATFORM (OnThreadingCondition)

   TaskSchedulingConfigurations.TaskSchedulerConfiguration matched:
      - @ConditionalOnBean (names: org.springframework.scheduling.config.internalScheduledAnnotationProcessor; SearchStrategy: all) found bean 'org.springframework.scheduling.config.internalScheduledAnnotationProcessor'; @ConditionalOnMissingBean (types: org.springframework.scheduling.TaskScheduler,java.util.concurrent.ScheduledExecutorService; SearchStrategy: all) did not find any beans (OnBeanCondition)

   TaskSchedulingConfigurations.TaskSchedulerConfiguration#taskScheduler matched:
      - @ConditionalOnThreading found PLATFORM (OnThreadingCondition)

   TaskSchedulingConfigurations.ThreadPoolTaskSchedulerBuilderConfiguration#threadPoolTaskSchedulerBuilder matched:
      - @ConditionalOnMissingBean (types: org.springframework.boot.task.ThreadPoolTaskSchedulerBuilder; SearchStrategy: all) did not find any beans (OnBeanCondition)

   TemplateEngineConfigurations.DefaultTemplateEngineConfiguration#templateEngine matched:
      - @ConditionalOnMissingBean (types: org.thymeleaf.spring6.ISpringTemplateEngine; SearchStrategy: all) did not find any beans (OnBeanCondition)

   ThymeleafAutoConfiguration matched:
      - @ConditionalOnClass found required classes 'org.thymeleaf.templatemode.TemplateMode', 'org.thymeleaf.spring6.SpringTemplateEngine' (OnClassCondition)

   ThymeleafAutoConfiguration.DefaultTemplateResolverConfiguration matched:
      - @ConditionalOnMissingBean (names: defaultTemplateResolver; SearchStrategy: all) did not find any beans (OnBeanCondition)

   ThymeleafAutoConfiguration.ThymeleafWebMvcConfiguration matched:
      - found 'session' scope (OnWebApplicationCondition)

   ThymeleafAutoConfiguration.ThymeleafWebMvcConfiguration.ThymeleafViewResolverConfiguration matched:
      - @ConditionalOnClass found required class 'org.springframework.web.servlet.view.AbstractCachingViewResolver' (OnClassCondition)

   ThymeleafAutoConfiguration.ThymeleafWebMvcConfiguration.ThymeleafViewResolverConfiguration#thymeleafViewResolver matched:
      - @ConditionalOnMissingBean (names: thymeleafViewResolver; SearchStrategy: all) did not find any beans (OnBeanCondition)

   TomcatServletWebServerAutoConfiguration matched:
      - @ConditionalOnClass found required classes 'jakarta.servlet.ServletRequest', 'org.apache.catalina.startup.Tomcat', 'org.apache.coyote.UpgradeProtocol', 'org.springframework.boot.tomcat.servlet.TomcatServletWebServerFactory' (OnClassCondition)
      - found 'session' scope (OnWebApplicationCondition)

   TomcatServletWebServerAutoConfiguration#tomcatServletWebServerFactory matched:
      - @ConditionalOnMissingBean (types: org.springframework.boot.web.server.servlet.ServletWebServerFactory; SearchStrategy: current) did not find any beans (OnBeanCondition)

   TomcatWebServerConfiguration matched:
      - @ConditionalOnWarDeployment the application is not deployed as a WAR file. (OnWarDeploymentCondition)

   TomcatWebServerConfiguration.TomcatWebSocketConfiguration matched:
      - @ConditionalOnClass found required class 'org.apache.tomcat.websocket.server.WsSci' (OnClassCondition)

   TransactionAutoConfiguration matched:
      - @ConditionalOnClass found required class 'org.springframework.transaction.PlatformTransactionManager' (OnClassCondition)

   TransactionAutoConfiguration.EnableTransactionManagementConfiguration matched:
      - @ConditionalOnBean (types: org.springframework.transaction.TransactionManager; SearchStrategy: all) found beans 'transactionManager', 'analyticsTransactionManager'; @ConditionalOnMissingBean (types: org.springframework.transaction.annotation.AbstractTransactionManagementConfiguration; SearchStrategy: all) did not find any beans (OnBeanCondition)

   TransactionAutoConfiguration.EnableTransactionManagementConfiguration.CglibAutoProxyConfiguration matched:
      - @ConditionalOnBooleanProperty (spring.aop.proxy-target-class=true) matched (OnPropertyCondition)

   TransactionAutoConfiguration.TransactionTemplateConfiguration matched:
      - @ConditionalOnSingleCandidate (types: org.springframework.transaction.PlatformTransactionManager; SearchStrategy: all) found a single primary bean 'transactionManager' from beans 'transactionManager', 'analyticsTransactionManager' (OnBeanCondition)

   TransactionAutoConfiguration.TransactionTemplateConfiguration#transactionTemplate matched:
      - @ConditionalOnMissingBean (types: org.springframework.transaction.support.TransactionOperations; SearchStrategy: all) did not find any beans (OnBeanCondition)

   TransactionManagerCustomizationAutoConfiguration matched:
      - @ConditionalOnClass found required class 'org.springframework.transaction.PlatformTransactionManager' (OnClassCondition)

   TransactionManagerCustomizationAutoConfiguration#platformTransactionManagerCustomizers matched:
      - @ConditionalOnMissingBean (types: org.springframework.boot.transaction.autoconfigure.TransactionManagerCustomizers; SearchStrategy: all) did not find any beans (OnBeanCondition)

   ValidationAutoConfiguration matched:
      - @ConditionalOnClass found required class 'jakarta.validation.executable.ExecutableValidator' (OnClassCondition)
      - @ConditionalOnResource found location classpath:META-INF/services/jakarta.validation.spi.ValidationProvider (OnResourceCondition)

   ValidationAutoConfiguration#defaultValidator matched:
      - @ConditionalOnMissingBean (types: jakarta.validation.Validator; SearchStrategy: all) did not find any beans (OnBeanCondition)

   ValidationAutoConfiguration#methodValidationPostProcessor matched:
      - @ConditionalOnMissingBean (types: org.springframework.validation.beanvalidation.MethodValidationPostProcessor; SearchStrategy: current) did not find any beans (OnBeanCondition)

   WebMvcAutoConfiguration matched:
      - @ConditionalOnClass found required classes 'jakarta.servlet.Servlet', 'org.springframework.web.servlet.DispatcherServlet', 'org.springframework.web.servlet.config.annotation.WebMvcConfigurer' (OnClassCondition)
      - found 'session' scope (OnWebApplicationCondition)
      - @ConditionalOnMissingBean (types: org.springframework.web.servlet.config.annotation.WebMvcConfigurationSupport; SearchStrategy: all) did not find any beans (OnBeanCondition)

   WebMvcAutoConfiguration#formContentFilter matched:
      - @ConditionalOnBooleanProperty (spring.mvc.formcontent.filter.enabled=true) matched (OnPropertyCondition)
      - @ConditionalOnMissingBean (types: org.springframework.web.filter.FormContentFilter; SearchStrategy: all) did not find any beans (OnBeanCondition)

   WebMvcAutoConfiguration#hiddenHttpMethodFilter matched:
      - @ConditionalOnBooleanProperty (spring.mvc.hiddenmethod.filter.enabled=true) matched (OnPropertyCondition)
      - @ConditionalOnMissingBean (types: org.springframework.web.filter.HiddenHttpMethodFilter; SearchStrategy: all) did not find any beans (OnBeanCondition)

   WebMvcAutoConfiguration.EnableWebMvcConfiguration#flashMapManager matched:
      - @ConditionalOnMissingBean (names: flashMapManager; SearchStrategy: all) did not find any beans (OnBeanCondition)

   WebMvcAutoConfiguration.EnableWebMvcConfiguration#localeResolver matched:
      - @ConditionalOnMissingBean (names: localeResolver; SearchStrategy: all) did not find any beans (OnBeanCondition)

   WebMvcAutoConfiguration.EnableWebMvcConfiguration#viewNameTranslator matched:
      - @ConditionalOnMissingBean (names: viewNameTranslator; SearchStrategy: all) did not find any beans (OnBeanCondition)

   WebMvcAutoConfiguration.WebMvcAutoConfigurationAdapter#defaultViewResolver matched:
      - @ConditionalOnMissingBean (types: org.springframework.web.servlet.view.InternalResourceViewResolver; SearchStrategy: all) did not find any beans (OnBeanCondition)

   WebMvcAutoConfiguration.WebMvcAutoConfigurationAdapter#requestContextFilter matched:
      - @ConditionalOnMissingBean (types: org.springframework.web.context.request.RequestContextListener,org.springframework.web.filter.RequestContextFilter; SearchStrategy: all) did not find any beans (OnBeanCondition)

   WebMvcAutoConfiguration.WebMvcAutoConfigurationAdapter#viewResolver matched:
      - @ConditionalOnBean (types: org.springframework.web.servlet.ViewResolver; SearchStrategy: all) found beans 'defaultViewResolver', 'beanNameViewResolver', 'mvcViewResolver'; @ConditionalOnMissingBean (names: viewResolver types: org.springframework.web.servlet.view.ContentNegotiatingViewResolver; SearchStrategy: all) did not find any beans (OnBeanCondition)

   WishlistSchemaPatchConfig matched:
      - @ConditionalOnProperty (app.startup.runners-enabled=true) matched (OnPropertyCondition)


Negative matches:
-----------------

   AnalyticsBootstrap:
      Did not match:
         - @ConditionalOnProperty (app.analytics.bootstrap-enabled=true) found different value in property 'app.analytics.bootstrap-enabled' (OnPropertyCondition)

   AnalyticsPersistenceConfig#legacyAnalyticsDataSource:
      Did not match:
         - @ConditionalOnProperty (app.analytics.datasource.enabled=false) found different value in property 'app.analytics.datasource.enabled' (OnPropertyCondition)

   AnalyticsPersistenceConfig#legacyAnalyticsTransactionManager:
      Did not match:
         - @ConditionalOnProperty (app.analytics.datasource.enabled=false) found different value in property 'app.analytics.datasource.enabled' (OnPropertyCondition)

   AopAutoConfiguration.AspectJAutoProxyingConfiguration.JdkDynamicAutoProxyConfiguration:
      Did not match:
         - @ConditionalOnBooleanProperty (spring.aop.proxy-target-class=false) did not find property 'spring.aop.proxy-target-class' (OnPropertyCondition)

   AopAutoConfiguration.ClassProxyingConfiguration:
      Did not match:
         - @ConditionalOnMissingClass found unwanted class 'org.aspectj.weaver.Advice' (OnClassCondition)

   AutoCrudAnalyticsEventAspect:
      Did not match:
         - @ConditionalOnProperty (app.analytics.auto-crud.enabled=true) found different value in property 'app.analytics.auto-crud.enabled' (OnPropertyCondition)

   DataJpaRepositoriesAutoConfiguration:
      Did not match:
         - @ConditionalOnMissingBean (types: org.springframework.data.jpa.repository.support.JpaRepositoryFactoryBean,org.springframework.data.jpa.repository.config.JpaRepositoryConfigExtension; SearchStrategy: all) found beans of type 'org.springframework.data.jpa.repository.support.JpaRepositoryFactoryBean' &aggregationRunRepository, &eventTypeRepository, &analyticsEventAttributeRepository, &analyticsCodeAliasRepository, &analyticsEventRepository, &stageTypeRepository, &eventAttributeTypeRepository, &stageMetricTypeRepository, &moduleTypeRepository, &analyticsAdminUserRepository, &analyticsStageRepository, &aggregatedMetricRepository, &analyticsStageMetricRepository, &productCharacteristicRepository, &orderItemRepository, &productImageRepository, &reviewImageRepository, &orderStatusHistoryRepository, &cartItemRepository, &productFilterRepository, &filterOptionRepository, &shopUserRepository, &reviewRepository, &categoryRepository, &categoryFilterRepository, &wishlistItemRepository, &supportRequestRepository, &productRepository, &shopOrderRepository, &productFilterOptionRepository and found beans of type 'org.springframework.data.jpa.repository.config.JpaRepositoryConfigExtension' org.springframework.data.jpa.repository.config.JpaRepositoryConfigExtension#0 (OnBeanCondition)
      Matched:
         - @ConditionalOnClass found required class 'org.springframework.data.jpa.repository.JpaRepository' (OnClassCondition)
         - @ConditionalOnBooleanProperty (spring.data.jpa.repositories.enabled=true) matched (OnPropertyCondition)

   DataRepositoryMetricsAutoConfiguration:
      Did not match:
         - @ConditionalOnBean did not find required type 'io.micrometer.core.instrument.MeterRegistry' (OnBeanCondition)

   DataSourceAutoConfiguration.EmbeddedDatabaseConfiguration:
      Did not match:
         - EmbeddedDataSource spring.datasource.url is set (DataSourceAutoConfiguration.EmbeddedDatabaseCondition)

   DataSourceAutoConfiguration.PooledDataSourceConfiguration:
      Did not match:
         - @ConditionalOnMissingBean (types: javax.sql.DataSource,javax.sql.XADataSource; SearchStrategy: all) found beans of type 'javax.sql.DataSource' analyticsDataSource, dataSource (OnBeanCondition)
      Matched:
         - AnyNestedCondition 1 matched 1 did not; NestedCondition on DataSourceAutoConfiguration.PooledDataSourceCondition.PooledDataSourceAvailable PooledDataSource found supported DataSource; NestedCondition on DataSourceAutoConfiguration.PooledDataSourceCondition.ExplicitType @ConditionalOnProperty (spring.datasource.type) did not find property 'spring.datasource.type' (DataSourceAutoConfiguration.PooledDataSourceCondition)

   DataSourceCheckpointRestoreConfiguration:
      Did not match:
         - @ConditionalOnClass did not find required class 'org.crac.Resource' (OnClassCondition)

   DataSourceConfiguration.Dbcp2:
      Did not match:
         - @ConditionalOnClass did not find required class 'org.apache.commons.dbcp2.BasicDataSource' (OnClassCondition)

   DataSourceConfiguration.Generic:
      Did not match:
         - @ConditionalOnProperty (spring.datasource.type) did not find property 'spring.datasource.type' (OnPropertyCondition)

   DataSourceConfiguration.OracleUcp:
      Did not match:
         - @ConditionalOnClass did not find required classes 'oracle.ucp.jdbc.PoolDataSourceImpl', 'oracle.jdbc.OracleConnection' (OnClassCondition)

   DataSourceConfiguration.Tomcat:
      Did not match:
         - @ConditionalOnClass did not find required class 'org.apache.tomcat.jdbc.pool.DataSource' (OnClassCondition)

   DataSourceHealthContributorAutoConfiguration:
      Did not match:
         - @ConditionalOnClass did not find required class 'org.springframework.boot.health.autoconfigure.contributor.ConditionalOnEnabledHealthIndicator' (OnClassCondition)

   DataSourceJmxConfiguration:
      Did not match:
         - @ConditionalOnBooleanProperty (spring.jmx.enabled=true) did not find property 'spring.jmx.enabled' (OnPropertyCondition)

   DataSourcePoolMetadataProvidersConfiguration.CommonsDbcp2PoolDataSourceMetadataProviderConfiguration:
      Did not match:
         - @ConditionalOnClass did not find required class 'org.apache.commons.dbcp2.BasicDataSource' (OnClassCondition)

   DataSourcePoolMetadataProvidersConfiguration.OracleUcpPoolDataSourceMetadataProviderConfiguration:
      Did not match:
         - @ConditionalOnClass did not find required classes 'oracle.ucp.jdbc.PoolDataSource', 'oracle.jdbc.OracleConnection' (OnClassCondition)

   DataSourcePoolMetadataProvidersConfiguration.TomcatDataSourcePoolMetadataProviderConfiguration:
      Did not match:
         - @ConditionalOnClass did not find required class 'org.apache.tomcat.jdbc.pool.DataSource' (OnClassCondition)

   DataSourcePoolMetricsAutoConfiguration:
      Did not match:
         - @ConditionalOnClass did not find required class 'io.micrometer.core.instrument.MeterRegistry' (OnClassCondition)

   DataSourceTransactionManagerAutoConfiguration.JdbcTransactionManagerConfiguration#transactionManager:
      Did not match:
         - @ConditionalOnMissingBean (types: org.springframework.transaction.TransactionManager; SearchStrategy: all) found beans of type 'org.springframework.transaction.TransactionManager' analyticsTransactionManager, transactionManager (OnBeanCondition)

   DevToolsDataSourceAutoConfiguration:
      Did not match:
         - DevTools DataSource Condition did not find a single DataSource bean (DevToolsDataSourceAutoConfiguration.DevToolsDataSourceCondition)
      Matched:
         - @ConditionalOnClass found required class 'javax.sql.DataSource' (OnClassCondition)
         - Devtools devtools enabled. (OnEnabledDevToolsCondition)

   DevToolsDataSourceAutoConfiguration.DatabaseShutdownExecutorEntityManagerFactoryDependsOnConfiguration:
      Did not match:
         - Ancestor org.springframework.boot.devtools.autoconfigure.DevToolsDataSourceAutoConfiguration did not match (ConditionEvaluationReport.AncestorsMatchedCondition)
      Matched:
         - @ConditionalOnClass found required classes 'org.springframework.boot.jpa.autoconfigure.EntityManagerFactoryDependsOnPostProcessor', 'org.springframework.orm.jpa.LocalContainerEntityManagerFactoryBean' (OnClassCondition)

   DevToolsR2dbcAutoConfiguration:
      Did not match:
         - @ConditionalOnClass did not find required class 'io.r2dbc.spi.ConnectionFactory' (OnClassCondition)

   DispatcherServletAutoConfiguration.DispatcherServletConfiguration#multipartResolver:
      Did not match:
         - @ConditionalOnBean (types: org.springframework.web.multipart.MultipartResolver; SearchStrategy: all) did not find any beans of type org.springframework.web.multipart.MultipartResolver (OnBeanCondition)

   ErrorMvcAutoConfiguration#basicErrorController:
      Did not match:
         - @ConditionalOnMissingBean (types: org.springframework.boot.webmvc.error.ErrorController; SearchStrategy: current) found beans of type 'org.springframework.boot.webmvc.error.ErrorController' appErrorController (OnBeanCondition)

   GsonHttpMessageConvertersConfiguration:
      Did not match:
         - @ConditionalOnClass did not find required class 'com.google.gson.Gson' (OnClassCondition)

   HibernateMetricsAutoConfiguration:
      Did not match:
         - @ConditionalOnClass did not find required class 'io.micrometer.core.instrument.MeterRegistry' (OnClassCondition)

   Jackson2HttpMessageConvertersConfiguration.MappingJackson2HttpMessageConverterConfiguration:
      Did not match:
         - @ConditionalOnClass did not find required class 'com.fasterxml.jackson.databind.ObjectMapper' (OnClassCondition)

   Jackson2HttpMessageConvertersConfiguration.MappingJackson2XmlHttpMessageConverterConfiguration:
      Did not match:
         - @ConditionalOnClass did not find required class 'com.fasterxml.jackson.dataformat.xml.XmlMapper' (OnClassCondition)

   JacksonAutoConfiguration.CborConfiguration:
      Did not match:
         - @ConditionalOnClass did not find required class 'tools.jackson.dataformat.cbor.CBORMapper' (OnClassCondition)

   JacksonAutoConfiguration.XmlConfiguration:
      Did not match:
         - @ConditionalOnClass did not find required class 'tools.jackson.dataformat.xml.XmlMapper' (OnClassCondition)

   JacksonHttpMessageConvertersConfiguration.JacksonXmlHttpMessageConverterConfiguration:
      Did not match:
         - @ConditionalOnClass did not find required class 'tools.jackson.dataformat.xml.XmlMapper' (OnClassCondition)

   JdbcTemplateConfiguration:
      Did not match:
         - @ConditionalOnMissingBean (types: org.springframework.jdbc.core.JdbcOperations; SearchStrategy: all) found beans of type 'org.springframework.jdbc.core.JdbcOperations' analyticsJdbcTemplate (OnBeanCondition)

   JmxAutoConfiguration:
      Did not match:
         - @ConditionalOnBooleanProperty (spring.jmx.enabled=true) did not find property 'spring.jmx.enabled' (OnPropertyCondition)
      Matched:
         - @ConditionalOnClass found required class 'org.springframework.jmx.export.MBeanExporter' (OnClassCondition)

   JndiDataSourceAutoConfiguration:
      Did not match:
         - @ConditionalOnProperty (spring.datasource.jndi-name) did not find property 'spring.datasource.jndi-name' (OnPropertyCondition)
      Matched:
         - @ConditionalOnClass found required classes 'javax.sql.DataSource', 'org.springframework.jdbc.datasource.embedded.EmbeddedDatabaseType' (OnClassCondition)

   JndiJtaConfiguration:
      Did not match:
         - @ConditionalOnJndi JNDI environment is not available (OnJndiCondition)
      Matched:
         - @ConditionalOnClass found required class 'org.springframework.transaction.jta.JtaTransactionManager' (OnClassCondition)

   JpaBaseConfiguration#entityManagerFactory:
      Did not match:
         - @ConditionalOnMissingBean (types: org.springframework.orm.jpa.LocalContainerEntityManagerFactoryBean,jakarta.persistence.EntityManagerFactory; SearchStrategy: all) found beans of type 'jakarta.persistence.EntityManagerFactory' analyticsEntityManagerFactory, entityManagerFactory and found beans of type 'org.springframework.orm.jpa.LocalContainerEntityManagerFactoryBean' &analyticsEntityManagerFactory, &entityManagerFactory (OnBeanCondition)

   JpaBaseConfiguration#transactionManager:
      Did not match:
         - @ConditionalOnMissingBean (types: org.springframework.transaction.TransactionManager; SearchStrategy: all) found beans of type 'org.springframework.transaction.TransactionManager' analyticsTransactionManager, transactionManager (OnBeanCondition)

   JpaBaseConfiguration.PersistenceManagedTypesConfiguration:
      Did not match:
         - @ConditionalOnMissingBean (types: org.springframework.orm.jpa.LocalContainerEntityManagerFactoryBean,jakarta.persistence.EntityManagerFactory; SearchStrategy: all) found beans of type 'jakarta.persistence.EntityManagerFactory' analyticsEntityManagerFactory, entityManagerFactory and found beans of type 'org.springframework.orm.jpa.LocalContainerEntityManagerFactoryBean' &analyticsEntityManagerFactory, &entityManagerFactory (OnBeanCondition)

   JsonbHttpMessageConvertersConfiguration:
      Did not match:
         - @ConditionalOnClass did not find required class 'jakarta.json.bind.Jsonb' (OnClassCondition)

   KotlinSerializationHttpMessageConvertersConfiguration:
      Did not match:
         - @ConditionalOnClass did not find required classes 'kotlinx.serialization.Serializable', 'kotlinx.serialization.json.Json' (OnClassCondition)

   LocalDevToolsAutoConfiguration.LiveReloadConfiguration:
      Did not match:
         - @ConditionalOnBooleanProperty (spring.devtools.livereload.enabled=true) did not find property 'spring.devtools.livereload.enabled' (OnPropertyCondition)

   ManagementWebSecurityAutoConfiguration:
      Did not match:
         - @ConditionalOnClass did not find required class 'org.springframework.boot.actuate.autoconfigure.endpoint.web.WebEndpointAutoConfiguration' (OnClassCondition)

   MessageSourceAutoConfiguration:
      Did not match:
         - ResourceBundle did not find bundle with basename messages (MessageSourceAutoConfiguration.ResourceBundleCondition)

   NamedParameterJdbcTemplateConfiguration:
      Did not match:
         - @ConditionalOnMissingBean (types: org.springframework.jdbc.core.namedparam.NamedParameterJdbcOperations; SearchStrategy: all) found beans of type 'org.springframework.jdbc.core.namedparam.NamedParameterJdbcOperations' analyticsNamedParameterJdbcTemplate (OnBeanCondition)

   ProjectInfoAutoConfiguration#buildProperties:
      Did not match:
         - @ConditionalOnResource did not find resource '${spring.info.build.location:classpath:META-INF/build-info.properties}' (OnResourceCondition)

   ProjectInfoAutoConfiguration#gitProperties:
      Did not match:
         - GitResource did not find git info at classpath:git.properties (ProjectInfoAutoConfiguration.GitResourceAvailableCondition)

   RSocketSecurityAutoConfiguration:
      Did not match:
         - @ConditionalOnClass did not find required class 'org.springframework.boot.rsocket.server.RSocketServerCustomizer' (OnClassCondition)

   ReactiveManagementWebSecurityAutoConfiguration:
      Did not match:
         - @ConditionalOnClass did not find required class 'org.springframework.boot.actuate.autoconfigure.endpoint.web.WebEndpointAutoConfiguration' (OnClassCondition)

   ReactiveUserDetailsServiceAutoConfiguration:
      Did not match:
         - AnyNestedCondition 0 matched 2 did not; NestedCondition on ReactiveUserDetailsServiceAutoConfiguration.RSocketEnabledOrReactiveWebApplication.ReactiveWebApplicationCondition did not find reactive web application classes; NestedCondition on ReactiveUserDetailsServiceAutoConfiguration.RSocketEnabledOrReactiveWebApplication.RSocketSecurityEnabledCondition @ConditionalOnBean (types: org.springframework.messaging.rsocket.annotation.support.RSocketMessageHandler; SearchStrategy: all) did not find any beans of type org.springframework.messaging.rsocket.annotation.support.RSocketMessageHandler (ReactiveUserDetailsServiceAutoConfiguration.RSocketEnabledOrReactiveWebApplication)
      Matched:
         - @ConditionalOnClass found required class 'org.springframework.security.authentication.ReactiveAuthenticationManager' (OnClassCondition)
         - AnyNestedCondition 1 matched 2 did not; NestedCondition on MissingAlternativeUserDetailsManagerOrUserPropertiesConfigured.PasswordConfigured @ConditionalOnProperty (spring.security.user.password) did not find property 'spring.security.user.password'; NestedCondition on MissingAlternativeUserDetailsManagerOrUserPropertiesConfigured.NameConfigured @ConditionalOnProperty (spring.security.user.name) did not find property 'spring.security.user.name'; NestedCondition on MissingAlternativeUserDetailsManagerOrUserPropertiesConfigured.MissingAlternative @ConditionalOnMissingClass did not find unwanted classes 'org.springframework.security.oauth2.client.registration.ClientRegistrationRepository', 'org.springframework.security.oauth2.server.resource.introspection.OpaqueTokenIntrospector', 'org.springframework.security.saml2.provider.service.registration.RelyingPartyRegistrationRepository' (MissingAlternativeUserDetailsManagerOrUserPropertiesConfigured)

   ReactiveWebSecurityAutoConfiguration:
      Did not match:
         - @ConditionalOnClass did not find required class 'reactor.core.publisher.Flux' (OnClassCondition)

   RemoteDevToolsAutoConfiguration:
      Did not match:
         - @ConditionalOnProperty (spring.devtools.remote.secret) did not find property 'spring.devtools.remote.secret' (OnPropertyCondition)
      Matched:
         - @ConditionalOnClass found required classes 'jakarta.servlet.Filter', 'org.springframework.http.server.ServerHttpRequest', 'org.springframework.boot.web.server.autoconfigure.ServerProperties' (OnClassCondition)

   SecurityAutoConfiguration.SecurityDataConfiguration:
      Did not match:
         - @ConditionalOnClass did not find required class 'org.springframework.security.data.repository.query.SecurityEvaluationContextExtension' (OnClassCondition)

   ServletHttpExchangesAutoConfiguration:
      Did not match:
         - @ConditionalOnBean did not find required type 'org.springframework.boot.actuate.web.exchanges.HttpExchangeRepository' (OnBeanCondition)

   ServletManagementContextAutoConfiguration:
      Did not match:
         - @ConditionalOnClass did not find required class 'org.springframework.boot.actuate.autoconfigure.endpoint.web.WebEndpointProperties' (OnClassCondition)

   ServletMappingsAutoConfiguration:
      Did not match:
         - @ConditionalOnClass did not find required class 'org.springframework.boot.actuate.autoconfigure.endpoint.condition.ConditionalOnAvailableEndpoint' (OnClassCondition)

   ServletWebSecurityAutoConfiguration.SecurityFilterChainConfiguration:
      Did not match:
         - AllNestedConditions 1 matched 1 did not; NestedCondition on DefaultWebSecurityCondition.Beans @ConditionalOnMissingBean (types: org.springframework.security.web.SecurityFilterChain; SearchStrategy: all) found beans of type 'org.springframework.security.web.SecurityFilterChain' securityFilterChain; NestedCondition on DefaultWebSecurityCondition.Classes @ConditionalOnClass found required classes 'org.springframework.security.web.SecurityFilterChain', 'org.springframework.security.config.annotation.web.builders.HttpSecurity' (DefaultWebSecurityCondition)

   ServletWebServerConfiguration#forwardedHeaderFilter:
      Did not match:
         - @ConditionalOnProperty (server.forward-headers-strategy=framework) did not find property 'server.forward-headers-strategy' (OnPropertyCondition)

   SpringApplicationAdminJmxAutoConfiguration:
      Did not match:
         - @ConditionalOnBooleanProperty (spring.application.admin.enabled=true) did not find property 'spring.application.admin.enabled' (OnPropertyCondition)

   TaskExecutorConfigurations.AsyncConfigurerWrapperConfiguration:
      Did not match:
         - @ConditionalOnBean (types: org.springframework.scheduling.annotation.AsyncConfigurer; SearchStrategy: all) did not find any beans of type org.springframework.scheduling.annotation.AsyncConfigurer (OnBeanCondition)

   TaskExecutorConfigurations.SimpleAsyncTaskExecutorBuilderConfiguration#simpleAsyncTaskExecutorBuilderVirtualThreads:
      Did not match:
         - @ConditionalOnMissingBean (types: org.springframework.boot.task.SimpleAsyncTaskExecutorBuilder; SearchStrategy: all) found beans of type 'org.springframework.boot.task.SimpleAsyncTaskExecutorBuilder' simpleAsyncTaskExecutorBuilder (OnBeanCondition)

   TaskExecutorConfigurations.TaskExecutorConfiguration#applicationTaskExecutorVirtualThreads:
      Did not match:
         - @ConditionalOnThreading did not find VIRTUAL (OnThreadingCondition)

   TaskSchedulingConfigurations.SimpleAsyncTaskSchedulerBuilderConfiguration#simpleAsyncTaskSchedulerBuilderVirtualThreads:
      Did not match:
         - @ConditionalOnMissingBean (types: org.springframework.boot.task.SimpleAsyncTaskSchedulerBuilder; SearchStrategy: all) found beans of type 'org.springframework.boot.task.SimpleAsyncTaskSchedulerBuilder' simpleAsyncTaskSchedulerBuilder (OnBeanCondition)

   TaskSchedulingConfigurations.TaskSchedulerConfiguration#taskSchedulerVirtualThreads:
      Did not match:
         - @ConditionalOnThreading did not find VIRTUAL (OnThreadingCondition)

   TemplateEngineConfigurations.ReactiveTemplateEngineConfiguration:
      Did not match:
         - did not find reactive web application classes (OnWebApplicationCondition)

   ThymeleafAutoConfiguration.DataAttributeDialectConfiguration:
      Did not match:
         - @ConditionalOnClass did not find required class 'com.github.mxab.thymeleaf.extras.dataattribute.dialect.DataAttributeDialect' (OnClassCondition)

   ThymeleafAutoConfiguration.ThymeleafSecurityDialectConfiguration:
      Did not match:
         - @ConditionalOnClass did not find required class 'org.thymeleaf.extras.springsecurity6.dialect.SpringSecurityDialect' (OnClassCondition)

   ThymeleafAutoConfiguration.ThymeleafWebFluxConfiguration:
      Did not match:
         - did not find reactive web application classes (OnWebApplicationCondition)

   ThymeleafAutoConfiguration.ThymeleafWebLayoutConfiguration:
      Did not match:
         - @ConditionalOnClass did not find required class 'nz.net.ultraq.thymeleaf.layoutdialect.LayoutDialect' (OnClassCondition)

   ThymeleafAutoConfiguration.ThymeleafWebMvcConfiguration#resourceUrlEncodingFilter:
      Did not match:
         - @ConditionalOnEnabledResourceChain did not find class org.webjars.WebJarVersionLocator (OnEnabledResourceChainCondition)

   TomcatMetricsAutoConfiguration:
      Did not match:
         - @ConditionalOnClass did not find required class 'io.micrometer.core.instrument.binder.tomcat.TomcatMetrics' (OnClassCondition)

   TomcatReactiveManagementContextAutoConfiguration:
      Did not match:
         - @ConditionalOnClass did not find required class 'org.springframework.boot.actuate.autoconfigure.web.server.ManagementContextFactory' (OnClassCondition)

   TomcatReactiveWebServerAutoConfiguration:
      Did not match:
         - @ConditionalOnWebApplication did not find reactive web application classes (OnWebApplicationCondition)

   TomcatServletManagementContextAutoConfiguration:
      Did not match:
         - @ConditionalOnClass did not find required class 'org.springframework.boot.actuate.autoconfigure.web.server.ManagementContextFactory' (OnClassCondition)

   TomcatServletWebServerAutoConfiguration#tomcatForwardedHeaderFilterCustomizer:
      Did not match:
         - @ConditionalOnProperty (server.forward-headers-strategy=framework) did not find property 'server.forward-headers-strategy' (OnPropertyCondition)

   TomcatWebServerConfiguration#tomcatVirtualThreadsProtocolHandlerCustomizer:
      Did not match:
         - @ConditionalOnThreading did not find VIRTUAL (OnThreadingCondition)

   TransactionAutoConfiguration#transactionalOperator:
      Did not match:
         - @ConditionalOnSingleCandidate (types: org.springframework.transaction.ReactiveTransactionManager; SearchStrategy: all) did not find any beans (OnBeanCondition)

   TransactionAutoConfiguration.AspectJTransactionManagementConfiguration:
      Did not match:
         - @ConditionalOnBean (types: org.springframework.transaction.aspectj.AbstractTransactionAspect; SearchStrategy: all) did not find any beans of type org.springframework.transaction.aspectj.AbstractTransactionAspect (OnBeanCondition)

   TransactionAutoConfiguration.EnableTransactionManagementConfiguration.JdkDynamicAutoProxyConfiguration:
      Did not match:
         - @ConditionalOnBooleanProperty (spring.aop.proxy-target-class=false) did not find property 'spring.aop.proxy-target-class' (OnPropertyCondition)

   UserDetailsServiceAutoConfiguration:
      Did not match:
         - @ConditionalOnMissingBean (types: org.springframework.security.authentication.AuthenticationManager,org.springframework.security.authentication.AuthenticationProvider,org.springframework.security.core.userdetails.UserDetailsService,org.springframework.security.authentication.AuthenticationManagerResolver,org.springframework.security.oauth2.jwt.JwtDecoder; SearchStrategy: all) found beans of type 'org.springframework.security.core.userdetails.UserDetailsService' customUserDetailsService (OnBeanCondition)
      Matched:
         - @ConditionalOnClass found required class 'org.springframework.security.authentication.AuthenticationManager' (OnClassCondition)
         - found 'session' scope (OnWebApplicationCondition)
         - AnyNestedCondition 1 matched 2 did not; NestedCondition on MissingAlternativeUserDetailsManagerOrUserPropertiesConfigured.PasswordConfigured @ConditionalOnProperty (spring.security.user.password) did not find property 'spring.security.user.password'; NestedCondition on MissingAlternativeUserDetailsManagerOrUserPropertiesConfigured.NameConfigured @ConditionalOnProperty (spring.security.user.name) did not find property 'spring.security.user.name'; NestedCondition on MissingAlternativeUserDetailsManagerOrUserPropertiesConfigured.MissingAlternative @ConditionalOnMissingClass did not find unwanted classes 'org.springframework.security.oauth2.client.registration.ClientRegistrationRepository', 'org.springframework.security.oauth2.server.resource.introspection.OpaqueTokenIntrospector', 'org.springframework.security.saml2.provider.service.registration.RelyingPartyRegistrationRepository' (MissingAlternativeUserDetailsManagerOrUserPropertiesConfigured)

   WebMvcAutoConfiguration.ProblemDetailsErrorHandlingConfiguration:
      Did not match:
         - @ConditionalOnBooleanProperty (spring.mvc.problemdetails.enabled=true) did not find property 'spring.mvc.problemdetails.enabled' (OnPropertyCondition)

   WebMvcAutoConfiguration.ResourceChainCustomizerConfiguration:
      Did not match:
         - @ConditionalOnEnabledResourceChain did not find class org.webjars.WebJarVersionLocator (OnEnabledResourceChainCondition)

   WebMvcAutoConfiguration.WebMvcAutoConfigurationAdapter#beanNameViewResolver:
      Did not match:
         - @ConditionalOnMissingBean (types: org.springframework.web.servlet.view.BeanNameViewResolver; SearchStrategy: all) found beans of type 'org.springframework.web.servlet.view.BeanNameViewResolver' beanNameViewResolver (OnBeanCondition)

   WebMvcHealthEndpointExtensionAutoConfiguration:
      Did not match:
         - @ConditionalOnClass did not find required class 'org.springframework.boot.health.actuate.endpoint.HealthEndpoint' (OnClassCondition)

   WebMvcMappingsAutoConfiguration:
      Did not match:
         - @ConditionalOnClass did not find required class 'org.springframework.boot.actuate.autoconfigure.endpoint.condition.ConditionalOnAvailableEndpoint' (OnClassCondition)

   WebMvcObservationAutoConfiguration:
      Did not match:
         - @ConditionalOnClass did not find required class 'org.springframework.boot.micrometer.observation.autoconfigure.ObservationProperties' (OnClassCondition)

   XADataSourceAutoConfiguration:
      Did not match:
         - @ConditionalOnBean (types: org.springframework.boot.jdbc.XADataSourceWrapper; SearchStrategy: all) did not find any beans of type org.springframework.boot.jdbc.XADataSourceWrapper (OnBeanCondition)
      Matched:
         - @ConditionalOnClass found required classes 'javax.sql.DataSource', 'jakarta.transaction.TransactionManager', 'org.springframework.jdbc.datasource.embedded.EmbeddedDatabaseType' (OnClassCondition)


Exclusions:
-----------

    None


Unconditional classes:
----------------------

    org.springframework.boot.autoconfigure.context.ConfigurationPropertiesAutoConfiguration

    org.springframework.boot.autoconfigure.ssl.SslAutoConfiguration

    org.springframework.boot.autoconfigure.context.LifecycleAutoConfiguration

    org.springframework.boot.autoconfigure.context.PropertyPlaceholderAutoConfiguration

    org.springframework.boot.autoconfigure.availability.ApplicationAvailabilityAutoConfiguration

    org.springframework.boot.autoconfigure.info.ProjectInfoAutoConfiguration



2026-06-08 13:35:01.804  INFO [trace:] [event:] [module:] --- [  restartedMain] com.example.gqw.GqwApplication           : Started GqwApplication in 7.141 seconds (process running for 7.458)
2026-06-08 13:35:01.804 DEBUG [trace:] [event:] [module:] --- [  restartedMain] o.s.b.a.ApplicationAvailabilityBean      : Application availability state LivenessState changed to CORRECT
2026-06-08 13:35:01.815 DEBUG [trace:] [event:] [module:] --- [  restartedMain] o.s.jdbc.core.JdbcTemplate               : Executing prepared SQL query
2026-06-08 13:35:01.815 DEBUG [trace:] [event:] [module:] --- [  restartedMain] o.s.jdbc.core.JdbcTemplate               : Executing prepared SQL statement [select to_regclass(?) is not null]
2026-06-08 13:35:01.823 DEBUG [trace:] [event:] [module:] --- [  restartedMain] o.s.jdbc.core.JdbcTemplate               : Executing prepared SQL query
2026-06-08 13:35:01.823 DEBUG [trace:] [event:] [module:] --- [  restartedMain] o.s.jdbc.core.JdbcTemplate               : Executing prepared SQL statement [select to_regclass(?) is not null]
2026-06-08 13:35:01.823 DEBUG [trace:] [event:] [module:] --- [  restartedMain] o.s.jdbc.core.JdbcTemplate               : Executing prepared SQL query
2026-06-08 13:35:01.824 DEBUG [trace:] [event:] [module:] --- [  restartedMain] o.s.jdbc.core.JdbcTemplate               : Executing prepared SQL statement [select to_regclass(?) is not null]
2026-06-08 13:35:01.824 DEBUG [trace:] [event:] [module:] --- [  restartedMain] o.s.jdbc.core.JdbcTemplate               : Executing prepared SQL query
2026-06-08 13:35:01.824 DEBUG [trace:] [event:] [module:] --- [  restartedMain] o.s.jdbc.core.JdbcTemplate               : Executing prepared SQL statement [select to_regclass(?) is not null]
2026-06-08 13:35:01.824 DEBUG [trace:] [event:] [module:] --- [  restartedMain] o.s.jdbc.core.JdbcTemplate               : Executing prepared SQL query
2026-06-08 13:35:01.824 DEBUG [trace:] [event:] [module:] --- [  restartedMain] o.s.jdbc.core.JdbcTemplate               : Executing prepared SQL statement [select to_regclass(?) is not null]
2026-06-08 13:35:01.824 DEBUG [trace:] [event:] [module:] --- [  restartedMain] o.s.jdbc.core.JdbcTemplate               : Executing prepared SQL query
2026-06-08 13:35:01.824 DEBUG [trace:] [event:] [module:] --- [  restartedMain] o.s.jdbc.core.JdbcTemplate               : Executing prepared SQL statement [select to_regclass(?) is not null]
2026-06-08 13:35:01.824 DEBUG [trace:] [event:] [module:] --- [  restartedMain] o.s.jdbc.core.JdbcTemplate               : Executing prepared SQL query
2026-06-08 13:35:01.824 DEBUG [trace:] [event:] [module:] --- [  restartedMain] o.s.jdbc.core.JdbcTemplate               : Executing prepared SQL statement [select exists(select 1 from information_schema.schemata where schema_name = ?)]
2026-06-08 13:35:01.828 DEBUG [trace:] [event:] [module:] --- [  restartedMain] o.s.jdbc.core.JdbcTemplate               : Executing prepared SQL query
2026-06-08 13:35:01.828 DEBUG [trace:] [event:] [module:] --- [  restartedMain] o.s.jdbc.core.JdbcTemplate               : Executing prepared SQL statement [select to_regclass(?) is not null]
2026-06-08 13:35:01.828 DEBUG [trace:] [event:] [module:] --- [  restartedMain] o.s.jdbc.core.JdbcTemplate               : Executing SQL statement [alter table analytics.stage_metric_type add column if not exists reading_guide varchar(2048)]
2026-06-08 13:35:01.828 DEBUG [trace:] [event:] [module:] --- [  restartedMain] o.s.jdbc.core.JdbcTemplate               : SQLWarning ignored: SQL state '42701', error code '0', message [column "reading_guide" of relation "stage_metric_type" already exists, skipping]
2026-06-08 13:35:01.828 DEBUG [trace:] [event:] [module:] --- [  restartedMain] o.s.jdbc.core.JdbcTemplate               : Executing prepared SQL query
2026-06-08 13:35:01.828 DEBUG [trace:] [event:] [module:] --- [  restartedMain] o.s.jdbc.core.JdbcTemplate               : Executing prepared SQL statement [select to_regclass(?) is not null]
2026-06-08 13:35:01.832 DEBUG [trace:] [event:] [module:] --- [  restartedMain] o.s.jdbc.core.JdbcTemplate               : Executing SQL statement [alter table analytics.event_type add column if not exists is_system boolean]
2026-06-08 13:35:01.832 DEBUG [trace:] [event:] [module:] --- [  restartedMain] o.s.jdbc.core.JdbcTemplate               : SQLWarning ignored: SQL state '42701', error code '0', message [column "is_system" of relation "event_type" already exists, skipping]
2026-06-08 13:35:01.832 DEBUG [trace:] [event:] [module:] --- [  restartedMain] o.s.jdbc.core.JdbcTemplate               : Executing SQL statement [update analytics.event_type set is_system = false where is_system is null]
2026-06-08 13:35:01.832 DEBUG [trace:] [event:] [module:] --- [  restartedMain] o.s.jdbc.core.JdbcTemplate               : Executing SQL statement [alter table analytics.event_type alter column is_system set not null]
2026-06-08 13:35:01.832 DEBUG [trace:] [event:] [module:] --- [  restartedMain] o.s.jdbc.core.JdbcTemplate               : Executing SQL statement [alter table analytics.event_type alter column is_system set default false]
2026-06-08 13:35:01.845 DEBUG [trace:] [event:] [module:] --- [  restartedMain] o.s.jdbc.core.JdbcTemplate               : Executing prepared SQL update
2026-06-08 13:35:01.845 DEBUG [trace:] [event:] [module:] --- [  restartedMain] o.s.jdbc.core.JdbcTemplate               : Executing prepared SQL statement [update analytics.event_type set is_system = true where code = ?]
2026-06-08 13:35:01.845 DEBUG [trace:] [event:] [module:] --- [  restartedMain] o.s.jdbc.core.JdbcTemplate               : Executing prepared SQL update
2026-06-08 13:35:01.845 DEBUG [trace:] [event:] [module:] --- [  restartedMain] o.s.jdbc.core.JdbcTemplate               : Executing prepared SQL statement [update analytics.event_type set is_system = true where code = ?]
2026-06-08 13:35:01.845 DEBUG [trace:] [event:] [module:] --- [  restartedMain] o.s.jdbc.core.JdbcTemplate               : Executing prepared SQL update
2026-06-08 13:35:01.845 DEBUG [trace:] [event:] [module:] --- [  restartedMain] o.s.jdbc.core.JdbcTemplate               : Executing prepared SQL statement [update analytics.event_type set is_system = true where code = ?]
2026-06-08 13:35:01.845 DEBUG [trace:] [event:] [module:] --- [  restartedMain] o.s.jdbc.core.JdbcTemplate               : Executing prepared SQL update
2026-06-08 13:35:01.845 DEBUG [trace:] [event:] [module:] --- [  restartedMain] o.s.jdbc.core.JdbcTemplate               : Executing prepared SQL statement [update analytics.event_type set is_system = true where code = ?]
2026-06-08 13:35:01.845 DEBUG [trace:] [event:] [module:] --- [  restartedMain] o.s.jdbc.core.JdbcTemplate               : Executing prepared SQL update
2026-06-08 13:35:01.845 DEBUG [trace:] [event:] [module:] --- [  restartedMain] o.s.jdbc.core.JdbcTemplate               : Executing prepared SQL statement [update analytics.event_type set is_system = true where code = ?]
2026-06-08 13:35:01.845 DEBUG [trace:] [event:] [module:] --- [  restartedMain] o.s.jdbc.core.JdbcTemplate               : Executing prepared SQL query
2026-06-08 13:35:01.845 DEBUG [trace:] [event:] [module:] --- [  restartedMain] o.s.jdbc.core.JdbcTemplate               : Executing prepared SQL statement [select to_regclass(?) is not null]
2026-06-08 13:35:01.845 DEBUG [trace:] [event:] [module:] --- [  restartedMain] o.s.jdbc.core.JdbcTemplate               : Executing prepared SQL query
2026-06-08 13:35:01.845 DEBUG [trace:] [event:] [module:] --- [  restartedMain] o.s.jdbc.core.JdbcTemplate               : Executing prepared SQL statement [select to_regclass(?) is not null]
2026-06-08 13:35:01.845 DEBUG [trace:] [event:] [module:] --- [  restartedMain] o.s.jdbc.core.JdbcTemplate               : Executing SQL statement [update analytics.event_type t
   set is_system = true
 where exists (
       select 1
         from analytics.event e
        where e.event_type_code = t.code
          and (
               lower(coalesce(e.request_path, '')) in ('/favicon.ico', '/robots.txt', '/error')
               or lower(coalesce(e.request_path, '')) like '/static/%'
               or lower(coalesce(e.request_path, '')) like '/css/%'
               or lower(coalesce(e.request_path, '')) like '/js/%'
               or lower(coalesce(e.request_path, '')) like '/images/%'
               or lower(coalesce(e.request_path, '')) like '/img/%'
               or lower(coalesce(e.request_path, '')) like '/webjars/%'
               or lower(coalesce(e.request_path, '')) like '/actuator/%'
               or (
                   e.status_code = 404
                   and lower(coalesce(e.request_path, '')) ~ '\.(css|js|map|ico|png|jpg|jpeg|svg|gif|webp|woff|woff2|ttf)(\?.*)?$'
               )
          )
 )
]
2026-06-08 13:35:02.079 DEBUG [trace:] [event:] [module:] --- [  restartedMain] o.s.jdbc.core.JdbcTemplate               : Executing prepared SQL query
2026-06-08 13:35:02.079 DEBUG [trace:] [event:] [module:] --- [  restartedMain] o.s.jdbc.core.JdbcTemplate               : Executing prepared SQL statement [select to_regclass(?) is not null]
2026-06-08 13:35:02.079 DEBUG [trace:] [event:] [module:] --- [  restartedMain] o.s.jdbc.core.JdbcTemplate               : Executing SQL statement [alter table analytics.event_attribute_type add column if not exists is_system boolean]
2026-06-08 13:35:02.079 DEBUG [trace:] [event:] [module:] --- [  restartedMain] o.s.jdbc.core.JdbcTemplate               : SQLWarning ignored: SQL state '42701', error code '0', message [column "is_system" of relation "event_attribute_type" already exists, skipping]
2026-06-08 13:35:02.079 DEBUG [trace:] [event:] [module:] --- [  restartedMain] o.s.jdbc.core.JdbcTemplate               : Executing SQL statement [update analytics.event_attribute_type set is_system = false where is_system is null]
2026-06-08 13:35:02.079 DEBUG [trace:] [event:] [module:] --- [  restartedMain] o.s.jdbc.core.JdbcTemplate               : Executing SQL statement [alter table analytics.event_attribute_type alter column is_system set not null]
2026-06-08 13:35:02.079 DEBUG [trace:] [event:] [module:] --- [  restartedMain] o.s.jdbc.core.JdbcTemplate               : Executing SQL statement [alter table analytics.event_attribute_type alter column is_system set default false]
2026-06-08 13:35:02.087 DEBUG [trace:] [event:] [module:] --- [  restartedMain] o.s.jdbc.core.JdbcTemplate               : Executing prepared SQL update
2026-06-08 13:35:02.087 DEBUG [trace:] [event:] [module:] --- [  restartedMain] o.s.jdbc.core.JdbcTemplate               : Executing prepared SQL statement [update analytics.event_attribute_type set is_system = true where code = ?]
2026-06-08 13:35:02.087 DEBUG [trace:] [event:] [module:] --- [  restartedMain] o.s.jdbc.core.JdbcTemplate               : Executing prepared SQL update
2026-06-08 13:35:02.087 DEBUG [trace:] [event:] [module:] --- [  restartedMain] o.s.jdbc.core.JdbcTemplate               : Executing prepared SQL statement [update analytics.event_attribute_type set is_system = true where code = ?]
2026-06-08 13:35:02.087 DEBUG [trace:] [event:] [module:] --- [  restartedMain] o.s.jdbc.core.JdbcTemplate               : Executing prepared SQL update
2026-06-08 13:35:02.087 DEBUG [trace:] [event:] [module:] --- [  restartedMain] o.s.jdbc.core.JdbcTemplate               : Executing prepared SQL statement [update analytics.event_attribute_type set is_system = true where code = ?]
2026-06-08 13:35:02.087 DEBUG [trace:] [event:] [module:] --- [  restartedMain] o.s.jdbc.core.JdbcTemplate               : Executing prepared SQL update
2026-06-08 13:35:02.087 DEBUG [trace:] [event:] [module:] --- [  restartedMain] o.s.jdbc.core.JdbcTemplate               : Executing prepared SQL statement [update analytics.event_attribute_type set is_system = true where code = ?]
2026-06-08 13:35:02.087 DEBUG [trace:] [event:] [module:] --- [  restartedMain] o.s.jdbc.core.JdbcTemplate               : Executing prepared SQL update
2026-06-08 13:35:02.087 DEBUG [trace:] [event:] [module:] --- [  restartedMain] o.s.jdbc.core.JdbcTemplate               : Executing prepared SQL statement [update analytics.event_attribute_type set is_system = true where code = ?]
2026-06-08 13:35:02.087 DEBUG [trace:] [event:] [module:] --- [  restartedMain] o.s.jdbc.core.JdbcTemplate               : Executing prepared SQL update
2026-06-08 13:35:02.087 DEBUG [trace:] [event:] [module:] --- [  restartedMain] o.s.jdbc.core.JdbcTemplate               : Executing prepared SQL statement [update analytics.event_attribute_type set is_system = true where code = ?]
2026-06-08 13:35:02.087 DEBUG [trace:] [event:] [module:] --- [  restartedMain] o.s.jdbc.core.JdbcTemplate               : Executing prepared SQL update
2026-06-08 13:35:02.087 DEBUG [trace:] [event:] [module:] --- [  restartedMain] o.s.jdbc.core.JdbcTemplate               : Executing prepared SQL statement [update analytics.event_attribute_type set is_system = true where code = ?]
2026-06-08 13:35:02.087 DEBUG [trace:] [event:] [module:] --- [  restartedMain] o.s.jdbc.core.JdbcTemplate               : Executing prepared SQL update
2026-06-08 13:35:02.087 DEBUG [trace:] [event:] [module:] --- [  restartedMain] o.s.jdbc.core.JdbcTemplate               : Executing prepared SQL statement [update analytics.event_attribute_type set is_system = true where code = ?]
2026-06-08 13:35:02.087 DEBUG [trace:] [event:] [module:] --- [  restartedMain] o.s.jdbc.core.JdbcTemplate               : Executing prepared SQL update
2026-06-08 13:35:02.087 DEBUG [trace:] [event:] [module:] --- [  restartedMain] o.s.jdbc.core.JdbcTemplate               : Executing prepared SQL statement [update analytics.event_attribute_type set is_system = true where code = ?]
2026-06-08 13:35:02.087 DEBUG [trace:] [event:] [module:] --- [  restartedMain] o.s.jdbc.core.JdbcTemplate               : Executing prepared SQL update
2026-06-08 13:35:02.087 DEBUG [trace:] [event:] [module:] --- [  restartedMain] o.s.jdbc.core.JdbcTemplate               : Executing prepared SQL statement [update analytics.event_attribute_type set is_system = true where code = ?]
2026-06-08 13:35:02.087 DEBUG [trace:] [event:] [module:] --- [  restartedMain] o.s.jdbc.core.JdbcTemplate               : Executing prepared SQL update
2026-06-08 13:35:02.087 DEBUG [trace:] [event:] [module:] --- [  restartedMain] o.s.jdbc.core.JdbcTemplate               : Executing prepared SQL statement [update analytics.event_attribute_type set is_system = true where code = ?]
2026-06-08 13:35:02.087 DEBUG [trace:] [event:] [module:] --- [  restartedMain] o.s.jdbc.core.JdbcTemplate               : Executing prepared SQL query
2026-06-08 13:35:02.087 DEBUG [trace:] [event:] [module:] --- [  restartedMain] o.s.jdbc.core.JdbcTemplate               : Executing prepared SQL statement [select to_regclass(?) is not null]
2026-06-08 13:35:02.087 DEBUG [trace:] [event:] [module:] --- [  restartedMain] o.s.jdbc.core.JdbcTemplate               : Executing SQL statement [alter table analytics.stage_type add column if not exists is_system boolean]
2026-06-08 13:35:02.094 DEBUG [trace:] [event:] [module:] --- [  restartedMain] o.s.jdbc.core.JdbcTemplate               : SQLWarning ignored: SQL state '42701', error code '0', message [column "is_system" of relation "stage_type" already exists, skipping]
2026-06-08 13:35:02.094 DEBUG [trace:] [event:] [module:] --- [  restartedMain] o.s.jdbc.core.JdbcTemplate               : Executing SQL statement [update analytics.stage_type set is_system = false where is_system is null]
2026-06-08 13:35:02.095 DEBUG [trace:] [event:] [module:] --- [  restartedMain] o.s.jdbc.core.JdbcTemplate               : Executing SQL statement [alter table analytics.stage_type alter column is_system set not null]
2026-06-08 13:35:02.096 DEBUG [trace:] [event:] [module:] --- [  restartedMain] o.s.jdbc.core.JdbcTemplate               : Executing SQL statement [alter table analytics.stage_type alter column is_system set default false]
2026-06-08 13:35:02.096 DEBUG [trace:] [event:] [module:] --- [  restartedMain] o.s.jdbc.core.JdbcTemplate               : Executing prepared SQL update
2026-06-08 13:35:02.096 DEBUG [trace:] [event:] [module:] --- [  restartedMain] o.s.jdbc.core.JdbcTemplate               : Executing prepared SQL statement [update analytics.stage_type set is_system = true where code = ?]
2026-06-08 13:35:02.098 DEBUG [trace:] [event:] [module:] --- [  restartedMain] o.s.jdbc.core.JdbcTemplate               : Executing prepared SQL update
2026-06-08 13:35:02.098 DEBUG [trace:] [event:] [module:] --- [  restartedMain] o.s.jdbc.core.JdbcTemplate               : Executing prepared SQL statement [update analytics.stage_type set is_system = true where code = ?]
2026-06-08 13:35:02.098 DEBUG [trace:] [event:] [module:] --- [  restartedMain] o.s.jdbc.core.JdbcTemplate               : Executing prepared SQL update
2026-06-08 13:35:02.098 DEBUG [trace:] [event:] [module:] --- [  restartedMain] o.s.jdbc.core.JdbcTemplate               : Executing prepared SQL statement [update analytics.stage_type set is_system = true where code = ?]
2026-06-08 13:35:02.098 DEBUG [trace:] [event:] [module:] --- [  restartedMain] o.s.jdbc.core.JdbcTemplate               : Executing prepared SQL update
2026-06-08 13:35:02.099 DEBUG [trace:] [event:] [module:] --- [  restartedMain] o.s.jdbc.core.JdbcTemplate               : Executing prepared SQL statement [update analytics.stage_type set is_system = true where code = ?]
2026-06-08 13:35:02.099 DEBUG [trace:] [event:] [module:] --- [  restartedMain] o.s.jdbc.core.JdbcTemplate               : Executing prepared SQL query
2026-06-08 13:35:02.099 DEBUG [trace:] [event:] [module:] --- [  restartedMain] o.s.jdbc.core.JdbcTemplate               : Executing prepared SQL statement [select to_regclass(?) is not null]
2026-06-08 13:35:02.099 DEBUG [trace:] [event:] [module:] --- [  restartedMain] o.s.jdbc.core.JdbcTemplate               : Executing SQL statement [alter table analytics.stage_metric_type add column if not exists is_system boolean]
2026-06-08 13:35:02.099 DEBUG [trace:] [event:] [module:] --- [  restartedMain] o.s.jdbc.core.JdbcTemplate               : SQLWarning ignored: SQL state '42701', error code '0', message [column "is_system" of relation "stage_metric_type" already exists, skipping]
2026-06-08 13:35:02.099 DEBUG [trace:] [event:] [module:] --- [  restartedMain] o.s.jdbc.core.JdbcTemplate               : Executing SQL statement [update analytics.stage_metric_type set is_system = false where is_system is null]
2026-06-08 13:35:02.100 DEBUG [trace:] [event:] [module:] --- [  restartedMain] o.s.jdbc.core.JdbcTemplate               : Executing SQL statement [alter table analytics.stage_metric_type alter column is_system set not null]
2026-06-08 13:35:02.101 DEBUG [trace:] [event:] [module:] --- [  restartedMain] o.s.jdbc.core.JdbcTemplate               : Executing SQL statement [alter table analytics.stage_metric_type alter column is_system set default false]
2026-06-08 13:35:02.101 DEBUG [trace:] [event:] [module:] --- [  restartedMain] o.s.jdbc.core.JdbcTemplate               : Executing prepared SQL update
2026-06-08 13:35:02.101 DEBUG [trace:] [event:] [module:] --- [  restartedMain] o.s.jdbc.core.JdbcTemplate               : Executing prepared SQL statement [update analytics.stage_metric_type set is_system = true where code = ?]
2026-06-08 13:35:02.102 DEBUG [trace:] [event:] [module:] --- [  restartedMain] o.s.jdbc.core.JdbcTemplate               : Executing prepared SQL update
2026-06-08 13:35:02.102 DEBUG [trace:] [event:] [module:] --- [  restartedMain] o.s.jdbc.core.JdbcTemplate               : Executing prepared SQL statement [update analytics.stage_metric_type set is_system = true where code = ?]
2026-06-08 13:35:02.102 DEBUG [trace:] [event:] [module:] --- [  restartedMain] o.s.jdbc.core.JdbcTemplate               : Executing prepared SQL update
2026-06-08 13:35:02.102 DEBUG [trace:] [event:] [module:] --- [  restartedMain] o.s.jdbc.core.JdbcTemplate               : Executing prepared SQL statement [update analytics.stage_metric_type set is_system = true where code = ?]
2026-06-08 13:35:02.103 DEBUG [trace:] [event:] [module:] --- [  restartedMain] o.s.jdbc.core.JdbcTemplate               : Executing prepared SQL update
2026-06-08 13:35:02.103 DEBUG [trace:] [event:] [module:] --- [  restartedMain] o.s.jdbc.core.JdbcTemplate               : Executing prepared SQL statement [update analytics.stage_metric_type set is_system = true where code = ?]
2026-06-08 13:35:02.104 DEBUG [trace:] [event:] [module:] --- [  restartedMain] o.s.jdbc.core.JdbcTemplate               : Executing prepared SQL update
2026-06-08 13:35:02.104 DEBUG [trace:] [event:] [module:] --- [  restartedMain] o.s.jdbc.core.JdbcTemplate               : Executing prepared SQL statement [update analytics.stage_metric_type set is_system = true where code = ?]
2026-06-08 13:35:02.104 DEBUG [trace:] [event:] [module:] --- [  restartedMain] o.s.jdbc.core.JdbcTemplate               : Executing prepared SQL update
2026-06-08 13:35:02.104 DEBUG [trace:] [event:] [module:] --- [  restartedMain] o.s.jdbc.core.JdbcTemplate               : Executing prepared SQL statement [update analytics.stage_metric_type set is_system = true where code = ?]
2026-06-08 13:35:02.104 DEBUG [trace:] [event:] [module:] --- [  restartedMain] o.s.jdbc.core.JdbcTemplate               : Executing prepared SQL update
2026-06-08 13:35:02.104 DEBUG [trace:] [event:] [module:] --- [  restartedMain] o.s.jdbc.core.JdbcTemplate               : Executing prepared SQL statement [update analytics.stage_metric_type set is_system = true where code = ?]
2026-06-08 13:35:02.105 DEBUG [trace:] [event:] [module:] --- [  restartedMain] o.s.jdbc.core.JdbcTemplate               : Executing prepared SQL update
2026-06-08 13:35:02.105 DEBUG [trace:] [event:] [module:] --- [  restartedMain] o.s.jdbc.core.JdbcTemplate               : Executing prepared SQL statement [update analytics.stage_metric_type set is_system = true where code = ?]
2026-06-08 13:35:02.105 DEBUG [trace:] [event:] [module:] --- [  restartedMain] o.s.jdbc.core.JdbcTemplate               : Executing prepared SQL update
2026-06-08 13:35:02.105 DEBUG [trace:] [event:] [module:] --- [  restartedMain] o.s.jdbc.core.JdbcTemplate               : Executing prepared SQL statement [update analytics.stage_metric_type set is_system = true where code = ?]
2026-06-08 13:35:02.106 DEBUG [trace:] [event:] [module:] --- [  restartedMain] o.s.jdbc.core.JdbcTemplate               : Executing prepared SQL update
2026-06-08 13:35:02.106 DEBUG [trace:] [event:] [module:] --- [  restartedMain] o.s.jdbc.core.JdbcTemplate               : Executing prepared SQL statement [update analytics.stage_metric_type set is_system = true where code = ?]
2026-06-08 13:35:02.106 DEBUG [trace:] [event:] [module:] --- [  restartedMain] o.s.jdbc.core.JdbcTemplate               : Executing prepared SQL update
2026-06-08 13:35:02.106 DEBUG [trace:] [event:] [module:] --- [  restartedMain] o.s.jdbc.core.JdbcTemplate               : Executing prepared SQL statement [update analytics.stage_metric_type set is_system = true where code = ?]
2026-06-08 13:35:02.106 DEBUG [trace:] [event:] [module:] --- [  restartedMain] o.s.jdbc.core.JdbcTemplate               : Executing prepared SQL update
2026-06-08 13:35:02.106 DEBUG [trace:] [event:] [module:] --- [  restartedMain] o.s.jdbc.core.JdbcTemplate               : Executing prepared SQL statement [update analytics.stage_metric_type set is_system = true where code = ?]
2026-06-08 13:35:02.107 DEBUG [trace:] [event:] [module:] --- [  restartedMain] o.s.jdbc.core.JdbcTemplate               : Executing prepared SQL update
2026-06-08 13:35:02.107 DEBUG [trace:] [event:] [module:] --- [  restartedMain] o.s.jdbc.core.JdbcTemplate               : Executing prepared SQL statement [update analytics.stage_metric_type set is_system = true where code = ?]
2026-06-08 13:35:02.107 DEBUG [trace:] [event:] [module:] --- [  restartedMain] o.s.jdbc.core.JdbcTemplate               : Executing prepared SQL update
2026-06-08 13:35:02.107 DEBUG [trace:] [event:] [module:] --- [  restartedMain] o.s.jdbc.core.JdbcTemplate               : Executing prepared SQL statement [update analytics.stage_metric_type set is_system = true where code = ?]
2026-06-08 13:35:02.107 DEBUG [trace:] [event:] [module:] --- [  restartedMain] o.s.jdbc.core.JdbcTemplate               : Executing prepared SQL update
2026-06-08 13:35:02.107 DEBUG [trace:] [event:] [module:] --- [  restartedMain] o.s.jdbc.core.JdbcTemplate               : Executing prepared SQL statement [update analytics.stage_metric_type set is_system = true where code = ?]
2026-06-08 13:35:02.108 DEBUG [trace:] [event:] [module:] --- [  restartedMain] o.s.jdbc.core.JdbcTemplate               : Executing prepared SQL update
2026-06-08 13:35:02.108 DEBUG [trace:] [event:] [module:] --- [  restartedMain] o.s.jdbc.core.JdbcTemplate               : Executing prepared SQL statement [update analytics.stage_metric_type set is_system = true where code = ?]
2026-06-08 13:35:02.108 DEBUG [trace:] [event:] [module:] --- [  restartedMain] o.s.jdbc.core.JdbcTemplate               : Executing prepared SQL update
2026-06-08 13:35:02.108 DEBUG [trace:] [event:] [module:] --- [  restartedMain] o.s.jdbc.core.JdbcTemplate               : Executing prepared SQL statement [update analytics.stage_metric_type set is_system = true where code = ?]
2026-06-08 13:35:02.109 DEBUG [trace:] [event:] [module:] --- [  restartedMain] o.s.jdbc.core.JdbcTemplate               : Executing prepared SQL update
2026-06-08 13:35:02.109 DEBUG [trace:] [event:] [module:] --- [  restartedMain] o.s.jdbc.core.JdbcTemplate               : Executing prepared SQL statement [update analytics.stage_metric_type set is_system = true where code = ?]
2026-06-08 13:35:02.109 DEBUG [trace:] [event:] [module:] --- [  restartedMain] o.s.jdbc.core.JdbcTemplate               : Executing prepared SQL update
2026-06-08 13:35:02.109 DEBUG [trace:] [event:] [module:] --- [  restartedMain] o.s.jdbc.core.JdbcTemplate               : Executing prepared SQL statement [update analytics.stage_metric_type set is_system = true where code = ?]
2026-06-08 13:35:02.109 DEBUG [trace:] [event:] [module:] --- [  restartedMain] o.s.jdbc.core.JdbcTemplate               : Executing prepared SQL update
2026-06-08 13:35:02.109 DEBUG [trace:] [event:] [module:] --- [  restartedMain] o.s.jdbc.core.JdbcTemplate               : Executing prepared SQL statement [update analytics.stage_metric_type set is_system = true where code = ?]
2026-06-08 13:35:02.110 DEBUG [trace:] [event:] [module:] --- [  restartedMain] o.s.jdbc.core.JdbcTemplate               : Executing prepared SQL update
2026-06-08 13:35:02.110 DEBUG [trace:] [event:] [module:] --- [  restartedMain] o.s.jdbc.core.JdbcTemplate               : Executing prepared SQL statement [update analytics.stage_metric_type set is_system = true where code = ?]
2026-06-08 13:35:02.110 DEBUG [trace:] [event:] [module:] --- [  restartedMain] o.s.jdbc.core.JdbcTemplate               : Executing prepared SQL update
2026-06-08 13:35:02.110 DEBUG [trace:] [event:] [module:] --- [  restartedMain] o.s.jdbc.core.JdbcTemplate               : Executing prepared SQL statement [update analytics.stage_metric_type set is_system = true where code = ?]
2026-06-08 13:35:02.111 DEBUG [trace:] [event:] [module:] --- [  restartedMain] o.s.jdbc.core.JdbcTemplate               : Executing prepared SQL update
2026-06-08 13:35:02.111 DEBUG [trace:] [event:] [module:] --- [  restartedMain] o.s.jdbc.core.JdbcTemplate               : Executing prepared SQL statement [update analytics.stage_metric_type set is_system = true where code = ?]
2026-06-08 13:35:02.111 DEBUG [trace:] [event:] [module:] --- [  restartedMain] o.s.jdbc.core.JdbcTemplate               : Executing prepared SQL update
2026-06-08 13:35:02.111 DEBUG [trace:] [event:] [module:] --- [  restartedMain] o.s.jdbc.core.JdbcTemplate               : Executing prepared SQL statement [update analytics.stage_metric_type set is_system = true where code = ?]
2026-06-08 13:35:02.112 DEBUG [trace:] [event:] [module:] --- [  restartedMain] o.s.jdbc.core.JdbcTemplate               : Executing prepared SQL update
2026-06-08 13:35:02.112 DEBUG [trace:] [event:] [module:] --- [  restartedMain] o.s.jdbc.core.JdbcTemplate               : Executing prepared SQL statement [update analytics.stage_metric_type set is_system = true where code = ?]
2026-06-08 13:35:02.112 DEBUG [trace:] [event:] [module:] --- [  restartedMain] o.s.jdbc.core.JdbcTemplate               : Executing prepared SQL update
2026-06-08 13:35:02.112 DEBUG [trace:] [event:] [module:] --- [  restartedMain] o.s.jdbc.core.JdbcTemplate               : Executing prepared SQL statement [update analytics.stage_metric_type set is_system = true where code = ?]
2026-06-08 13:35:02.112 DEBUG [trace:] [event:] [module:] --- [  restartedMain] o.s.jdbc.core.JdbcTemplate               : Executing prepared SQL update
2026-06-08 13:35:02.112 DEBUG [trace:] [event:] [module:] --- [  restartedMain] o.s.jdbc.core.JdbcTemplate               : Executing prepared SQL statement [update analytics.stage_metric_type set is_system = true where code = ?]
2026-06-08 13:35:02.112 DEBUG [trace:] [event:] [module:] --- [  restartedMain] o.s.jdbc.core.JdbcTemplate               : Executing prepared SQL query
2026-06-08 13:35:02.113 DEBUG [trace:] [event:] [module:] --- [  restartedMain] o.s.jdbc.core.JdbcTemplate               : Executing prepared SQL statement [select exists(select 1 from information_schema.schemata where schema_name = ?)]
2026-06-08 13:35:02.113 DEBUG [trace:] [event:] [module:] --- [  restartedMain] o.s.jdbc.core.JdbcTemplate               : Executing SQL statement [create table if not exists analytics.module_type (
    code varchar(64) primary key,
    name varchar(128) not null,
    description varchar(512),
    is_active boolean not null default true
)
]
2026-06-08 13:35:02.113 DEBUG [trace:] [event:] [module:] --- [  restartedMain] o.s.jdbc.core.JdbcTemplate               : SQLWarning ignored: SQL state '42P07', error code '0', message [relation "module_type" already exists, skipping]
2026-06-08 13:35:02.113 DEBUG [trace:] [event:] [module:] --- [  restartedMain] o.s.jdbc.core.JdbcTemplate               : Executing SQL statement [insert into analytics.module_type(code, name, description, is_active)
values ('DEFAULT', '–û–±—â–∏–π', '–ú–æ–¥—É–ª—å –ø–æ —É–º–æ–ª—á–∞–Ω–∏—é –¥–ª—è —É–Ω–∏–≤–µ—Ä—Å–∞–ª—å–Ω—ã—Ö —Å–æ–±—ã—Ç–∏–π', true)
on conflict (code) do update
set name = excluded.name,
    description = excluded.description,
    is_active = true
]
2026-06-08 13:35:02.115 DEBUG [trace:] [event:] [module:] --- [  restartedMain] o.s.jdbc.core.JdbcTemplate               : Executing prepared SQL query
2026-06-08 13:35:02.115 DEBUG [trace:] [event:] [module:] --- [  restartedMain] o.s.jdbc.core.JdbcTemplate               : Executing prepared SQL statement [select to_regclass(?) is not null]
2026-06-08 13:35:02.115 DEBUG [trace:] [event:] [module:] --- [  restartedMain] o.s.jdbc.core.JdbcTemplate               : Executing SQL statement [alter table analytics.event_type add column if not exists module_code varchar(64)]
2026-06-08 13:35:02.115 DEBUG [trace:] [event:] [module:] --- [  restartedMain] o.s.jdbc.core.JdbcTemplate               : SQLWarning ignored: SQL state '42701', error code '0', message [column "module_code" of relation "event_type" already exists, skipping]
2026-06-08 13:35:02.115 DEBUG [trace:] [event:] [module:] --- [  restartedMain] o.s.jdbc.core.JdbcTemplate               : Executing SQL statement [update analytics.event_type set module_code = 'DEFAULT' where module_code is null]
2026-06-08 13:35:02.115 DEBUG [trace:] [event:] [module:] --- [  restartedMain] o.s.jdbc.core.JdbcTemplate               : Executing SQL statement [alter table analytics.event_type alter column module_code set not null]
2026-06-08 13:35:02.115 DEBUG [trace:] [event:] [module:] --- [  restartedMain] o.s.jdbc.core.JdbcTemplate               : Executing prepared SQL query
2026-06-08 13:35:02.115 DEBUG [trace:] [event:] [module:] --- [  restartedMain] o.s.jdbc.core.JdbcTemplate               : Executing prepared SQL statement [select to_regclass(?) is not null]
2026-06-08 13:35:02.115 DEBUG [trace:] [event:] [module:] --- [  restartedMain] o.s.jdbc.core.JdbcTemplate               : Executing SQL statement [alter table analytics.event add column if not exists module_code varchar(64)]
2026-06-08 13:35:02.115 DEBUG [trace:] [event:] [module:] --- [  restartedMain] o.s.jdbc.core.JdbcTemplate               : SQLWarning ignored: SQL state '42701', error code '0', message [column "module_code" of relation "event" already exists, skipping]
2026-06-08 13:35:02.115 DEBUG [trace:] [event:] [module:] --- [  restartedMain] o.s.jdbc.core.JdbcTemplate               : Executing SQL statement [update analytics.event set module_code = 'DEFAULT' where module_code is null]
2026-06-08 13:35:02.115 DEBUG [trace:] [event:] [module:] --- [  restartedMain] o.s.jdbc.core.JdbcTemplate               : Executing SQL statement [create index if not exists idx_analytics_event_module on analytics.event(module_code)]
2026-06-08 13:35:02.115 DEBUG [trace:] [event:] [module:] --- [  restartedMain] o.s.jdbc.core.JdbcTemplate               : SQLWarning ignored: SQL state '42P07', error code '0', message [relation "idx_analytics_event_module" already exists, skipping]
2026-06-08 13:35:02.115 DEBUG [trace:] [event:] [module:] --- [  restartedMain] o.s.jdbc.core.JdbcTemplate               : Executing prepared SQL query
2026-06-08 13:35:02.120 DEBUG [trace:] [event:] [module:] --- [  restartedMain] o.s.jdbc.core.JdbcTemplate               : Executing prepared SQL statement [select to_regclass(?) is not null]
2026-06-08 13:35:02.121 DEBUG [trace:] [event:] [module:] --- [  restartedMain] o.s.jdbc.core.JdbcTemplate               : Executing prepared SQL query
2026-06-08 13:35:02.121 DEBUG [trace:] [event:] [module:] --- [  restartedMain] o.s.jdbc.core.JdbcTemplate               : Executing prepared SQL statement [select to_regclass(?) is not null]
2026-06-08 13:35:02.121 DEBUG [trace:] [event:] [module:] --- [  restartedMain] o.s.jdbc.core.JdbcTemplate               : Executing SQL statement [    create table if not exists analytics.time_rollup_watermark (
        scope_code varchar(32) not null,
        granularity_minutes integer not null,
        watermark_at timestamp with time zone,
        updated_at timestamp with time zone not null default now(),
        primary key (scope_code, granularity_minutes)
    )
]
2026-06-08 13:35:02.121 DEBUG [trace:] [event:] [module:] --- [  restartedMain] o.s.jdbc.core.JdbcTemplate               : SQLWarning ignored: SQL state '42P07', error code '0', message [relation "time_rollup_watermark" already exists, skipping]
2026-06-08 13:35:02.121 DEBUG [trace:] [event:] [module:] --- [  restartedMain] o.s.jdbc.core.JdbcTemplate               : Executing SQL statement [    create unique index if not exists idx_time_rollup_watermark_scope_granularity
    on analytics.time_rollup_watermark (scope_code, granularity_minutes)
]
2026-06-08 13:35:02.121 DEBUG [trace:] [event:] [module:] --- [  restartedMain] o.s.jdbc.core.JdbcTemplate               : SQLWarning ignored: SQL state '42P07', error code '0', message [relation "idx_time_rollup_watermark_scope_granularity" already exists, skipping]
2026-06-08 13:35:02.121 DEBUG [trace:] [event:] [module:] --- [  restartedMain] o.s.jdbc.core.JdbcTemplate               : Executing SQL statement [    create table if not exists analytics.event_rollup_bucket (
        bucket_start timestamp with time zone not null,
        granularity_minutes integer not null,
        module_code varchar(64) not null,
        event_type_code varchar(64) not null,
        sample_count bigint not null,
        error_count bigint not null,
        duration_sum bigint not null,
        avg_ms numeric(12, 3) not null,
        p95_ms numeric(12, 3) not null,
        p99_ms numeric(12, 3) not null,
        max_ms numeric(12, 3) not null,
        primary key (bucket_start, granularity_minutes, module_code, event_type_code)
    )
]
2026-06-08 13:35:02.121 DEBUG [trace:] [event:] [module:] --- [  restartedMain] o.s.jdbc.core.JdbcTemplate               : SQLWarning ignored: SQL state '42P07', error code '0', message [relation "event_rollup_bucket" already exists, skipping]
2026-06-08 13:35:02.121 DEBUG [trace:] [event:] [module:] --- [  restartedMain] o.s.jdbc.core.JdbcTemplate               : Executing SQL statement [    create table if not exists analytics.stage_rollup_bucket (
        bucket_start timestamp with time zone not null,
        granularity_minutes integer not null,
        module_code varchar(64) not null,
        event_type_code varchar(64) not null,
        stage_type_code varchar(64) not null,
        sample_count bigint not null,
        error_count bigint not null,
        duration_sum bigint not null,
        avg_ms numeric(12, 3) not null,
        p95_ms numeric(12, 3) not null,
        p99_ms numeric(12, 3) not null,
        max_ms numeric(12, 3) not null,
        primary key (bucket_start, granularity_minutes, module_code, event_type_code, stage_type_code)
    )
]
2026-06-08 13:35:02.121 DEBUG [trace:] [event:] [module:] --- [  restartedMain] o.s.jdbc.core.JdbcTemplate               : SQLWarning ignored: SQL state '42P07', error code '0', message [relation "stage_rollup_bucket" already exists, skipping]
2026-06-08 13:35:02.121 DEBUG [trace:] [event:] [module:] --- [  restartedMain] o.s.jdbc.core.JdbcTemplate               : Executing SQL statement [    create index if not exists idx_event_rollup_scope_bucket
    on analytics.event_rollup_bucket (granularity_minutes, module_code, event_type_code, bucket_start)
]
2026-06-08 13:35:02.121 DEBUG [trace:] [event:] [module:] --- [  restartedMain] o.s.jdbc.core.JdbcTemplate               : SQLWarning ignored: SQL state '42P07', error code '0', message [relation "idx_event_rollup_scope_bucket" already exists, skipping]
2026-06-08 13:35:02.121 DEBUG [trace:] [event:] [module:] --- [  restartedMain] o.s.jdbc.core.JdbcTemplate               : Executing SQL statement [    create unique index if not exists event_rollup_bucket_pkey
    on analytics.event_rollup_bucket (bucket_start, granularity_minutes, module_code, event_type_code)
]
2026-06-08 13:35:02.121 DEBUG [trace:] [event:] [module:] --- [  restartedMain] o.s.jdbc.core.JdbcTemplate               : SQLWarning ignored: SQL state '42P07', error code '0', message [relation "event_rollup_bucket_pkey" already exists, skipping]
2026-06-08 13:35:02.121 DEBUG [trace:] [event:] [module:] --- [  restartedMain] o.s.jdbc.core.JdbcTemplate               : Executing SQL statement [    create index if not exists idx_event_rollup_bucket_only
    on analytics.event_rollup_bucket (granularity_minutes, bucket_start)
]
2026-06-08 13:35:02.121 DEBUG [trace:] [event:] [module:] --- [  restartedMain] o.s.jdbc.core.JdbcTemplate               : SQLWarning ignored: SQL state '42P07', error code '0', message [relation "idx_event_rollup_bucket_only" already exists, skipping]
2026-06-08 13:35:02.121 DEBUG [trace:] [event:] [module:] --- [  restartedMain] o.s.jdbc.core.JdbcTemplate               : Executing SQL statement [    create index if not exists idx_stage_rollup_scope_bucket
    on analytics.stage_rollup_bucket (granularity_minutes, module_code, event_type_code, stage_type_code, bucket_start)
]
2026-06-08 13:35:02.121 DEBUG [trace:] [event:] [module:] --- [  restartedMain] o.s.jdbc.core.JdbcTemplate               : SQLWarning ignored: SQL state '42P07', error code '0', message [relation "idx_stage_rollup_scope_bucket" already exists, skipping]
2026-06-08 13:35:02.121 DEBUG [trace:] [event:] [module:] --- [  restartedMain] o.s.jdbc.core.JdbcTemplate               : Executing SQL statement [    create unique index if not exists stage_rollup_bucket_pkey
    on analytics.stage_rollup_bucket (bucket_start, granularity_minutes, module_code, event_type_code, stage_type_code)
]
2026-06-08 13:35:02.121 DEBUG [trace:] [event:] [module:] --- [  restartedMain] o.s.jdbc.core.JdbcTemplate               : SQLWarning ignored: SQL state '42P07', error code '0', message [relation "stage_rollup_bucket_pkey" already exists, skipping]
2026-06-08 13:35:02.125 DEBUG [trace:] [event:] [module:] --- [  restartedMain] o.s.jdbc.core.JdbcTemplate               : Executing SQL statement [    create index if not exists idx_stage_rollup_bucket_only
    on analytics.stage_rollup_bucket (granularity_minutes, bucket_start)
]
2026-06-08 13:35:02.125 DEBUG [trace:] [event:] [module:] --- [  restartedMain] o.s.jdbc.core.JdbcTemplate               : SQLWarning ignored: SQL state '42P07', error code '0', message [relation "idx_stage_rollup_bucket_only" already exists, skipping]
2026-06-08 13:35:02.125 DEBUG [trace:] [event:] [module:] --- [  restartedMain] o.s.jdbc.core.JdbcTemplate               : Executing prepared SQL query
2026-06-08 13:35:02.125 DEBUG [trace:] [event:] [module:] --- [  restartedMain] o.s.jdbc.core.JdbcTemplate               : Executing prepared SQL statement [select to_regclass(?) is not null]
2026-06-08 13:35:02.125 DEBUG [trace:] [event:] [module:] --- [  restartedMain] o.s.jdbc.core.JdbcTemplate               : Executing prepared SQL query
2026-06-08 13:35:02.125 DEBUG [trace:] [event:] [module:] --- [  restartedMain] o.s.jdbc.core.JdbcTemplate               : Executing prepared SQL statement [select to_regclass(?) is not null]
2026-06-08 13:35:02.125 DEBUG [trace:] [event:] [module:] --- [  restartedMain] o.s.jdbc.core.JdbcTemplate               : Executing prepared SQL query
2026-06-08 13:35:02.126 DEBUG [trace:] [event:] [module:] --- [  restartedMain] o.s.jdbc.core.JdbcTemplate               : Executing prepared SQL statement [select to_regclass(?) is not null]
2026-06-08 13:35:02.126 DEBUG [trace:] [event:] [module:] --- [  restartedMain] o.s.jdbc.core.JdbcTemplate               : Executing SQL statement [    create table if not exists analytics.stage_metric_rollup_bucket (
        bucket_start timestamp with time zone not null,
        granularity_minutes integer not null,
        module_code varchar(64) not null,
        event_type_code varchar(64) not null,
        stage_type_code varchar(64) not null,
        metric_type_code varchar(64) not null,
        unit varchar(32),
        sample_count bigint not null,
        numeric_count bigint not null,
        numeric_sum numeric(20, 3) not null,
        p95_value numeric(20, 3) not null,
        min_value numeric(20, 3),
        max_value numeric(20, 3),
        primary key (
            bucket_start,
            granularity_minutes,
            module_code,
            event_type_code,
            stage_type_code,
            metric_type_code
        )
    )
]
2026-06-08 13:35:02.126 DEBUG [trace:] [event:] [module:] --- [  restartedMain] o.s.jdbc.core.JdbcTemplate               : SQLWarning ignored: SQL state '42P07', error code '0', message [relation "stage_metric_rollup_bucket" already exists, skipping]
2026-06-08 13:35:02.126 DEBUG [trace:] [event:] [module:] --- [  restartedMain] o.s.jdbc.core.JdbcTemplate               : Executing SQL statement [    create index if not exists idx_stage_metric_rollup_scope_bucket
    on analytics.stage_metric_rollup_bucket (
        granularity_minutes,
        module_code,
        event_type_code,
        stage_type_code,
        metric_type_code,
        bucket_start
    )
]
2026-06-08 13:35:02.126 DEBUG [trace:] [event:] [module:] --- [  restartedMain] o.s.jdbc.core.JdbcTemplate               : SQLWarning ignored: SQL state '42P07', error code '0', message [relation "idx_stage_metric_rollup_scope_bucket" already exists, skipping]
2026-06-08 13:35:02.126 DEBUG [trace:] [event:] [module:] --- [  restartedMain] o.s.jdbc.core.JdbcTemplate               : Executing SQL statement [    create unique index if not exists stage_metric_rollup_bucket_pkey
    on analytics.stage_metric_rollup_bucket (
        bucket_start,
        granularity_minutes,
        module_code,
        event_type_code,
        stage_type_code,
        metric_type_code
    )
]
2026-06-08 13:35:02.126 DEBUG [trace:] [event:] [module:] --- [  restartedMain] o.s.jdbc.core.JdbcTemplate               : SQLWarning ignored: SQL state '42P07', error code '0', message [relation "stage_metric_rollup_bucket_pkey" already exists, skipping]
2026-06-08 13:35:02.126 DEBUG [trace:] [event:] [module:] --- [  restartedMain] o.s.jdbc.core.JdbcTemplate               : Executing SQL statement [    create index if not exists idx_stage_metric_rollup_bucket_only
    on analytics.stage_metric_rollup_bucket (granularity_minutes, bucket_start)
]
2026-06-08 13:35:02.126 DEBUG [trace:] [event:] [module:] --- [  restartedMain] o.s.jdbc.core.JdbcTemplate               : SQLWarning ignored: SQL state '42P07', error code '0', message [relation "idx_stage_metric_rollup_bucket_only" already exists, skipping]
2026-06-08 13:35:02.126 DEBUG [trace:] [event:] [module:] --- [  restartedMain] o.s.jdbc.core.JdbcTemplate               : Executing prepared SQL query
2026-06-08 13:35:02.126 DEBUG [trace:] [event:] [module:] --- [  restartedMain] o.s.jdbc.core.JdbcTemplate               : Executing prepared SQL statement [select exists(select 1 from information_schema.schemata where schema_name = ?)]
2026-06-08 13:35:02.126 DEBUG [trace:] [event:] [module:] --- [  restartedMain] o.s.jdbc.core.JdbcTemplate               : Executing SQL statement [    create table if not exists analytics.runtime_setting (
        setting_key varchar(160) not null primary key,
        setting_value varchar(2048),
        updated_at timestamp with time zone not null default now(),
        updated_by varchar(128)
    )
]
2026-06-08 13:35:02.126 DEBUG [trace:] [event:] [module:] --- [  restartedMain] o.s.jdbc.core.JdbcTemplate               : SQLWarning ignored: SQL state '42P07', error code '0', message [relation "runtime_setting" already exists, skipping]
2026-06-08 13:35:02.126 DEBUG [trace:] [event:] [module:] --- [  restartedMain] o.s.jdbc.core.JdbcTemplate               : Executing prepared SQL query
2026-06-08 13:35:02.126 DEBUG [trace:] [event:] [module:] --- [  restartedMain] o.s.jdbc.core.JdbcTemplate               : Executing prepared SQL statement [select exists(select 1 from information_schema.schemata where schema_name = ?)]
2026-06-08 13:35:02.126 DEBUG [trace:] [event:] [module:] --- [  restartedMain] o.s.jdbc.core.JdbcTemplate               : Executing SQL statement [    create table if not exists analytics.log_file_index (
        id bigserial primary key,
        module_code varchar(64) not null,
        file_name varchar(512) not null,
        file_path varchar(2048) not null unique,
        compressed boolean not null default false,
        from_ts timestamp with time zone,
        to_ts timestamp with time zone,
        line_count bigint not null default 0,
        size_bytes bigint not null default 0,
        checksum varchar(128),
        last_modified_at timestamp with time zone,
        indexed_at timestamp with time zone not null default now(),
        expires_at timestamp with time zone,
        status varchar(32) not null default 'ARCHIVED',
        error_count bigint not null default 0,
        warn_count bigint not null default 0,
        trace_count bigint not null default 0
    )
]
2026-06-08 13:35:02.126 DEBUG [trace:] [event:] [module:] --- [  restartedMain] o.s.jdbc.core.JdbcTemplate               : SQLWarning ignored: SQL state '42P07', error code '0', message [relation "log_file_index" already exists, skipping]
2026-06-08 13:35:02.126 DEBUG [trace:] [event:] [module:] --- [  restartedMain] o.s.jdbc.core.JdbcTemplate               : Executing SQL statement [    create table if not exists analytics.log_trace_index (
        id bigserial primary key,
        trace_id varchar(128) not null,
        event_id varchar(128),
        module_code varchar(64) not null,
        file_id bigint not null references analytics.log_file_index(id) on delete cascade,
        first_ts timestamp with time zone,
        last_ts timestamp with time zone,
        line_count bigint not null default 0,
        error_count bigint not null default 0,
        warn_count bigint not null default 0,
        has_error boolean not null default false,
        top_sources varchar(1024),
        summary varchar(2048),
        indexed_at timestamp with time zone not null default now()
    )
]
2026-06-08 13:35:02.126 DEBUG [trace:] [event:] [module:] --- [  restartedMain] o.s.jdbc.core.JdbcTemplate               : SQLWarning ignored: SQL state '42P07', error code '0', message [relation "log_trace_index" already exists, skipping]
2026-06-08 13:35:02.126 DEBUG [trace:] [event:] [module:] --- [  restartedMain] o.s.jdbc.core.JdbcTemplate               : Executing SQL statement [    create table if not exists analytics.log_problem_excerpt (
        id bigserial primary key,
        trace_id varchar(128) not null,
        event_id varchar(128),
        module_code varchar(64) not null,
        file_id bigint not null references analytics.log_file_index(id) on delete cascade,
        timestamp timestamp with time zone,
        level varchar(32),
        source varchar(512),
        message_short varchar(512),
        excerpt varchar(4096),
        line_number bigint
    )
]
2026-06-08 13:35:02.126 DEBUG [trace:] [event:] [module:] --- [  restartedMain] o.s.jdbc.core.JdbcTemplate               : SQLWarning ignored: SQL state '42P07', error code '0', message [relation "log_problem_excerpt" already exists, skipping]
2026-06-08 13:35:02.126 DEBUG [trace:] [event:] [module:] --- [  restartedMain] o.s.jdbc.core.JdbcTemplate               : Executing SQL statement [create index if not exists idx_log_file_index_module on analytics.log_file_index (module_code)]
2026-06-08 13:35:02.126 DEBUG [trace:] [event:] [module:] --- [  restartedMain] o.s.jdbc.core.JdbcTemplate               : SQLWarning ignored: SQL state '42P07', error code '0', message [relation "idx_log_file_index_module" already exists, skipping]
2026-06-08 13:35:02.126 DEBUG [trace:] [event:] [module:] --- [  restartedMain] o.s.jdbc.core.JdbcTemplate               : Executing SQL statement [create index if not exists idx_log_file_index_status on analytics.log_file_index (status)]
2026-06-08 13:35:02.126 DEBUG [trace:] [event:] [module:] --- [  restartedMain] o.s.jdbc.core.JdbcTemplate               : SQLWarning ignored: SQL state '42P07', error code '0', message [relation "idx_log_file_index_status" already exists, skipping]
2026-06-08 13:35:02.126 DEBUG [trace:] [event:] [module:] --- [  restartedMain] o.s.jdbc.core.JdbcTemplate               : Executing SQL statement [create index if not exists idx_log_trace_index_trace on analytics.log_trace_index (trace_id)]
2026-06-08 13:35:02.126 DEBUG [trace:] [event:] [module:] --- [  restartedMain] o.s.jdbc.core.JdbcTemplate               : SQLWarning ignored: SQL state '42P07', error code '0', message [relation "idx_log_trace_index_trace" already exists, skipping]
2026-06-08 13:35:02.126 DEBUG [trace:] [event:] [module:] --- [  restartedMain] o.s.jdbc.core.JdbcTemplate               : Executing SQL statement [create index if not exists idx_log_trace_index_event on analytics.log_trace_index (event_id)]
2026-06-08 13:35:02.132 DEBUG [trace:] [event:] [module:] --- [  restartedMain] o.s.jdbc.core.JdbcTemplate               : SQLWarning ignored: SQL state '42P07', error code '0', message [relation "idx_log_trace_index_event" already exists, skipping]
2026-06-08 13:35:02.132 DEBUG [trace:] [event:] [module:] --- [  restartedMain] o.s.jdbc.core.JdbcTemplate               : Executing SQL statement [create index if not exists idx_log_trace_index_module_trace on analytics.log_trace_index (module_code, trace_id)]
2026-06-08 13:35:02.132 DEBUG [trace:] [event:] [module:] --- [  restartedMain] o.s.jdbc.core.JdbcTemplate               : SQLWarning ignored: SQL state '42P07', error code '0', message [relation "idx_log_trace_index_module_trace" already exists, skipping]
2026-06-08 13:35:02.132 DEBUG [trace:] [event:] [module:] --- [  restartedMain] o.s.jdbc.core.JdbcTemplate               : Executing SQL statement [create index if not exists idx_log_trace_index_file on analytics.log_trace_index (file_id)]
2026-06-08 13:35:02.132 DEBUG [trace:] [event:] [module:] --- [  restartedMain] o.s.jdbc.core.JdbcTemplate               : SQLWarning ignored: SQL state '42P07', error code '0', message [relation "idx_log_trace_index_file" already exists, skipping]
2026-06-08 13:35:02.132 DEBUG [trace:] [event:] [module:] --- [  restartedMain] o.s.jdbc.core.JdbcTemplate               : Executing SQL statement [create index if not exists idx_log_problem_excerpt_trace on analytics.log_problem_excerpt (trace_id)]
2026-06-08 13:35:02.132 DEBUG [trace:] [event:] [module:] --- [  restartedMain] o.s.jdbc.core.JdbcTemplate               : SQLWarning ignored: SQL state '42P07', error code '0', message [relation "idx_log_problem_excerpt_trace" already exists, skipping]
2026-06-08 13:35:02.132 DEBUG [trace:] [event:] [module:] --- [  restartedMain] o.s.jdbc.core.JdbcTemplate               : Executing SQL statement [create index if not exists idx_log_problem_excerpt_file on analytics.log_problem_excerpt (file_id)]
2026-06-08 13:35:02.132 DEBUG [trace:] [event:] [module:] --- [  restartedMain] o.s.jdbc.core.JdbcTemplate               : SQLWarning ignored: SQL state '42P07', error code '0', message [relation "idx_log_problem_excerpt_file" already exists, skipping]
2026-06-08 13:35:02.132 DEBUG [trace:] [event:] [module:] --- [  restartedMain] o.s.jdbc.core.JdbcTemplate               : Executing prepared SQL query
2026-06-08 13:35:02.132 DEBUG [trace:] [event:] [module:] --- [  restartedMain] o.s.jdbc.core.JdbcTemplate               : Executing prepared SQL statement [select to_regclass(?) is not null]
2026-06-08 13:35:02.132 DEBUG [trace:] [event:] [module:] --- [  restartedMain] o.s.jdbc.core.JdbcTemplate               : Executing prepared SQL query
2026-06-08 13:35:02.132 DEBUG [trace:] [event:] [module:] --- [  restartedMain] o.s.jdbc.core.JdbcTemplate               : Executing prepared SQL statement [select to_regclass(?) is not null]
2026-06-08 13:35:02.132 DEBUG [trace:] [event:] [module:] --- [  restartedMain] o.s.jdbc.core.JdbcTemplate               : Executing prepared SQL query
2026-06-08 13:35:02.132 DEBUG [trace:] [event:] [module:] --- [  restartedMain] o.s.jdbc.core.JdbcTemplate               : Executing prepared SQL statement [    select exists(
        select 1
        from information_schema.columns
        where lower(table_schema) = lower(?)
          and lower(table_name) = lower(?)
          and lower(column_name) = lower(?)
    )
]
2026-06-08 13:35:02.146 DEBUG [trace:] [event:] [module:] --- [  restartedMain] o.s.jdbc.core.JdbcTemplate               : Executing prepared SQL query
2026-06-08 13:35:02.146 DEBUG [trace:] [event:] [module:] --- [  restartedMain] o.s.jdbc.core.JdbcTemplate               : Executing prepared SQL statement [    select exists(
        select 1
        from information_schema.columns
        where lower(table_schema) = lower(?)
          and lower(table_name) = lower(?)
          and lower(column_name) = lower(?)
    )
]
2026-06-08 13:35:02.146 DEBUG [trace:] [event:] [module:] --- [  restartedMain] o.s.jdbc.core.JdbcTemplate               : Executing prepared SQL query
2026-06-08 13:35:02.146 DEBUG [trace:] [event:] [module:] --- [  restartedMain] o.s.jdbc.core.JdbcTemplate               : Executing prepared SQL statement [    select exists(
        select 1
        from information_schema.columns
        where lower(table_schema) = lower(?)
          and lower(table_name) = lower(?)
          and lower(column_name) = lower(?)
    )
]
2026-06-08 13:35:02.146 DEBUG [trace:] [event:] [module:] --- [  restartedMain] o.s.jdbc.core.JdbcTemplate               : Executing SQL statement [    create index if not exists idx_analytics_event_started_module_type
    on analytics.event (started_at, module_code, event_type_code)
]
2026-06-08 13:35:02.146 DEBUG [trace:] [event:] [module:] --- [  restartedMain] o.s.jdbc.core.JdbcTemplate               : SQLWarning ignored: SQL state '42P07', error code '0', message [relation "idx_analytics_event_started_module_type" already exists, skipping]
2026-06-08 13:35:02.146 DEBUG [trace:] [event:] [module:] --- [  restartedMain] o.s.jdbc.core.JdbcTemplate               : Executing SQL statement [    create index if not exists idx_analytics_event_type_started
    on analytics.event (event_type_code, started_at desc, id desc)
]
2026-06-08 13:35:02.146 DEBUG [trace:] [event:] [module:] --- [  restartedMain] o.s.jdbc.core.JdbcTemplate               : SQLWarning ignored: SQL state '42P07', error code '0', message [relation "idx_analytics_event_type_started" already exists, skipping]
2026-06-08 13:35:02.146 DEBUG [trace:] [event:] [module:] --- [  restartedMain] o.s.jdbc.core.JdbcTemplate               : Executing SQL statement [    create index if not exists idx_analytics_event_module_started
    on analytics.event (module_code, started_at desc, id desc)
]
2026-06-08 13:35:02.146 DEBUG [trace:] [event:] [module:] --- [  restartedMain] o.s.jdbc.core.JdbcTemplate               : SQLWarning ignored: SQL state '42P07', error code '0', message [relation "idx_analytics_event_module_started" already exists, skipping]
2026-06-08 13:35:02.146 DEBUG [trace:] [event:] [module:] --- [  restartedMain] o.s.jdbc.core.JdbcTemplate               : Executing prepared SQL query
2026-06-08 13:35:02.146 DEBUG [trace:] [event:] [module:] --- [  restartedMain] o.s.jdbc.core.JdbcTemplate               : Executing prepared SQL statement [    select exists(
        select 1
        from information_schema.columns
        where lower(table_schema) = lower(?)
          and lower(table_name) = lower(?)
          and lower(column_name) = lower(?)
    )
]
2026-06-08 13:35:02.155 DEBUG [trace:] [event:] [module:] --- [  restartedMain] o.s.jdbc.core.JdbcTemplate               : Executing prepared SQL query
2026-06-08 13:35:02.155 DEBUG [trace:] [event:] [module:] --- [  restartedMain] o.s.jdbc.core.JdbcTemplate               : Executing prepared SQL statement [    select exists(
        select 1
        from information_schema.columns
        where lower(table_schema) = lower(?)
          and lower(table_name) = lower(?)
          and lower(column_name) = lower(?)
    )
]
2026-06-08 13:35:02.158 DEBUG [trace:] [event:] [module:] --- [  restartedMain] o.s.jdbc.core.JdbcTemplate               : Executing SQL statement [    create index if not exists idx_analytics_event_started_path
    on analytics.event (started_at, request_path)
]
2026-06-08 13:35:02.158 DEBUG [trace:] [event:] [module:] --- [  restartedMain] o.s.jdbc.core.JdbcTemplate               : SQLWarning ignored: SQL state '42P07', error code '0', message [relation "idx_analytics_event_started_path" already exists, skipping]
2026-06-08 13:35:02.158 DEBUG [trace:] [event:] [module:] --- [  restartedMain] o.s.jdbc.core.JdbcTemplate               : Executing prepared SQL query
2026-06-08 13:35:02.158 DEBUG [trace:] [event:] [module:] --- [  restartedMain] o.s.jdbc.core.JdbcTemplate               : Executing prepared SQL statement [    select exists(
        select 1
        from information_schema.columns
        where lower(table_schema) = lower(?)
          and lower(table_name) = lower(?)
          and lower(column_name) = lower(?)
    )
]
2026-06-08 13:35:02.160 DEBUG [trace:] [event:] [module:] --- [  restartedMain] o.s.jdbc.core.JdbcTemplate               : Executing prepared SQL query
2026-06-08 13:35:02.160 DEBUG [trace:] [event:] [module:] --- [  restartedMain] o.s.jdbc.core.JdbcTemplate               : Executing prepared SQL statement [    select exists(
        select 1
        from information_schema.columns
        where lower(table_schema) = lower(?)
          and lower(table_name) = lower(?)
          and lower(column_name) = lower(?)
    )
]
2026-06-08 13:35:02.162 DEBUG [trace:] [event:] [module:] --- [  restartedMain] o.s.jdbc.core.JdbcTemplate               : Executing SQL statement [    create index if not exists idx_analytics_event_error_started
    on analytics.event (is_error, started_at desc, id desc)
]
2026-06-08 13:35:02.162 DEBUG [trace:] [event:] [module:] --- [  restartedMain] o.s.jdbc.core.JdbcTemplate               : SQLWarning ignored: SQL state '42P07', error code '0', message [relation "idx_analytics_event_error_started" already exists, skipping]
2026-06-08 13:35:02.162 DEBUG [trace:] [event:] [module:] --- [  restartedMain] o.s.jdbc.core.JdbcTemplate               : Executing prepared SQL query
2026-06-08 13:35:02.162 DEBUG [trace:] [event:] [module:] --- [  restartedMain] o.s.jdbc.core.JdbcTemplate               : Executing prepared SQL statement [    select exists(
        select 1
        from information_schema.columns
        where lower(table_schema) = lower(?)
          and lower(table_name) = lower(?)
          and lower(column_name) = lower(?)
    )
]
2026-06-08 13:35:02.164 DEBUG [trace:] [event:] [module:] --- [  restartedMain] o.s.jdbc.core.JdbcTemplate               : Executing prepared SQL query
2026-06-08 13:35:02.164 DEBUG [trace:] [event:] [module:] --- [  restartedMain] o.s.jdbc.core.JdbcTemplate               : Executing prepared SQL statement [    select exists(
        select 1
        from information_schema.columns
        where lower(table_schema) = lower(?)
          and lower(table_name) = lower(?)
          and lower(column_name) = lower(?)
    )
]
2026-06-08 13:35:02.166 DEBUG [trace:] [event:] [module:] --- [  restartedMain] o.s.jdbc.core.JdbcTemplate               : Executing SQL statement [    create index if not exists idx_analytics_event_status_started
    on analytics.event (status_code, started_at desc, id desc)
]
2026-06-08 13:35:02.166 DEBUG [trace:] [event:] [module:] --- [  restartedMain] o.s.jdbc.core.JdbcTemplate               : SQLWarning ignored: SQL state '42P07', error code '0', message [relation "idx_analytics_event_status_started" already exists, skipping]
2026-06-08 13:35:02.166 DEBUG [trace:] [event:] [module:] --- [  restartedMain] o.s.jdbc.core.JdbcTemplate               : Executing prepared SQL query
2026-06-08 13:35:02.166 DEBUG [trace:] [event:] [module:] --- [  restartedMain] o.s.jdbc.core.JdbcTemplate               : Executing prepared SQL statement [select to_regclass(?) is not null]
2026-06-08 13:35:02.166 DEBUG [trace:] [event:] [module:] --- [  restartedMain] o.s.jdbc.core.JdbcTemplate               : Executing prepared SQL query
2026-06-08 13:35:02.166 DEBUG [trace:] [event:] [module:] --- [  restartedMain] o.s.jdbc.core.JdbcTemplate               : Executing prepared SQL statement [    select exists(
        select 1
        from information_schema.columns
        where lower(table_schema) = lower(?)
          and lower(table_name) = lower(?)
          and lower(column_name) = lower(?)
    )
]
2026-06-08 13:35:02.168 DEBUG [trace:] [event:] [module:] --- [  restartedMain] o.s.jdbc.core.JdbcTemplate               : Executing prepared SQL query
2026-06-08 13:35:02.168 DEBUG [trace:] [event:] [module:] --- [  restartedMain] o.s.jdbc.core.JdbcTemplate               : Executing prepared SQL statement [    select exists(
        select 1
        from information_schema.columns
        where lower(table_schema) = lower(?)
          and lower(table_name) = lower(?)
          and lower(column_name) = lower(?)
    )
]
2026-06-08 13:35:02.169 DEBUG [trace:] [event:] [module:] --- [  restartedMain] o.s.jdbc.core.JdbcTemplate               : Executing SQL statement [    create index if not exists idx_analytics_event_type_system_code
    on analytics.event_type (is_system, code)
]
2026-06-08 13:35:02.169 DEBUG [trace:] [event:] [module:] --- [  restartedMain] o.s.jdbc.core.JdbcTemplate               : SQLWarning ignored: SQL state '42P07', error code '0', message [relation "idx_analytics_event_type_system_code" already exists, skipping]
2026-06-08 13:35:02.169 DEBUG [trace:] [event:] [module:] --- [  restartedMain] o.s.jdbc.core.JdbcTemplate               : Executing prepared SQL query
2026-06-08 13:35:02.169 DEBUG [trace:] [event:] [module:] --- [  restartedMain] o.s.jdbc.core.JdbcTemplate               : Executing prepared SQL statement [select to_regclass(?) is not null]
2026-06-08 13:35:02.169 DEBUG [trace:] [event:] [module:] --- [  restartedMain] o.s.jdbc.core.JdbcTemplate               : Executing prepared SQL query
2026-06-08 13:35:02.169 DEBUG [trace:] [event:] [module:] --- [  restartedMain] o.s.jdbc.core.JdbcTemplate               : Executing prepared SQL statement [    select exists(
        select 1
        from information_schema.columns
        where lower(table_schema) = lower(?)
          and lower(table_name) = lower(?)
          and lower(column_name) = lower(?)
    )
]
2026-06-08 13:35:02.170 DEBUG [trace:] [event:] [module:] --- [  restartedMain] o.s.jdbc.core.JdbcTemplate               : Executing SQL statement [    create index if not exists idx_analytics_stage_event_order
    on analytics.stage (event_id, stage_order)
]
2026-06-08 13:35:02.170 DEBUG [trace:] [event:] [module:] --- [  restartedMain] o.s.jdbc.core.JdbcTemplate               : SQLWarning ignored: SQL state '42P07', error code '0', message [relation "idx_analytics_stage_event_order" already exists, skipping]
2026-06-08 13:35:02.170 DEBUG [trace:] [event:] [module:] --- [  restartedMain] o.s.jdbc.core.JdbcTemplate               : Executing prepared SQL query
2026-06-08 13:35:02.170 DEBUG [trace:] [event:] [module:] --- [  restartedMain] o.s.jdbc.core.JdbcTemplate               : Executing prepared SQL statement [select to_regclass(?) is not null]
2026-06-08 13:35:02.170 DEBUG [trace:] [event:] [module:] --- [  restartedMain] o.s.jdbc.core.JdbcTemplate               : Executing prepared SQL query
2026-06-08 13:35:02.170 DEBUG [trace:] [event:] [module:] --- [  restartedMain] o.s.jdbc.core.JdbcTemplate               : Executing prepared SQL statement [    select exists(
        select 1
        from information_schema.columns
        where lower(table_schema) = lower(?)
          and lower(table_name) = lower(?)
          and lower(column_name) = lower(?)
    )
]
2026-06-08 13:35:02.171 DEBUG [trace:] [event:] [module:] --- [  restartedMain] o.s.jdbc.core.JdbcTemplate               : Executing prepared SQL query
2026-06-08 13:35:02.171 DEBUG [trace:] [event:] [module:] --- [  restartedMain] o.s.jdbc.core.JdbcTemplate               : Executing prepared SQL statement [    select exists(
        select 1
        from information_schema.columns
        where lower(table_schema) = lower(?)
          and lower(table_name) = lower(?)
          and lower(column_name) = lower(?)
    )
]
2026-06-08 13:35:02.172 DEBUG [trace:] [event:] [module:] --- [  restartedMain] o.s.jdbc.core.JdbcTemplate               : Executing prepared SQL query
2026-06-08 13:35:02.172 DEBUG [trace:] [event:] [module:] --- [  restartedMain] o.s.jdbc.core.JdbcTemplate               : Executing prepared SQL statement [    select exists(
        select 1
        from information_schema.columns
        where lower(table_schema) = lower(?)
          and lower(table_name) = lower(?)
          and lower(column_name) = lower(?)
    )
]
2026-06-08 13:35:02.172 DEBUG [trace:] [event:] [module:] --- [  restartedMain] o.s.jdbc.core.JdbcTemplate               : Executing SQL statement [    create index if not exists idx_analytics_stage_metric_filter
    on analytics.stage_metric (stage_id, metric_type_code, metric_value_num)
]
2026-06-08 13:35:02.172 DEBUG [trace:] [event:] [module:] --- [  restartedMain] o.s.jdbc.core.JdbcTemplate               : SQLWarning ignored: SQL state '42P07', error code '0', message [relation "idx_analytics_stage_metric_filter" already exists, skipping]
2026-06-08 13:35:02.172 DEBUG [trace:] [event:] [module:] --- [  restartedMain] o.s.jdbc.core.JdbcTemplate               : Executing prepared SQL query
2026-06-08 13:35:02.172 DEBUG [trace:] [event:] [module:] --- [  restartedMain] o.s.jdbc.core.JdbcTemplate               : Executing prepared SQL statement [select to_regclass(?) is not null]
2026-06-08 13:35:02.173 DEBUG [trace:] [event:] [module:] --- [  restartedMain] o.s.jdbc.core.JdbcTemplate               : Executing prepared SQL query
2026-06-08 13:35:02.173 DEBUG [trace:] [event:] [module:] --- [  restartedMain] o.s.jdbc.core.JdbcTemplate               : Executing prepared SQL statement [    select exists(
        select 1
        from information_schema.columns
        where lower(table_schema) = lower(?)
          and lower(table_name) = lower(?)
          and lower(column_name) = lower(?)
    )
]
2026-06-08 13:35:02.173 DEBUG [trace:] [event:] [module:] --- [  restartedMain] o.s.jdbc.core.JdbcTemplate               : Executing prepared SQL query
2026-06-08 13:35:02.173 DEBUG [trace:] [event:] [module:] --- [  restartedMain] o.s.jdbc.core.JdbcTemplate               : Executing prepared SQL statement [    select exists(
        select 1
        from information_schema.columns
        where lower(table_schema) = lower(?)
          and lower(table_name) = lower(?)
          and lower(column_name) = lower(?)
    )
]
2026-06-08 13:35:02.174 DEBUG [trace:] [event:] [module:] --- [  restartedMain] o.s.jdbc.core.JdbcTemplate               : Executing prepared SQL query
2026-06-08 13:35:02.174 DEBUG [trace:] [event:] [module:] --- [  restartedMain] o.s.jdbc.core.JdbcTemplate               : Executing prepared SQL statement [    select exists(
        select 1
        from information_schema.columns
        where lower(table_schema) = lower(?)
          and lower(table_name) = lower(?)
          and lower(column_name) = lower(?)
    )
]
2026-06-08 13:35:02.174 DEBUG [trace:] [event:] [module:] --- [  restartedMain] o.s.jdbc.core.JdbcTemplate               : Executing SQL statement [    create index if not exists idx_analytics_stage_metric_type_recorded_stage
    on analytics.stage_metric (metric_type_code, recorded_at, stage_id)
]
2026-06-08 13:35:02.175 DEBUG [trace:] [event:] [module:] --- [  restartedMain] o.s.jdbc.core.JdbcTemplate               : SQLWarning ignored: SQL state '42P07', error code '0', message [relation "idx_analytics_stage_metric_type_recorded_stage" already exists, skipping]
2026-06-08 13:35:02.175 DEBUG [trace:] [event:] [module:] --- [  restartedMain] o.s.jdbc.core.JdbcTemplate               : Executing SQL statement [    create index if not exists idx_analytics_stage_metric_recorded_stage
    on analytics.stage_metric (recorded_at, stage_id)
]
2026-06-08 13:35:02.175 DEBUG [trace:] [event:] [module:] --- [  restartedMain] o.s.jdbc.core.JdbcTemplate               : SQLWarning ignored: SQL state '42P07', error code '0', message [relation "idx_analytics_stage_metric_recorded_stage" already exists, skipping]
2026-06-08 13:35:02.175 DEBUG [trace:] [event:] [module:] --- [  restartedMain] o.s.jdbc.core.JdbcTemplate               : Executing prepared SQL query
2026-06-08 13:35:02.175 DEBUG [trace:] [event:] [module:] --- [  restartedMain] o.s.jdbc.core.JdbcTemplate               : Executing prepared SQL statement [    select exists(
        select 1
        from information_schema.columns
        where lower(table_schema) = lower(?)
          and lower(table_name) = lower(?)
          and lower(column_name) = lower(?)
    )
]
2026-06-08 13:35:02.175 DEBUG [trace:] [event:] [module:] --- [  restartedMain] o.s.jdbc.core.JdbcTemplate               : Executing prepared SQL query
2026-06-08 13:35:02.175 DEBUG [trace:] [event:] [module:] --- [  restartedMain] o.s.jdbc.core.JdbcTemplate               : Executing prepared SQL statement [    select exists(
        select 1
        from information_schema.columns
        where lower(table_schema) = lower(?)
          and lower(table_name) = lower(?)
          and lower(column_name) = lower(?)
    )
]
2026-06-08 13:35:02.176 DEBUG [trace:] [event:] [module:] --- [  restartedMain] o.s.jdbc.core.JdbcTemplate               : Executing SQL statement [    create index if not exists idx_analytics_event_attribute_code_event
    on analytics.event_attribute (attribute_type_code, event_id)
]
2026-06-08 13:35:02.176 DEBUG [trace:] [event:] [module:] --- [  restartedMain] o.s.jdbc.core.JdbcTemplate               : SQLWarning ignored: SQL state '42P07', error code '0', message [relation "idx_analytics_event_attribute_code_event" already exists, skipping]
2026-06-08 13:35:02.176 DEBUG [trace:] [event:] [module:] --- [  restartedMain] o.s.jdbc.core.JdbcTemplate               : Executing prepared SQL query
2026-06-08 13:35:02.176 DEBUG [trace:] [event:] [module:] --- [  restartedMain] o.s.jdbc.core.JdbcTemplate               : Executing prepared SQL statement [    select exists(
        select 1
        from information_schema.columns
        where lower(table_schema) = lower(?)
          and lower(table_name) = lower(?)
          and lower(column_name) = lower(?)
    )
]
2026-06-08 13:35:02.176 DEBUG [trace:] [event:] [module:] --- [  restartedMain] o.s.jdbc.core.JdbcTemplate               : Executing prepared SQL query
2026-06-08 13:35:02.176 DEBUG [trace:] [event:] [module:] --- [  restartedMain] o.s.jdbc.core.JdbcTemplate               : Executing prepared SQL statement [    select exists(
        select 1
        from information_schema.columns
        where lower(table_schema) = lower(?)
          and lower(table_name) = lower(?)
          and lower(column_name) = lower(?)
    )
]
2026-06-08 13:35:02.177 DEBUG [trace:] [event:] [module:] --- [  restartedMain] o.s.jdbc.core.JdbcTemplate               : Executing prepared SQL query
2026-06-08 13:35:02.177 DEBUG [trace:] [event:] [module:] --- [  restartedMain] o.s.jdbc.core.JdbcTemplate               : Executing prepared SQL statement [    select exists(
        select 1
        from information_schema.columns
        where lower(table_schema) = lower(?)
          and lower(table_name) = lower(?)
          and lower(column_name) = lower(?)
    )
]
2026-06-08 13:35:02.177 DEBUG [trace:] [event:] [module:] --- [  restartedMain] o.s.jdbc.core.JdbcTemplate               : Executing SQL statement [    create index if not exists idx_analytics_event_attribute_code_value_event
    on analytics.event_attribute (attribute_type_code, attr_value, event_id)
]
2026-06-08 13:35:02.177 DEBUG [trace:] [event:] [module:] --- [  restartedMain] o.s.jdbc.core.JdbcTemplate               : SQLWarning ignored: SQL state '42P07', error code '0', message [relation "idx_analytics_event_attribute_code_value_event" already exists, skipping]
2026-06-08 13:35:07.130 DEBUG [trace:] [event:] [module:] --- [  restartedMain] o.s.jdbc.core.JdbcTemplate               : Executing prepared SQL query
2026-06-08 13:35:07.130 DEBUG [trace:] [event:] [module:] --- [  restartedMain] o.s.jdbc.core.JdbcTemplate               : Executing prepared SQL statement [select exists(select 1 from information_schema.schemata where schema_name = ?)]
2026-06-08 13:35:07.131 DEBUG [trace:] [event:] [module:] --- [  restartedMain] o.s.jdbc.core.JdbcTemplate               : Executing prepared SQL query
2026-06-08 13:35:07.131 DEBUG [trace:] [event:] [module:] --- [  restartedMain] o.s.jdbc.core.JdbcTemplate               : Executing prepared SQL statement [select to_regclass(?) is not null]
2026-06-08 13:35:07.146 DEBUG [trace:] [event:] [module:] --- [  restartedMain] o.s.jdbc.core.JdbcTemplate               : Executing prepared SQL query
2026-06-08 13:35:07.146 DEBUG [trace:] [event:] [module:] --- [  restartedMain] o.s.jdbc.core.JdbcTemplate               : Executing prepared SQL statement [select to_regclass(?) is not null]
2026-06-08 13:35:07.146 DEBUG [trace:] [event:] [module:] --- [  restartedMain] o.s.jdbc.core.JdbcTemplate               : Executing SQL query [select c.data_type
from information_schema.columns c
where c.table_schema = 'analytics'
  and c.table_name = 'event'
  and c.column_name = 'request_path'
]
2026-06-08 13:35:07.167 DEBUG [trace:] [event:] [module:] --- [  restartedMain] o.s.jdbc.core.JdbcTemplate               : Executing prepared SQL query
2026-06-08 13:35:07.167 DEBUG [trace:] [event:] [module:] --- [  restartedMain] o.s.jdbc.core.JdbcTemplate               : Executing prepared SQL statement [select to_regclass(?) is not null]
2026-06-08 13:35:07.167 DEBUG [trace:] [event:] [module:] --- [  restartedMain] o.s.jdbc.core.JdbcTemplate               : Executing SQL statement [alter table analytics.stage add column if not exists log_started_at timestamp with time zone]
2026-06-08 13:35:07.167 DEBUG [trace:] [event:] [module:] --- [  restartedMain] o.s.jdbc.core.JdbcTemplate               : SQLWarning ignored: SQL state '42701', error code '0', message [column "log_started_at" of relation "stage" already exists, skipping]
2026-06-08 13:35:07.175 DEBUG [trace:] [event:] [module:] --- [  restartedMain] o.s.jdbc.core.JdbcTemplate               : Executing SQL statement [alter table analytics.stage add column if not exists log_ended_at timestamp with time zone]
2026-06-08 13:35:07.176 DEBUG [trace:] [event:] [module:] --- [  restartedMain] o.s.jdbc.core.JdbcTemplate               : SQLWarning ignored: SQL state '42701', error code '0', message [column "log_ended_at" of relation "stage" already exists, skipping]
2026-06-08 13:35:07.176 DEBUG [trace:] [event:] [module:] --- [  restartedMain] o.s.jdbc.core.JdbcTemplate               : Executing prepared SQL query
2026-06-08 13:35:07.176 DEBUG [trace:] [event:] [module:] --- [  restartedMain] o.s.jdbc.core.JdbcTemplate               : Executing prepared SQL statement [select exists(select 1 from information_schema.schemata where schema_name = ?)]
2026-06-08 13:35:07.176 DEBUG [trace:] [event:] [module:] --- [  restartedMain] o.s.jdbc.core.JdbcTemplate               : Executing prepared SQL query
2026-06-08 13:35:07.176 DEBUG [trace:] [event:] [module:] --- [  restartedMain] o.s.jdbc.core.JdbcTemplate               : Executing prepared SQL statement [select to_regclass(?) is not null]
2026-06-08 13:35:07.297 DEBUG [trace:] [event:] [module:] --- [  restartedMain] o.s.jdbc.core.JdbcTemplate               : Executing SQL statement [    create table if not exists analytics.filter_event_type_day (
        day_start date not null,
        module_code varchar(64) not null,
        event_type_code varchar(64) not null,
        sample_count bigint not null,
        primary key (day_start, module_code, event_type_code)
    )
]
2026-06-08 13:35:07.297 DEBUG [trace:] [event:] [module:] --- [  restartedMain] o.s.jdbc.core.JdbcTemplate               : SQLWarning ignored: SQL state '42P07', error code '0', message [relation "filter_event_type_day" already exists, skipping]
2026-06-08 13:35:07.297 DEBUG [trace:] [event:] [module:] --- [  restartedMain] o.s.jdbc.core.JdbcTemplate               : Executing SQL statement [    create table if not exists analytics.filter_attr_value_day (
        day_start date not null,
        module_code varchar(64) not null,
        event_type_code varchar(64) not null,
        attribute_type_code varchar(64) not null,
        attribute_value varchar(255) not null,
        sample_count bigint not null,
        primary key (day_start, module_code, event_type_code, attribute_type_code, attribute_value)
    )
]
2026-06-08 13:35:07.297 DEBUG [trace:] [event:] [module:] --- [  restartedMain] o.s.jdbc.core.JdbcTemplate               : SQLWarning ignored: SQL state '42P07', error code '0', message [relation "filter_attr_value_day" already exists, skipping]
2026-06-08 13:35:07.297 DEBUG [trace:] [event:] [module:] --- [  restartedMain] o.s.jdbc.core.JdbcTemplate               : Executing SQL statement [    create index if not exists idx_filter_event_type_day_scope
    on analytics.filter_event_type_day (day_start, module_code, event_type_code)
]
2026-06-08 13:35:07.297 DEBUG [trace:] [event:] [module:] --- [  restartedMain] o.s.jdbc.core.JdbcTemplate               : SQLWarning ignored: SQL state '42P07', error code '0', message [relation "idx_filter_event_type_day_scope" already exists, skipping]
2026-06-08 13:35:07.297 DEBUG [trace:] [event:] [module:] --- [  restartedMain] o.s.jdbc.core.JdbcTemplate               : Executing SQL statement [    create index if not exists idx_filter_attr_value_day_scope
    on analytics.filter_attr_value_day (day_start, module_code, event_type_code, attribute_type_code)
]
2026-06-08 13:35:07.297 DEBUG [trace:] [event:] [module:] --- [  restartedMain] o.s.jdbc.core.JdbcTemplate               : SQLWarning ignored: SQL state '42P07', error code '0', message [relation "idx_filter_attr_value_day_scope" already exists, skipping]
2026-06-08 13:35:07.297 DEBUG [trace:] [event:] [module:] --- [  restartedMain] o.s.jdbc.core.JdbcTemplate               : Executing prepared SQL query
2026-06-08 13:35:07.297 DEBUG [trace:] [event:] [module:] --- [  restartedMain] o.s.jdbc.core.JdbcTemplate               : Executing prepared SQL statement [    select count(*)
    from INFORMATION_SCHEMA.TABLES
    where lower(TABLE_SCHEMA) = ?
      and lower(TABLE_NAME) = ?
]
2026-06-08 13:35:07.305 DEBUG [trace:] [event:] [module:] --- [  restartedMain] o.s.jdbc.core.JdbcTemplate               : Executing prepared SQL query
2026-06-08 13:35:07.305 DEBUG [trace:] [event:] [module:] --- [  restartedMain] o.s.jdbc.core.JdbcTemplate               : Executing prepared SQL statement [select setting_key, setting_value from analytics.runtime_setting]
2026-06-08 13:35:07.310  INFO [trace:] [event:] [module:] --- [  restartedMain] c.example.gqw.shop.service.OrderService  : Method started OrderService.ensureStatusHistoryForAllOrders (operation='execute business operation', layer=SERVICE, traceId='', eventUid='').
2026-06-08 13:35:07.500  INFO [trace:] [event:] [module:] --- [  restartedMain] c.example.gqw.shop.service.OrderService  : Method finished successfully OrderService.ensureStatusHistoryForAllOrders: operation='execute business operation', layer=SERVICE, durationMs=187, traceId='', eventUid=''.
2026-06-08 13:35:07.500 DEBUG [trace:] [event:] [module:] --- [  restartedMain] o.s.jdbc.core.JdbcTemplate               : Executing prepared SQL query
2026-06-08 13:35:07.500 DEBUG [trace:] [event:] [module:] --- [  restartedMain] o.s.jdbc.core.JdbcTemplate               : Executing prepared SQL statement [select to_regclass(?) is not null]
2026-06-08 13:35:07.500 DEBUG [trace:] [event:] [module:] --- [  restartedMain] o.s.jdbc.core.JdbcTemplate               : Executing SQL query [select count(*) from analytics.stage_type where code = 'RESPONSE']
2026-06-08 13:35:07.500 DEBUG [trace:] [event:] [module:] --- [  restartedMain] o.s.boot.devtools.restart.Restarter      : Creating new Restarter for thread Thread[#1,main,5,main]
2026-06-08 13:35:07.500 DEBUG [trace:] [event:] [module:] --- [  restartedMain] o.s.boot.devtools.restart.Restarter      : Immediately restarting application
2026-06-08 13:35:07.500 DEBUG [trace:] [event:] [module:] --- [  restartedMain] o.s.boot.devtools.restart.Restarter      : Starting application com.example.gqw.GqwApplication with URLs [file:/C:/Users/Natalia/.gqw-build/gqw/classes/java/main/, file:/C:/Users/Natalia/.gqw-build/gqw/resources/main/]
2026-06-08 13:35:07.517 DEBUG [trace:] [event:] [module:] --- [  restartedMain] o.s.jdbc.core.JdbcTemplate               : Executing prepared SQL query
2026-06-08 13:35:07.517 DEBUG [trace:] [event:] [module:] --- [  restartedMain] o.s.jdbc.core.JdbcTemplate               : Executing prepared SQL statement [select to_regclass(?) is not null]
2026-06-08 13:35:07.517 DEBUG [trace:] [event:] [module:] --- [  restartedMain] o.s.jdbc.core.JdbcTemplate               : Executing prepared SQL query
2026-06-08 13:35:07.517 DEBUG [trace:] [event:] [module:] --- [  restartedMain] o.s.jdbc.core.JdbcTemplate               : Executing prepared SQL statement [select to_regclass(?) is not null]
2026-06-08 13:35:07.517 DEBUG [trace:] [event:] [module:] --- [  restartedMain] o.s.jdbc.core.JdbcTemplate               : Executing prepared SQL query
2026-06-08 13:35:07.517 DEBUG [trace:] [event:] [module:] --- [  restartedMain] o.s.jdbc.core.JdbcTemplate               : Executing prepared SQL statement [select count(*) from analytics.filter_event_type_day]
2026-06-08 13:35:07.517 DEBUG [trace:] [event:] [module:] --- [  restartedMain] o.s.jdbc.core.JdbcTemplate               : Executing prepared SQL update
2026-06-08 13:35:07.517 DEBUG [trace:] [event:] [module:] --- [  restartedMain] o.s.jdbc.core.JdbcTemplate               : Executing prepared SQL statement [delete from analytics.filter_event_type_day where day_start >= ?]
2026-06-08 13:35:07.517 DEBUG [trace:] [event:] [module:] --- [  restartedMain] o.s.jdbc.core.JdbcTemplate               : Executing prepared SQL update
2026-06-08 13:35:07.517 DEBUG [trace:] [event:] [module:] --- [  restartedMain] o.s.jdbc.core.JdbcTemplate               : Executing prepared SQL statement [delete from analytics.filter_attr_value_day where day_start >= ?]
2026-06-08 13:35:07.692 DEBUG [trace:] [event:] [module:] --- [  restartedMain] o.s.jdbc.core.JdbcTemplate               : Executing prepared SQL update
2026-06-08 13:35:07.692 DEBUG [trace:] [event:] [module:] --- [  restartedMain] o.s.jdbc.core.JdbcTemplate               : Executing prepared SQL statement [    insert into analytics.filter_event_type_day (
        day_start,
        module_code,
        event_type_code,
        sample_count
    )
    select
        (e.started_at at time zone 'UTC')::date as day_start,
        e.module_code,
        e.event_type_code,
        count(*) as sample_count
    from analytics.event e
    where e.started_at >= ?
      and e.module_code is not null
      and e.event_type_code is not null
    group by 1, 2, 3
    on conflict (day_start, module_code, event_type_code)
    do update set sample_count = excluded.sample_count
]
2026-06-08 13:35:07.717 DEBUG [trace:] [event:] [module:] --- [  restartedMain] o.s.jdbc.core.JdbcTemplate               : Executing prepared SQL update
2026-06-08 13:35:07.718 DEBUG [trace:] [event:] [module:] --- [  restartedMain] o.s.jdbc.core.JdbcTemplate               : Executing prepared SQL statement [    insert into analytics.filter_attr_value_day (
        day_start,
        module_code,
        event_type_code,
        attribute_type_code,
        attribute_value,
        sample_count
    )
    select
        (e.started_at at time zone 'UTC')::date as day_start,
        e.module_code,
        e.event_type_code,
        a.attribute_type_code,
        left(trim(coalesce(nullif(a.attr_value, ''), nullif(a.attr_value_json, ''))), 255) as attribute_value,
        count(*) as sample_count
    from analytics.event_attribute a
    join analytics.event e on e.id = a.event_id
    where e.started_at >= ?
      and e.module_code is not null
      and e.event_type_code is not null
      and a.attribute_type_code is not null
      and trim(coalesce(nullif(a.attr_value, ''), nullif(a.attr_value_json, ''))) <> ''
    group by 1, 2, 3, 4, 5
    on conflict (day_start, module_code, event_type_code, attribute_type_code, attribute_value)
    do update set sample_count = excluded.sample_count
]
2026-06-08 13:35:09.519 DEBUG [trace:] [event:] [module:] --- [  restartedMain] o.s.jdbc.core.JdbcTemplate               : Executing prepared SQL query
2026-06-08 13:35:09.519 DEBUG [trace:] [event:] [module:] --- [  restartedMain] o.s.jdbc.core.JdbcTemplate               : Executing prepared SQL statement [select to_regclass(?) is not null]
2026-06-08 13:35:09.519 DEBUG [trace:] [event:] [module:] --- [  restartedMain] o.s.jdbc.core.JdbcTemplate               : Executing prepared SQL query
2026-06-08 13:35:09.519 DEBUG [trace:] [event:] [module:] --- [  restartedMain] o.s.jdbc.core.JdbcTemplate               : Executing prepared SQL statement [select to_regclass(?) is not null]
2026-06-08 13:35:09.519 DEBUG [trace:] [event:] [module:] --- [  restartedMain] o.s.jdbc.core.JdbcTemplate               : Executing prepared SQL query
2026-06-08 13:35:09.519 DEBUG [trace:] [event:] [module:] --- [  restartedMain] o.s.jdbc.core.JdbcTemplate               : Executing prepared SQL statement [    select watermark_at
    from analytics.time_rollup_watermark
    where scope_code = ?
      and granularity_minutes = ?
]
2026-06-08 13:35:09.528 DEBUG [trace:] [event:] [module:] --- [  restartedMain] o.s.jdbc.core.JdbcTemplate               : Executing prepared SQL update
2026-06-08 13:35:09.528 DEBUG [trace:] [event:] [module:] --- [  restartedMain] o.s.jdbc.core.JdbcTemplate               : Executing prepared SQL statement [    delete from analytics.stage_metric_rollup_bucket
    where granularity_minutes = ?
      and bucket_start >= ?
      and bucket_start < ?
]
2026-06-08 13:35:09.528 DEBUG [trace:] [event:] [module:] --- [  restartedMain] o.s.jdbc.core.JdbcTemplate               : Executing prepared SQL update
2026-06-08 13:35:09.528 DEBUG [trace:] [event:] [module:] --- [  restartedMain] o.s.jdbc.core.JdbcTemplate               : Executing prepared SQL statement [    insert into analytics.stage_metric_rollup_bucket (
        bucket_start,
        granularity_minutes,
        module_code,
        event_type_code,
        stage_type_code,
        metric_type_code,
        unit,
        sample_count,
        numeric_count,
        numeric_sum,
        p95_value,
        min_value,
        max_value
    )
    select
        date_bin(
            (? || ' minutes')::interval,
            sm.recorded_at,
            ?
        ) as bucket_start,
        ? as granularity_minutes,
        coalesce(e.module_code, ?) as module_code,
        e.event_type_code,
        s.stage_type_code,
        sm.metric_type_code,
        min(nullif(trim(sm.unit), '')) as unit,
        count(*) as sample_count,
        count(sm.metric_value_num) as numeric_count,
        coalesce(sum(sm.metric_value_num), 0)::numeric(20, 3) as numeric_sum,
        coalesce(
            percentile_cont(0.95) within group (order by sm.metric_value_num)
                filter (where sm.metric_value_num is not null),
            0
        )::numeric(20, 3) as p95_value,
        min(sm.metric_value_num) as min_value,
        max(sm.metric_value_num) as max_value
    from analytics.stage_metric sm
    join analytics.stage s on s.id = sm.stage_id
    join analytics.event e on e.id = s.event_id
    where sm.recorded_at >= ?
      and sm.recorded_at < ?
      and e.event_type_code is not null
      and s.stage_type_code is not null
      and sm.metric_type_code is not null
    group by 1, 3, 4, 5, 6
    on conflict (
        bucket_start,
        granularity_minutes,
        module_code,
        event_type_code,
        stage_type_code,
        metric_type_code
    )
    do update set
        unit = excluded.unit,
        sample_count = excluded.sample_count,
        numeric_count = excluded.numeric_count,
        numeric_sum = excluded.numeric_sum,
        p95_value = excluded.p95_value,
        min_value = excluded.min_value,
        max_value = excluded.max_value
]
2026-06-08 13:35:09.536 DEBUG [trace:] [event:] [module:] --- [  restartedMain] o.s.jdbc.core.JdbcTemplate               : Executing prepared SQL update
2026-06-08 13:35:09.536 DEBUG [trace:] [event:] [module:] --- [  restartedMain] o.s.jdbc.core.JdbcTemplate               : Executing prepared SQL statement [    insert into analytics.time_rollup_watermark (
        scope_code,
        granularity_minutes,
        watermark_at,
        updated_at
    )
    values (
        ?,
        ?,
        ?,
        now()
    )
    on conflict (scope_code, granularity_minutes)
    do update set
        watermark_at = excluded.watermark_at,
        updated_at = now()
]
2026-06-08 13:35:09.536 DEBUG [trace:] [event:] [module:] --- [  restartedMain] o.s.jdbc.core.JdbcTemplate               : Executing prepared SQL query
2026-06-08 13:35:09.536 DEBUG [trace:] [event:] [module:] --- [  restartedMain] o.s.jdbc.core.JdbcTemplate               : Executing prepared SQL statement [    select watermark_at
    from analytics.time_rollup_watermark
    where scope_code = ?
      and granularity_minutes = ?
]
2026-06-08 13:35:09.536 DEBUG [trace:] [event:] [module:] --- [  restartedMain] o.s.jdbc.core.JdbcTemplate               : Executing prepared SQL update
2026-06-08 13:35:09.536 DEBUG [trace:] [event:] [module:] --- [  restartedMain] o.s.jdbc.core.JdbcTemplate               : Executing prepared SQL statement [    delete from analytics.stage_metric_rollup_bucket
    where granularity_minutes = ?
      and bucket_start >= ?
      and bucket_start < ?
]
2026-06-08 13:35:09.536 DEBUG [trace:] [event:] [module:] --- [  restartedMain] o.s.jdbc.core.JdbcTemplate               : Executing prepared SQL update
2026-06-08 13:35:09.536 DEBUG [trace:] [event:] [module:] --- [  restartedMain] o.s.jdbc.core.JdbcTemplate               : Executing prepared SQL statement [    insert into analytics.stage_metric_rollup_bucket (
        bucket_start,
        granularity_minutes,
        module_code,
        event_type_code,
        stage_type_code,
        metric_type_code,
        unit,
        sample_count,
        numeric_count,
        numeric_sum,
        p95_value,
        min_value,
        max_value
    )
    select
        date_bin(
            (? || ' minutes')::interval,
            sm.recorded_at,
            ?
        ) as bucket_start,
        ? as granularity_minutes,
        coalesce(e.module_code, ?) as module_code,
        e.event_type_code,
        s.stage_type_code,
        sm.metric_type_code,
        min(nullif(trim(sm.unit), '')) as unit,
        count(*) as sample_count,
        count(sm.metric_value_num) as numeric_count,
        coalesce(sum(sm.metric_value_num), 0)::numeric(20, 3) as numeric_sum,
        coalesce(
            percentile_cont(0.95) within group (order by sm.metric_value_num)
                filter (where sm.metric_value_num is not null),
            0
        )::numeric(20, 3) as p95_value,
        min(sm.metric_value_num) as min_value,
        max(sm.metric_value_num) as max_value
    from analytics.stage_metric sm
    join analytics.stage s on s.id = sm.stage_id
    join analytics.event e on e.id = s.event_id
    where sm.recorded_at >= ?
      and sm.recorded_at < ?
      and e.event_type_code is not null
      and s.stage_type_code is not null
      and sm.metric_type_code is not null
    group by 1, 3, 4, 5, 6
    on conflict (
        bucket_start,
        granularity_minutes,
        module_code,
        event_type_code,
        stage_type_code,
        metric_type_code
    )
    do update set
        unit = excluded.unit,
        sample_count = excluded.sample_count,
        numeric_count = excluded.numeric_count,
        numeric_sum = excluded.numeric_sum,
        p95_value = excluded.p95_value,
        min_value = excluded.min_value,
        max_value = excluded.max_value
]
2026-06-08 13:35:09.536 DEBUG [trace:] [event:] [module:] --- [  restartedMain] o.s.jdbc.core.JdbcTemplate               : Executing prepared SQL update
2026-06-08 13:35:09.536 DEBUG [trace:] [event:] [module:] --- [  restartedMain] o.s.jdbc.core.JdbcTemplate               : Executing prepared SQL statement [    insert into analytics.time_rollup_watermark (
        scope_code,
        granularity_minutes,
        watermark_at,
        updated_at
    )
    values (
        ?,
        ?,
        ?,
        now()
    )
    on conflict (scope_code, granularity_minutes)
    do update set
        watermark_at = excluded.watermark_at,
        updated_at = now()
]
2026-06-08 13:35:09.536 DEBUG [trace:] [event:] [module:] --- [  restartedMain] o.s.jdbc.core.JdbcTemplate               : Executing prepared SQL query
2026-06-08 13:35:09.536 DEBUG [trace:] [event:] [module:] --- [  restartedMain] o.s.jdbc.core.JdbcTemplate               : Executing prepared SQL statement [    select watermark_at
    from analytics.time_rollup_watermark
    where scope_code = ?
      and granularity_minutes = ?
]
2026-06-08 13:35:09.536 DEBUG [trace:] [event:] [module:] --- [  restartedMain] o.s.jdbc.core.JdbcTemplate               : Executing prepared SQL update
2026-06-08 13:35:09.536 DEBUG [trace:] [event:] [module:] --- [  restartedMain] o.s.jdbc.core.JdbcTemplate               : Executing prepared SQL statement [    delete from analytics.stage_metric_rollup_bucket
    where granularity_minutes = ?
      and bucket_start >= ?
      and bucket_start < ?
]
2026-06-08 13:35:09.536 DEBUG [trace:] [event:] [module:] --- [  restartedMain] o.s.jdbc.core.JdbcTemplate               : Executing prepared SQL update
2026-06-08 13:35:09.536 DEBUG [trace:] [event:] [module:] --- [  restartedMain] o.s.jdbc.core.JdbcTemplate               : Executing prepared SQL statement [    insert into analytics.stage_metric_rollup_bucket (
        bucket_start,
        granularity_minutes,
        module_code,
        event_type_code,
        stage_type_code,
        metric_type_code,
        unit,
        sample_count,
        numeric_count,
        numeric_sum,
        p95_value,
        min_value,
        max_value
    )
    select
        date_bin(
            (? || ' minutes')::interval,
            sm.recorded_at,
            ?
        ) as bucket_start,
        ? as granularity_minutes,
        coalesce(e.module_code, ?) as module_code,
        e.event_type_code,
        s.stage_type_code,
        sm.metric_type_code,
        min(nullif(trim(sm.unit), '')) as unit,
        count(*) as sample_count,
        count(sm.metric_value_num) as numeric_count,
        coalesce(sum(sm.metric_value_num), 0)::numeric(20, 3) as numeric_sum,
        coalesce(
            percentile_cont(0.95) within group (order by sm.metric_value_num)
                filter (where sm.metric_value_num is not null),
            0
        )::numeric(20, 3) as p95_value,
        min(sm.metric_value_num) as min_value,
        max(sm.metric_value_num) as max_value
    from analytics.stage_metric sm
    join analytics.stage s on s.id = sm.stage_id
    join analytics.event e on e.id = s.event_id
    where sm.recorded_at >= ?
      and sm.recorded_at < ?
      and e.event_type_code is not null
      and s.stage_type_code is not null
      and sm.metric_type_code is not null
    group by 1, 3, 4, 5, 6
    on conflict (
        bucket_start,
        granularity_minutes,
        module_code,
        event_type_code,
        stage_type_code,
        metric_type_code
    )
    do update set
        unit = excluded.unit,
        sample_count = excluded.sample_count,
        numeric_count = excluded.numeric_count,
        numeric_sum = excluded.numeric_sum,
        p95_value = excluded.p95_value,
        min_value = excluded.min_value,
        max_value = excluded.max_value
]
2026-06-08 13:35:09.536 DEBUG [trace:] [event:] [module:] --- [  restartedMain] o.s.jdbc.core.JdbcTemplate               : Executing prepared SQL update
2026-06-08 13:35:09.536 DEBUG [trace:] [event:] [module:] --- [  restartedMain] o.s.jdbc.core.JdbcTemplate               : Executing prepared SQL statement [    insert into analytics.time_rollup_watermark (
        scope_code,
        granularity_minutes,
        watermark_at,
        updated_at
    )
    values (
        ?,
        ?,
        ?,
        now()
    )
    on conflict (scope_code, granularity_minutes)
    do update set
        watermark_at = excluded.watermark_at,
        updated_at = now()
]
2026-06-08 13:35:09.536 DEBUG [trace:] [event:] [module:] --- [  restartedMain] o.s.jdbc.core.JdbcTemplate               : Executing prepared SQL query
2026-06-08 13:35:09.536 DEBUG [trace:] [event:] [module:] --- [  restartedMain] o.s.jdbc.core.JdbcTemplate               : Executing prepared SQL statement [    select watermark_at
    from analytics.time_rollup_watermark
    where scope_code = ?
      and granularity_minutes = ?
]
2026-06-08 13:35:09.536 DEBUG [trace:] [event:] [module:] --- [  restartedMain] o.s.jdbc.core.JdbcTemplate               : Executing prepared SQL update
2026-06-08 13:35:09.536 DEBUG [trace:] [event:] [module:] --- [  restartedMain] o.s.jdbc.core.JdbcTemplate               : Executing prepared SQL statement [    delete from analytics.stage_metric_rollup_bucket
    where granularity_minutes = ?
      and bucket_start >= ?
      and bucket_start < ?
]
2026-06-08 13:35:09.536 DEBUG [trace:] [event:] [module:] --- [  restartedMain] o.s.jdbc.core.JdbcTemplate               : Executing prepared SQL update
2026-06-08 13:35:09.536 DEBUG [trace:] [event:] [module:] --- [  restartedMain] o.s.jdbc.core.JdbcTemplate               : Executing prepared SQL statement [    insert into analytics.stage_metric_rollup_bucket (
        bucket_start,
        granularity_minutes,
        module_code,
        event_type_code,
        stage_type_code,
        metric_type_code,
        unit,
        sample_count,
        numeric_count,
        numeric_sum,
        p95_value,
        min_value,
        max_value
    )
    select
        date_bin(
            (? || ' minutes')::interval,
            sm.recorded_at,
            ?
        ) as bucket_start,
        ? as granularity_minutes,
        coalesce(e.module_code, ?) as module_code,
        e.event_type_code,
        s.stage_type_code,
        sm.metric_type_code,
        min(nullif(trim(sm.unit), '')) as unit,
        count(*) as sample_count,
        count(sm.metric_value_num) as numeric_count,
        coalesce(sum(sm.metric_value_num), 0)::numeric(20, 3) as numeric_sum,
        coalesce(
            percentile_cont(0.95) within group (order by sm.metric_value_num)
                filter (where sm.metric_value_num is not null),
            0
        )::numeric(20, 3) as p95_value,
        min(sm.metric_value_num) as min_value,
        max(sm.metric_value_num) as max_value
    from analytics.stage_metric sm
    join analytics.stage s on s.id = sm.stage_id
    join analytics.event e on e.id = s.event_id
    where sm.recorded_at >= ?
      and sm.recorded_at < ?
      and e.event_type_code is not null
      and s.stage_type_code is not null
      and sm.metric_type_code is not null
    group by 1, 3, 4, 5, 6
    on conflict (
        bucket_start,
        granularity_minutes,
        module_code,
        event_type_code,
        stage_type_code,
        metric_type_code
    )
    do update set
        unit = excluded.unit,
        sample_count = excluded.sample_count,
        numeric_count = excluded.numeric_count,
        numeric_sum = excluded.numeric_sum,
        p95_value = excluded.p95_value,
        min_value = excluded.min_value,
        max_value = excluded.max_value
]
2026-06-08 13:35:16.415 DEBUG [trace:] [event:] [module:] --- [  restartedMain] o.s.jdbc.core.JdbcTemplate               : Executing prepared SQL update
2026-06-08 13:35:16.415 DEBUG [trace:] [event:] [module:] --- [  restartedMain] o.s.jdbc.core.JdbcTemplate               : Executing prepared SQL statement [    insert into analytics.time_rollup_watermark (
        scope_code,
        granularity_minutes,
        watermark_at,
        updated_at
    )
    values (
        ?,
        ?,
        ?,
        now()
    )
    on conflict (scope_code, granularity_minutes)
    do update set
        watermark_at = excluded.watermark_at,
        updated_at = now()
]
2026-06-08 13:35:16.417 DEBUG [trace:] [event:] [module:] --- [  restartedMain] o.s.jdbc.core.JdbcTemplate               : Executing prepared SQL query
2026-06-08 13:35:16.417 DEBUG [trace:] [event:] [module:] --- [  restartedMain] o.s.jdbc.core.JdbcTemplate               : Executing prepared SQL statement [select to_regclass(?) is not null]
2026-06-08 13:35:16.417 DEBUG [trace:] [event:] [module:] --- [  restartedMain] o.s.jdbc.core.JdbcTemplate               : Executing prepared SQL query
2026-06-08 13:35:16.417 DEBUG [trace:] [event:] [module:] --- [  restartedMain] o.s.jdbc.core.JdbcTemplate               : Executing prepared SQL statement [select to_regclass(?) is not null]
2026-06-08 13:35:16.417 DEBUG [trace:] [event:] [module:] --- [  restartedMain] o.s.jdbc.core.JdbcTemplate               : Executing prepared SQL query
2026-06-08 13:35:16.417 DEBUG [trace:] [event:] [module:] --- [  restartedMain] o.s.jdbc.core.JdbcTemplate               : Executing prepared SQL statement [select to_regclass(?) is not null]
2026-06-08 13:35:16.418 DEBUG [trace:] [event:] [module:] --- [  restartedMain] o.s.jdbc.core.JdbcTemplate               : Executing prepared SQL query
2026-06-08 13:35:16.418 DEBUG [trace:] [event:] [module:] --- [  restartedMain] o.s.jdbc.core.JdbcTemplate               : Executing prepared SQL statement [    select watermark_at
    from analytics.time_rollup_watermark
    where scope_code = ?
      and granularity_minutes = ?
]
2026-06-08 13:35:16.418 DEBUG [trace:] [event:] [module:] --- [  restartedMain] o.s.jdbc.core.JdbcTemplate               : Executing prepared SQL update
2026-06-08 13:35:16.418 DEBUG [trace:] [event:] [module:] --- [  restartedMain] o.s.jdbc.core.JdbcTemplate               : Executing prepared SQL statement [    delete from analytics.event_rollup_bucket
    where granularity_minutes = ?
      and bucket_start >= ?
      and bucket_start < ?
]
2026-06-08 13:35:16.422 DEBUG [trace:] [event:] [module:] --- [  restartedMain] o.s.jdbc.core.JdbcTemplate               : Executing prepared SQL update
2026-06-08 13:35:16.422 DEBUG [trace:] [event:] [module:] --- [  restartedMain] o.s.jdbc.core.JdbcTemplate               : Executing prepared SQL statement [    insert into analytics.event_rollup_bucket (
        bucket_start,
        granularity_minutes,
        module_code,
        event_type_code,
        sample_count,
        error_count,
        duration_sum,
        avg_ms,
        p95_ms,
        p99_ms,
        max_ms
    )
    select
        date_bin(
            (? || ' minutes')::interval,
            e.started_at,
            ?
        ) as bucket_start,
        ? as granularity_minutes,
        coalesce(e.module_code, ?) as module_code,
        e.event_type_code,
        count(*) as sample_count,
        sum(case when e.is_error then 1 else 0 end) as error_count,
        sum(case when e.duration_ms is null or e.duration_ms < 0 then 0 else e.duration_ms end) as duration_sum,
        coalesce(avg(case when e.duration_ms is null or e.duration_ms < 0 then 0 else e.duration_ms end)::numeric, 0)::numeric(12, 3) as avg_ms,
        coalesce(percentile_cont(0.95) within group (order by (case when e.duration_ms is null or e.duration_ms < 0 then 0 else e.duration_ms end)::numeric), 0)::numeric(12, 3) as p95_ms,
        coalesce(percentile_cont(0.99) within group (order by (case when e.duration_ms is null or e.duration_ms < 0 then 0 else e.duration_ms end)::numeric), 0)::numeric(12, 3) as p99_ms,
        coalesce(max(case when e.duration_ms is null or e.duration_ms < 0 then 0 else e.duration_ms end)::numeric, 0)::numeric(12, 3) as max_ms
    from analytics.event e
    where e.started_at >= ?
      and e.started_at < ?
      and e.event_type_code is not null
    group by 1, 3, 4
    on conflict (bucket_start, granularity_minutes, module_code, event_type_code)
    do update set
        sample_count = excluded.sample_count,
        error_count = excluded.error_count,
        duration_sum = excluded.duration_sum,
        avg_ms = excluded.avg_ms,
        p95_ms = excluded.p95_ms,
        p99_ms = excluded.p99_ms,
        max_ms = excluded.max_ms
]
2026-06-08 13:35:16.424 DEBUG [trace:] [event:] [module:] --- [  restartedMain] o.s.jdbc.core.JdbcTemplate               : Executing prepared SQL update
2026-06-08 13:35:16.424 DEBUG [trace:] [event:] [module:] --- [  restartedMain] o.s.jdbc.core.JdbcTemplate               : Executing prepared SQL statement [    insert into analytics.time_rollup_watermark (
        scope_code,
        granularity_minutes,
        watermark_at,
        updated_at
    )
    values (
        ?,
        ?,
        ?,
        now()
    )
    on conflict (scope_code, granularity_minutes)
    do update set
        watermark_at = excluded.watermark_at,
        updated_at = now()
]
2026-06-08 13:35:16.425 DEBUG [trace:] [event:] [module:] --- [  restartedMain] o.s.jdbc.core.JdbcTemplate               : Executing prepared SQL query
2026-06-08 13:35:16.425 DEBUG [trace:] [event:] [module:] --- [  restartedMain] o.s.jdbc.core.JdbcTemplate               : Executing prepared SQL statement [    select watermark_at
    from analytics.time_rollup_watermark
    where scope_code = ?
      and granularity_minutes = ?
]
2026-06-08 13:35:16.425 DEBUG [trace:] [event:] [module:] --- [  restartedMain] o.s.jdbc.core.JdbcTemplate               : Executing prepared SQL update
2026-06-08 13:35:16.425 DEBUG [trace:] [event:] [module:] --- [  restartedMain] o.s.jdbc.core.JdbcTemplate               : Executing prepared SQL statement [    delete from analytics.stage_rollup_bucket
    where granularity_minutes = ?
      and bucket_start >= ?
      and bucket_start < ?
]
2026-06-08 13:35:16.428 DEBUG [trace:] [event:] [module:] --- [  restartedMain] o.s.jdbc.core.JdbcTemplate               : Executing prepared SQL update
2026-06-08 13:35:16.428 DEBUG [trace:] [event:] [module:] --- [  restartedMain] o.s.jdbc.core.JdbcTemplate               : Executing prepared SQL statement [    insert into analytics.stage_rollup_bucket (
        bucket_start,
        granularity_minutes,
        module_code,
        event_type_code,
        stage_type_code,
        sample_count,
        error_count,
        duration_sum,
        avg_ms,
        p95_ms,
        p99_ms,
        max_ms
    )
    select
        date_bin(
            (? || ' minutes')::interval,
            s.started_at,
            ?
        ) as bucket_start,
        ? as granularity_minutes,
        coalesce(e.module_code, ?) as module_code,
        e.event_type_code,
        s.stage_type_code,
        count(*) as sample_count,
        sum(case when s.is_error then 1 else 0 end) as error_count,
        sum(case when s.duration_ms is null or s.duration_ms < 0 then 0 else s.duration_ms end) as duration_sum,
        coalesce(avg(case when s.duration_ms is null or s.duration_ms < 0 then 0 else s.duration_ms end)::numeric, 0)::numeric(12, 3) as avg_ms,
        coalesce(percentile_cont(0.95) within group (order by (case when s.duration_ms is null or s.duration_ms < 0 then 0 else s.duration_ms end)::numeric), 0)::numeric(12, 3) as p95_ms,
        coalesce(percentile_cont(0.99) within group (order by (case when s.duration_ms is null or s.duration_ms < 0 then 0 else s.duration_ms end)::numeric), 0)::numeric(12, 3) as p99_ms,
        coalesce(max(case when s.duration_ms is null or s.duration_ms < 0 then 0 else s.duration_ms end)::numeric, 0)::numeric(12, 3) as max_ms
    from analytics.stage s
    join analytics.event e on e.id = s.event_id
    where s.started_at >= ?
      and s.started_at < ?
      and e.event_type_code is not null
      and s.stage_type_code is not null
    group by 1, 3, 4, 5
    on conflict (bucket_start, granularity_minutes, module_code, event_type_code, stage_type_code)
    do update set
        sample_count = excluded.sample_count,
        error_count = excluded.error_count,
        duration_sum = excluded.duration_sum,
        avg_ms = excluded.avg_ms,
        p95_ms = excluded.p95_ms,
        p99_ms = excluded.p99_ms,
        max_ms = excluded.max_ms
]
2026-06-08 13:35:17.085 DEBUG [trace:] [event:] [module:] --- [  restartedMain] o.s.jdbc.core.JdbcTemplate               : Executing prepared SQL update
2026-06-08 13:35:17.085 DEBUG [trace:] [event:] [module:] --- [  restartedMain] o.s.jdbc.core.JdbcTemplate               : Executing prepared SQL statement [    insert into analytics.time_rollup_watermark (
        scope_code,
        granularity_minutes,
        watermark_at,
        updated_at
    )
    values (
        ?,
        ?,
        ?,
        now()
    )
    on conflict (scope_code, granularity_minutes)
    do update set
        watermark_at = excluded.watermark_at,
        updated_at = now()
]
2026-06-08 13:35:17.085 DEBUG [trace:] [event:] [module:] --- [  restartedMain] o.s.jdbc.core.JdbcTemplate               : Executing prepared SQL query
2026-06-08 13:35:17.085 DEBUG [trace:] [event:] [module:] --- [  restartedMain] o.s.jdbc.core.JdbcTemplate               : Executing prepared SQL statement [    select watermark_at
    from analytics.time_rollup_watermark
    where scope_code = ?
      and granularity_minutes = ?
]
2026-06-08 13:35:17.085 DEBUG [trace:] [event:] [module:] --- [  restartedMain] o.s.jdbc.core.JdbcTemplate               : Executing prepared SQL update
2026-06-08 13:35:17.085 DEBUG [trace:] [event:] [module:] --- [  restartedMain] o.s.jdbc.core.JdbcTemplate               : Executing prepared SQL statement [    delete from analytics.event_rollup_bucket
    where granularity_minutes = ?
      and bucket_start >= ?
      and bucket_start < ?
]
2026-06-08 13:35:17.085 DEBUG [trace:] [event:] [module:] --- [  restartedMain] o.s.jdbc.core.JdbcTemplate               : Executing prepared SQL update
2026-06-08 13:35:17.085 DEBUG [trace:] [event:] [module:] --- [  restartedMain] o.s.jdbc.core.JdbcTemplate               : Executing prepared SQL statement [    insert into analytics.event_rollup_bucket (
        bucket_start,
        granularity_minutes,
        module_code,
        event_type_code,
        sample_count,
        error_count,
        duration_sum,
        avg_ms,
        p95_ms,
        p99_ms,
        max_ms
    )
    select
        date_bin(
            (? || ' minutes')::interval,
            e.started_at,
            ?
        ) as bucket_start,
        ? as granularity_minutes,
        coalesce(e.module_code, ?) as module_code,
        e.event_type_code,
        count(*) as sample_count,
        sum(case when e.is_error then 1 else 0 end) as error_count,
        sum(case when e.duration_ms is null or e.duration_ms < 0 then 0 else e.duration_ms end) as duration_sum,
        coalesce(avg(case when e.duration_ms is null or e.duration_ms < 0 then 0 else e.duration_ms end)::numeric, 0)::numeric(12, 3) as avg_ms,
        coalesce(percentile_cont(0.95) within group (order by (case when e.duration_ms is null or e.duration_ms < 0 then 0 else e.duration_ms end)::numeric), 0)::numeric(12, 3) as p95_ms,
        coalesce(percentile_cont(0.99) within group (order by (case when e.duration_ms is null or e.duration_ms < 0 then 0 else e.duration_ms end)::numeric), 0)::numeric(12, 3) as p99_ms,
        coalesce(max(case when e.duration_ms is null or e.duration_ms < 0 then 0 else e.duration_ms end)::numeric, 0)::numeric(12, 3) as max_ms
    from analytics.event e
    where e.started_at >= ?
      and e.started_at < ?
      and e.event_type_code is not null
    group by 1, 3, 4
    on conflict (bucket_start, granularity_minutes, module_code, event_type_code)
    do update set
        sample_count = excluded.sample_count,
        error_count = excluded.error_count,
        duration_sum = excluded.duration_sum,
        avg_ms = excluded.avg_ms,
        p95_ms = excluded.p95_ms,
        p99_ms = excluded.p99_ms,
        max_ms = excluded.max_ms
]
2026-06-08 13:35:17.085 DEBUG [trace:] [event:] [module:] --- [  restartedMain] o.s.jdbc.core.JdbcTemplate               : Executing prepared SQL update
2026-06-08 13:35:17.085 DEBUG [trace:] [event:] [module:] --- [  restartedMain] o.s.jdbc.core.JdbcTemplate               : Executing prepared SQL statement [    insert into analytics.time_rollup_watermark (
        scope_code,
        granularity_minutes,
        watermark_at,
        updated_at
    )
    values (
        ?,
        ?,
        ?,
        now()
    )
    on conflict (scope_code, granularity_minutes)
    do update set
        watermark_at = excluded.watermark_at,
        updated_at = now()
]
2026-06-08 13:35:17.085 DEBUG [trace:] [event:] [module:] --- [  restartedMain] o.s.jdbc.core.JdbcTemplate               : Executing prepared SQL query
2026-06-08 13:35:17.085 DEBUG [trace:] [event:] [module:] --- [  restartedMain] o.s.jdbc.core.JdbcTemplate               : Executing prepared SQL statement [    select watermark_at
    from analytics.time_rollup_watermark
    where scope_code = ?
      and granularity_minutes = ?
]
2026-06-08 13:35:17.093 DEBUG [trace:] [event:] [module:] --- [  restartedMain] o.s.jdbc.core.JdbcTemplate               : Executing prepared SQL update
2026-06-08 13:35:17.093 DEBUG [trace:] [event:] [module:] --- [  restartedMain] o.s.jdbc.core.JdbcTemplate               : Executing prepared SQL statement [    delete from analytics.stage_rollup_bucket
    where granularity_minutes = ?
      and bucket_start >= ?
      and bucket_start < ?
]
2026-06-08 13:35:17.093 DEBUG [trace:] [event:] [module:] --- [  restartedMain] o.s.jdbc.core.JdbcTemplate               : Executing prepared SQL update
2026-06-08 13:35:17.093 DEBUG [trace:] [event:] [module:] --- [  restartedMain] o.s.jdbc.core.JdbcTemplate               : Executing prepared SQL statement [    insert into analytics.stage_rollup_bucket (
        bucket_start,
        granularity_minutes,
        module_code,
        event_type_code,
        stage_type_code,
        sample_count,
        error_count,
        duration_sum,
        avg_ms,
        p95_ms,
        p99_ms,
        max_ms
    )
    select
        date_bin(
            (? || ' minutes')::interval,
            s.started_at,
            ?
        ) as bucket_start,
        ? as granularity_minutes,
        coalesce(e.module_code, ?) as module_code,
        e.event_type_code,
        s.stage_type_code,
        count(*) as sample_count,
        sum(case when s.is_error then 1 else 0 end) as error_count,
        sum(case when s.duration_ms is null or s.duration_ms < 0 then 0 else s.duration_ms end) as duration_sum,
        coalesce(avg(case when s.duration_ms is null or s.duration_ms < 0 then 0 else s.duration_ms end)::numeric, 0)::numeric(12, 3) as avg_ms,
        coalesce(percentile_cont(0.95) within group (order by (case when s.duration_ms is null or s.duration_ms < 0 then 0 else s.duration_ms end)::numeric), 0)::numeric(12, 3) as p95_ms,
        coalesce(percentile_cont(0.99) within group (order by (case when s.duration_ms is null or s.duration_ms < 0 then 0 else s.duration_ms end)::numeric), 0)::numeric(12, 3) as p99_ms,
        coalesce(max(case when s.duration_ms is null or s.duration_ms < 0 then 0 else s.duration_ms end)::numeric, 0)::numeric(12, 3) as max_ms
    from analytics.stage s
    join analytics.event e on e.id = s.event_id
    where s.started_at >= ?
      and s.started_at < ?
      and e.event_type_code is not null
      and s.stage_type_code is not null
    group by 1, 3, 4, 5
    on conflict (bucket_start, granularity_minutes, module_code, event_type_code, stage_type_code)
    do update set
        sample_count = excluded.sample_count,
        error_count = excluded.error_count,
        duration_sum = excluded.duration_sum,
        avg_ms = excluded.avg_ms,
        p95_ms = excluded.p95_ms,
        p99_ms = excluded.p99_ms,
        max_ms = excluded.max_ms
]
2026-06-08 13:35:17.704 DEBUG [trace:] [event:] [module:] --- [  restartedMain] o.s.jdbc.core.JdbcTemplate               : Executing prepared SQL update
2026-06-08 13:35:17.704 DEBUG [trace:] [event:] [module:] --- [  restartedMain] o.s.jdbc.core.JdbcTemplate               : Executing prepared SQL statement [    insert into analytics.time_rollup_watermark (
        scope_code,
        granularity_minutes,
        watermark_at,
        updated_at
    )
    values (
        ?,
        ?,
        ?,
        now()
    )
    on conflict (scope_code, granularity_minutes)
    do update set
        watermark_at = excluded.watermark_at,
        updated_at = now()
]
2026-06-08 13:35:17.704 DEBUG [trace:] [event:] [module:] --- [  restartedMain] o.s.jdbc.core.JdbcTemplate               : Executing prepared SQL query
2026-06-08 13:35:17.704 DEBUG [trace:] [event:] [module:] --- [  restartedMain] o.s.jdbc.core.JdbcTemplate               : Executing prepared SQL statement [    select watermark_at
    from analytics.time_rollup_watermark
    where scope_code = ?
      and granularity_minutes = ?
]
2026-06-08 13:35:17.704 DEBUG [trace:] [event:] [module:] --- [  restartedMain] o.s.jdbc.core.JdbcTemplate               : Executing prepared SQL update
2026-06-08 13:35:17.704 DEBUG [trace:] [event:] [module:] --- [  restartedMain] o.s.jdbc.core.JdbcTemplate               : Executing prepared SQL statement [    delete from analytics.event_rollup_bucket
    where granularity_minutes = ?
      and bucket_start >= ?
      and bucket_start < ?
]
2026-06-08 13:35:17.704 DEBUG [trace:] [event:] [module:] --- [  restartedMain] o.s.jdbc.core.JdbcTemplate               : Executing prepared SQL update
2026-06-08 13:35:17.704 DEBUG [trace:] [event:] [module:] --- [  restartedMain] o.s.jdbc.core.JdbcTemplate               : Executing prepared SQL statement [    insert into analytics.event_rollup_bucket (
        bucket_start,
        granularity_minutes,
        module_code,
        event_type_code,
        sample_count,
        error_count,
        duration_sum,
        avg_ms,
        p95_ms,
        p99_ms,
        max_ms
    )
    select
        date_bin(
            (? || ' minutes')::interval,
            e.started_at,
            ?
        ) as bucket_start,
        ? as granularity_minutes,
        coalesce(e.module_code, ?) as module_code,
        e.event_type_code,
        count(*) as sample_count,
        sum(case when e.is_error then 1 else 0 end) as error_count,
        sum(case when e.duration_ms is null or e.duration_ms < 0 then 0 else e.duration_ms end) as duration_sum,
        coalesce(avg(case when e.duration_ms is null or e.duration_ms < 0 then 0 else e.duration_ms end)::numeric, 0)::numeric(12, 3) as avg_ms,
        coalesce(percentile_cont(0.95) within group (order by (case when e.duration_ms is null or e.duration_ms < 0 then 0 else e.duration_ms end)::numeric), 0)::numeric(12, 3) as p95_ms,
        coalesce(percentile_cont(0.99) within group (order by (case when e.duration_ms is null or e.duration_ms < 0 then 0 else e.duration_ms end)::numeric), 0)::numeric(12, 3) as p99_ms,
        coalesce(max(case when e.duration_ms is null or e.duration_ms < 0 then 0 else e.duration_ms end)::numeric, 0)::numeric(12, 3) as max_ms
    from analytics.event e
    where e.started_at >= ?
      and e.started_at < ?
      and e.event_type_code is not null
    group by 1, 3, 4
    on conflict (bucket_start, granularity_minutes, module_code, event_type_code)
    do update set
        sample_count = excluded.sample_count,
        error_count = excluded.error_count,
        duration_sum = excluded.duration_sum,
        avg_ms = excluded.avg_ms,
        p95_ms = excluded.p95_ms,
        p99_ms = excluded.p99_ms,
        max_ms = excluded.max_ms
]
2026-06-08 13:35:17.704 DEBUG [trace:] [event:] [module:] --- [  restartedMain] o.s.jdbc.core.JdbcTemplate               : Executing prepared SQL update
2026-06-08 13:35:17.704 DEBUG [trace:] [event:] [module:] --- [  restartedMain] o.s.jdbc.core.JdbcTemplate               : Executing prepared SQL statement [    insert into analytics.time_rollup_watermark (
        scope_code,
        granularity_minutes,
        watermark_at,
        updated_at
    )
    values (
        ?,
        ?,
        ?,
        now()
    )
    on conflict (scope_code, granularity_minutes)
    do update set
        watermark_at = excluded.watermark_at,
        updated_at = now()
]
2026-06-08 13:35:17.704 DEBUG [trace:] [event:] [module:] --- [  restartedMain] o.s.jdbc.core.JdbcTemplate               : Executing prepared SQL query
2026-06-08 13:35:17.704 DEBUG [trace:] [event:] [module:] --- [  restartedMain] o.s.jdbc.core.JdbcTemplate               : Executing prepared SQL statement [    select watermark_at
    from analytics.time_rollup_watermark
    where scope_code = ?
      and granularity_minutes = ?
]
2026-06-08 13:35:17.704 DEBUG [trace:] [event:] [module:] --- [  restartedMain] o.s.jdbc.core.JdbcTemplate               : Executing prepared SQL update
2026-06-08 13:35:17.704 DEBUG [trace:] [event:] [module:] --- [  restartedMain] o.s.jdbc.core.JdbcTemplate               : Executing prepared SQL statement [    delete from analytics.stage_rollup_bucket
    where granularity_minutes = ?
      and bucket_start >= ?
      and bucket_start < ?
]
2026-06-08 13:35:17.704 DEBUG [trace:] [event:] [module:] --- [  restartedMain] o.s.jdbc.core.JdbcTemplate               : Executing prepared SQL update
2026-06-08 13:35:17.704 DEBUG [trace:] [event:] [module:] --- [  restartedMain] o.s.jdbc.core.JdbcTemplate               : Executing prepared SQL statement [    insert into analytics.stage_rollup_bucket (
        bucket_start,
        granularity_minutes,
        module_code,
        event_type_code,
        stage_type_code,
        sample_count,
        error_count,
        duration_sum,
        avg_ms,
        p95_ms,
        p99_ms,
        max_ms
    )
    select
        date_bin(
            (? || ' minutes')::interval,
            s.started_at,
            ?
        ) as bucket_start,
        ? as granularity_minutes,
        coalesce(e.module_code, ?) as module_code,
        e.event_type_code,
        s.stage_type_code,
        count(*) as sample_count,
        sum(case when s.is_error then 1 else 0 end) as error_count,
        sum(case when s.duration_ms is null or s.duration_ms < 0 then 0 else s.duration_ms end) as duration_sum,
        coalesce(avg(case when s.duration_ms is null or s.duration_ms < 0 then 0 else s.duration_ms end)::numeric, 0)::numeric(12, 3) as avg_ms,
        coalesce(percentile_cont(0.95) within group (order by (case when s.duration_ms is null or s.duration_ms < 0 then 0 else s.duration_ms end)::numeric), 0)::numeric(12, 3) as p95_ms,
        coalesce(percentile_cont(0.99) within group (order by (case when s.duration_ms is null or s.duration_ms < 0 then 0 else s.duration_ms end)::numeric), 0)::numeric(12, 3) as p99_ms,
        coalesce(max(case when s.duration_ms is null or s.duration_ms < 0 then 0 else s.duration_ms end)::numeric, 0)::numeric(12, 3) as max_ms
    from analytics.stage s
    join analytics.event e on e.id = s.event_id
    where s.started_at >= ?
      and s.started_at < ?
      and e.event_type_code is not null
      and s.stage_type_code is not null
    group by 1, 3, 4, 5
    on conflict (bucket_start, granularity_minutes, module_code, event_type_code, stage_type_code)
    do update set
        sample_count = excluded.sample_count,
        error_count = excluded.error_count,
        duration_sum = excluded.duration_sum,
        avg_ms = excluded.avg_ms,
        p95_ms = excluded.p95_ms,
        p99_ms = excluded.p99_ms,
        max_ms = excluded.max_ms
]
2026-06-08 13:35:18.356 DEBUG [trace:] [event:] [module:] --- [  restartedMain] o.s.jdbc.core.JdbcTemplate               : Executing prepared SQL update
2026-06-08 13:35:18.356 DEBUG [trace:] [event:] [module:] --- [  restartedMain] o.s.jdbc.core.JdbcTemplate               : Executing prepared SQL statement [    insert into analytics.time_rollup_watermark (
        scope_code,
        granularity_minutes,
        watermark_at,
        updated_at
    )
    values (
        ?,
        ?,
        ?,
        now()
    )
    on conflict (scope_code, granularity_minutes)
    do update set
        watermark_at = excluded.watermark_at,
        updated_at = now()
]
2026-06-08 13:35:18.357 DEBUG [trace:] [event:] [module:] --- [  restartedMain] o.s.jdbc.core.JdbcTemplate               : Executing prepared SQL query
2026-06-08 13:35:18.357 DEBUG [trace:] [event:] [module:] --- [  restartedMain] o.s.jdbc.core.JdbcTemplate               : Executing prepared SQL statement [    select watermark_at
    from analytics.time_rollup_watermark
    where scope_code = ?
      and granularity_minutes = ?
]
2026-06-08 13:35:18.357 DEBUG [trace:] [event:] [module:] --- [  restartedMain] o.s.jdbc.core.JdbcTemplate               : Executing prepared SQL update
2026-06-08 13:35:18.357 DEBUG [trace:] [event:] [module:] --- [  restartedMain] o.s.jdbc.core.JdbcTemplate               : Executing prepared SQL statement [    delete from analytics.event_rollup_bucket
    where granularity_minutes = ?
      and bucket_start >= ?
      and bucket_start < ?
]
2026-06-08 13:35:18.357 DEBUG [trace:] [event:] [module:] --- [  restartedMain] o.s.jdbc.core.JdbcTemplate               : Executing prepared SQL update
2026-06-08 13:35:18.357 DEBUG [trace:] [event:] [module:] --- [  restartedMain] o.s.jdbc.core.JdbcTemplate               : Executing prepared SQL statement [    insert into analytics.event_rollup_bucket (
        bucket_start,
        granularity_minutes,
        module_code,
        event_type_code,
        sample_count,
        error_count,
        duration_sum,
        avg_ms,
        p95_ms,
        p99_ms,
        max_ms
    )
    select
        date_bin(
            (? || ' minutes')::interval,
            e.started_at,
            ?
        ) as bucket_start,
        ? as granularity_minutes,
        coalesce(e.module_code, ?) as module_code,
        e.event_type_code,
        count(*) as sample_count,
        sum(case when e.is_error then 1 else 0 end) as error_count,
        sum(case when e.duration_ms is null or e.duration_ms < 0 then 0 else e.duration_ms end) as duration_sum,
        coalesce(avg(case when e.duration_ms is null or e.duration_ms < 0 then 0 else e.duration_ms end)::numeric, 0)::numeric(12, 3) as avg_ms,
        coalesce(percentile_cont(0.95) within group (order by (case when e.duration_ms is null or e.duration_ms < 0 then 0 else e.duration_ms end)::numeric), 0)::numeric(12, 3) as p95_ms,
        coalesce(percentile_cont(0.99) within group (order by (case when e.duration_ms is null or e.duration_ms < 0 then 0 else e.duration_ms end)::numeric), 0)::numeric(12, 3) as p99_ms,
        coalesce(max(case when e.duration_ms is null or e.duration_ms < 0 then 0 else e.duration_ms end)::numeric, 0)::numeric(12, 3) as max_ms
    from analytics.event e
    where e.started_at >= ?
      and e.started_at < ?
      and e.event_type_code is not null
    group by 1, 3, 4
    on conflict (bucket_start, granularity_minutes, module_code, event_type_code)
    do update set
        sample_count = excluded.sample_count,
        error_count = excluded.error_count,
        duration_sum = excluded.duration_sum,
        avg_ms = excluded.avg_ms,
        p95_ms = excluded.p95_ms,
        p99_ms = excluded.p99_ms,
        max_ms = excluded.max_ms
]
2026-06-08 13:35:18.376 DEBUG [trace:] [event:] [module:] --- [  restartedMain] o.s.jdbc.core.JdbcTemplate               : Executing prepared SQL update
2026-06-08 13:35:18.376 DEBUG [trace:] [event:] [module:] --- [  restartedMain] o.s.jdbc.core.JdbcTemplate               : Executing prepared SQL statement [    insert into analytics.time_rollup_watermark (
        scope_code,
        granularity_minutes,
        watermark_at,
        updated_at
    )
    values (
        ?,
        ?,
        ?,
        now()
    )
    on conflict (scope_code, granularity_minutes)
    do update set
        watermark_at = excluded.watermark_at,
        updated_at = now()
]
2026-06-08 13:35:18.376 DEBUG [trace:] [event:] [module:] --- [  restartedMain] o.s.jdbc.core.JdbcTemplate               : Executing prepared SQL query
2026-06-08 13:35:18.376 DEBUG [trace:] [event:] [module:] --- [  restartedMain] o.s.jdbc.core.JdbcTemplate               : Executing prepared SQL statement [    select watermark_at
    from analytics.time_rollup_watermark
    where scope_code = ?
      and granularity_minutes = ?
]
2026-06-08 13:35:18.376 DEBUG [trace:] [event:] [module:] --- [  restartedMain] o.s.jdbc.core.JdbcTemplate               : Executing prepared SQL update
2026-06-08 13:35:18.376 DEBUG [trace:] [event:] [module:] --- [  restartedMain] o.s.jdbc.core.JdbcTemplate               : Executing prepared SQL statement [    delete from analytics.stage_rollup_bucket
    where granularity_minutes = ?
      and bucket_start >= ?
      and bucket_start < ?
]
2026-06-08 13:35:18.377 DEBUG [trace:] [event:] [module:] --- [  restartedMain] o.s.jdbc.core.JdbcTemplate               : Executing prepared SQL update
2026-06-08 13:35:18.377 DEBUG [trace:] [event:] [module:] --- [  restartedMain] o.s.jdbc.core.JdbcTemplate               : Executing prepared SQL statement [    insert into analytics.stage_rollup_bucket (
        bucket_start,
        granularity_minutes,
        module_code,
        event_type_code,
        stage_type_code,
        sample_count,
        error_count,
        duration_sum,
        avg_ms,
        p95_ms,
        p99_ms,
        max_ms
    )
    select
        date_bin(
            (? || ' minutes')::interval,
            s.started_at,
            ?
        ) as bucket_start,
        ? as granularity_minutes,
        coalesce(e.module_code, ?) as module_code,
        e.event_type_code,
        s.stage_type_code,
        count(*) as sample_count,
        sum(case when s.is_error then 1 else 0 end) as error_count,
        sum(case when s.duration_ms is null or s.duration_ms < 0 then 0 else s.duration_ms end) as duration_sum,
        coalesce(avg(case when s.duration_ms is null or s.duration_ms < 0 then 0 else s.duration_ms end)::numeric, 0)::numeric(12, 3) as avg_ms,
        coalesce(percentile_cont(0.95) within group (order by (case when s.duration_ms is null or s.duration_ms < 0 then 0 else s.duration_ms end)::numeric), 0)::numeric(12, 3) as p95_ms,
        coalesce(percentile_cont(0.99) within group (order by (case when s.duration_ms is null or s.duration_ms < 0 then 0 else s.duration_ms end)::numeric), 0)::numeric(12, 3) as p99_ms,
        coalesce(max(case when s.duration_ms is null or s.duration_ms < 0 then 0 else s.duration_ms end)::numeric, 0)::numeric(12, 3) as max_ms
    from analytics.stage s
    join analytics.event e on e.id = s.event_id
    where s.started_at >= ?
      and s.started_at < ?
      and e.event_type_code is not null
      and s.stage_type_code is not null
    group by 1, 3, 4, 5
    on conflict (bucket_start, granularity_minutes, module_code, event_type_code, stage_type_code)
    do update set
        sample_count = excluded.sample_count,
        error_count = excluded.error_count,
        duration_sum = excluded.duration_sum,
        avg_ms = excluded.avg_ms,
        p95_ms = excluded.p95_ms,
        p99_ms = excluded.p99_ms,
        max_ms = excluded.max_ms
]
2026-06-08 13:35:19.998 DEBUG [trace:] [event:] [module:] --- [  restartedMain] o.s.jdbc.core.JdbcTemplate               : Executing prepared SQL update
2026-06-08 13:35:19.998 DEBUG [trace:] [event:] [module:] --- [  restartedMain] o.s.jdbc.core.JdbcTemplate               : Executing prepared SQL statement [    insert into analytics.time_rollup_watermark (
        scope_code,
        granularity_minutes,
        watermark_at,
        updated_at
    )
    values (
        ?,
        ?,
        ?,
        now()
    )
    on conflict (scope_code, granularity_minutes)
    do update set
        watermark_at = excluded.watermark_at,
        updated_at = now()
]
2026-06-08 13:35:20.000 DEBUG [trace:] [event:] [module:] --- [  restartedMain] o.s.b.a.ApplicationAvailabilityBean      : Application availability state ReadinessState changed to ACCEPTING_TRAFFIC
2026-06-08 13:35:30.012 DEBUG [trace:] [event:] [module:] --- [   scheduling-1] o.s.jdbc.core.JdbcTemplate               : Executing prepared SQL query
2026-06-08 13:35:30.012 DEBUG [trace:] [event:] [module:] --- [   scheduling-1] o.s.jdbc.core.JdbcTemplate               : Executing prepared SQL statement [    select count(*)
    from INFORMATION_SCHEMA.TABLES
    where lower(TABLE_SCHEMA) = ?
      and lower(TABLE_NAME) = ?
]
2026-06-08 13:35:30.014 DEBUG [trace:] [event:] [module:] --- [   scheduling-1] o.s.jdbc.core.JdbcTemplate               : Executing prepared SQL query
2026-06-08 13:35:30.014 DEBUG [trace:] [event:] [module:] --- [   scheduling-1] o.s.jdbc.core.JdbcTemplate               : Executing prepared SQL statement [select setting_key, setting_value from analytics.runtime_setting]
2026-06-08 13:36:00.003 DEBUG [trace:] [event:] [module:] --- [   scheduling-1] o.s.jdbc.core.JdbcTemplate               : Executing prepared SQL query
2026-06-08 13:36:00.003 DEBUG [trace:] [event:] [module:] --- [   scheduling-1] o.s.jdbc.core.JdbcTemplate               : Executing prepared SQL statement [    select count(*)
    from INFORMATION_SCHEMA.TABLES
    where lower(TABLE_SCHEMA) = ?
      and lower(TABLE_NAME) = ?
]
2026-06-08 13:36:00.003 DEBUG [trace:] [event:] [module:] --- [   scheduling-1] o.s.jdbc.core.JdbcTemplate               : Executing prepared SQL query
2026-06-08 13:36:00.003 DEBUG [trace:] [event:] [module:] --- [   scheduling-1] o.s.jdbc.core.JdbcTemplate               : Executing prepared SQL statement [select setting_key, setting_value from analytics.runtime_setting]
2026-06-08 13:36:00.003 DEBUG [trace:] [event:] [module:] --- [   scheduling-1] o.s.jdbc.core.JdbcTemplate               : Executing prepared SQL query
2026-06-08 13:36:00.003 DEBUG [trace:] [event:] [module:] --- [   scheduling-1] o.s.jdbc.core.JdbcTemplate               : Executing prepared SQL statement [select to_regclass(?) is not null]
2026-06-08 13:36:00.012  INFO [trace:] [event:] [module:] --- [   scheduling-1] .e.g.a.s.AnalyticsLogArchiveIndexService : [LOG_INDEX] scan summary logDirectory=C:\Users\Natalia\Desktop\–î–ò–ü–õ–û–ú\GQW\logs\analytics\modules currentLogFilesFound=3 archiveLogFilesFound=0 sampleArchiveFiles=[]
2026-06-08 13:36:00.012  INFO [trace:] [event:] [module:] --- [   scheduling-1] .e.g.a.s.AnalyticsLogArchiveIndexService : [LOG_INDEX_DEBUG] scan roots configuredLogDirectory=C:\Users\Natalia\Desktop\–î–ò–ü–õ–û–ú\GQW\logs resolvedAbsolutePath=C:\Users\Natalia\Desktop\–î–ò–ü–õ–û–ú\GQW\logs exists=true readable=true currentLogFilesFound=3 archiveLogFilesFound=0 archivePatternsUsed=*.log.gz, <MODULE>.yyyy-MM-dd.<sequence>.log.gz, gqw.yyyy-MM-dd.<sequence>.log.gz sampleArchiveFiles=[]
2026-06-08 13:36:00.012  INFO [trace:] [event:] [module:] --- [   scheduling-1] .e.g.a.s.AnalyticsLogArchiveIndexService : [LOG_INDEX_DEBUG] scan roots configuredLogDirectory=C:\Users\Natalia\Desktop\–î–ò–ü–õ–û–ú\GQW\logs\analytics\modules resolvedAbsolutePath=C:\Users\Natalia\Desktop\–î–ò–ü–õ–û–ú\GQW\logs\analytics\modules exists=true readable=true currentLogFilesFound=3 archiveLogFilesFound=0 archivePatternsUsed=*.log.gz, <MODULE>.yyyy-MM-dd.<sequence>.log.gz, gqw.yyyy-MM-dd.<sequence>.log.gz sampleArchiveFiles=[]
2026-06-08 13:36:00.012  INFO [trace:] [event:] [module:] --- [   scheduling-1] .e.g.a.s.AnalyticsLogArchiveIndexService : [LOG_INDEX_DEBUG] scan roots configuredLogDirectory=C:\Users\Natalia\Desktop\–î–ò–ü–õ–û–ú\GQW\logs\analytics\modules\archive resolvedAbsolutePath=C:\Users\Natalia\Desktop\–î–ò–ü–õ–û–ú\GQW\logs\analytics\modules\archive exists=true readable=true currentLogFilesFound=3 archiveLogFilesFound=0 archivePatternsUsed=*.log.gz, <MODULE>.yyyy-MM-dd.<sequence>.log.gz, gqw.yyyy-MM-dd.<sequence>.log.gz sampleArchiveFiles=[]
2026-06-08 13:36:00.012  INFO [trace:] [event:] [module:] --- [   scheduling-1] .e.g.a.s.AnalyticsLogArchiveIndexService : [LOG_INDEX_DEBUG] scan roots configuredLogDirectory=C:\Users\Natalia\Desktop\–î–ò–ü–õ–û–ú\GQW\logs\archive resolvedAbsolutePath=C:\Users\Natalia\Desktop\–î–ò–ü–õ–û–ú\GQW\logs\archive exists=true readable=true currentLogFilesFound=3 archiveLogFilesFound=0 archivePatternsUsed=*.log.gz, <MODULE>.yyyy-MM-dd.<sequence>.log.gz, gqw.yyyy-MM-dd.<sequence>.log.gz sampleArchiveFiles=[]
2026-06-08 13:36:00.012 DEBUG [trace:] [event:] [module:] --- [   scheduling-1] o.s.jdbc.core.JdbcTemplate               : Executing prepared SQL query
2026-06-08 13:36:00.012 DEBUG [trace:] [event:] [module:] --- [   scheduling-1] o.s.jdbc.core.JdbcTemplate               : Executing prepared SQL statement [select to_regclass(?) is not null]
2026-06-08 13:36:00.012 DEBUG [trace:] [event:] [module:] --- [   scheduling-1] o.s.jdbc.core.JdbcTemplate               : Executing prepared SQL query
2026-06-08 13:36:00.012 DEBUG [trace:] [event:] [module:] --- [   scheduling-1] o.s.jdbc.core.JdbcTemplate               : Executing prepared SQL statement [    select size_bytes = ?
        and last_modified_at = ?
        and status not in ('INDEX_ERROR', 'SKIPPED_TOO_LARGE') as unchanged
    from analytics.log_file_index
    where file_path = ?
]
2026-06-08 13:36:00.127 DEBUG [trace:] [event:] [module:] --- [   scheduling-1] o.s.jdbc.core.JdbcTemplate               : Executing prepared SQL query
2026-06-08 13:36:00.127 DEBUG [trace:] [event:] [module:] --- [   scheduling-1] o.s.jdbc.core.JdbcTemplate               : Executing prepared SQL statement [    insert into analytics.log_file_index (
        module_code, file_name, file_path, compressed, from_ts, to_ts,
        line_count, size_bytes, checksum, last_modified_at, indexed_at,
        expires_at, status, error_count, warn_count, trace_count
    )
    values (
        ?, ?, ?, ?, ?, ?,
        ?, ?, ?, ?, now(),
        now() + (? * interval '1 day'), ?, ?, ?, ?
    )
    on conflict (file_path)
    do update set
        module_code = excluded.module_code,
        file_name = excluded.file_name,
        compressed = excluded.compressed,
        from_ts = excluded.from_ts,
        to_ts = excluded.to_ts,
        line_count = excluded.line_count,
        size_bytes = excluded.size_bytes,
        checksum = excluded.checksum,
        last_modified_at = excluded.last_modified_at,
        indexed_at = now(),
        expires_at = excluded.expires_at,
        status = excluded.status,
        error_count = excluded.error_count,
        warn_count = excluded.warn_count,
        trace_count = excluded.trace_count
    returning id
]
2026-06-08 13:36:00.135 DEBUG [trace:] [event:] [module:] --- [   scheduling-1] o.s.jdbc.core.JdbcTemplate               : Executing prepared SQL update
2026-06-08 13:36:00.135 DEBUG [trace:] [event:] [module:] --- [   scheduling-1] o.s.jdbc.core.JdbcTemplate               : Executing prepared SQL statement [delete from analytics.log_problem_excerpt where file_id = ?]
2026-06-08 13:36:00.135 DEBUG [trace:] [event:] [module:] --- [   scheduling-1] o.s.jdbc.core.JdbcTemplate               : Executing prepared SQL update
2026-06-08 13:36:00.135 DEBUG [trace:] [event:] [module:] --- [   scheduling-1] o.s.jdbc.core.JdbcTemplate               : Executing prepared SQL statement [delete from analytics.log_trace_index where file_id = ?]
2026-06-08 13:36:00.144 DEBUG [trace:] [event:] [module:] --- [   scheduling-1] o.s.jdbc.core.JdbcTemplate               : Executing prepared SQL update
2026-06-08 13:36:00.144 DEBUG [trace:] [event:] [module:] --- [   scheduling-1] o.s.jdbc.core.JdbcTemplate               : Executing prepared SQL statement [    insert into analytics.log_trace_index (
        trace_id, event_id, module_code, file_id, first_ts, last_ts,
        line_count, error_count, warn_count, has_error, top_sources, summary, indexed_at
    )
    values (
        ?, ?, ?, ?, ?, ?,
        ?, ?, ?, ?, ?, ?, now()
    )
]
2026-06-08 13:36:00.144 DEBUG [trace:] [event:] [module:] --- [   scheduling-1] o.s.jdbc.core.JdbcTemplate               : Executing prepared SQL update
2026-06-08 13:36:00.144 DEBUG [trace:] [event:] [module:] --- [   scheduling-1] o.s.jdbc.core.JdbcTemplate               : Executing prepared SQL statement [    insert into analytics.log_trace_index (
        trace_id, event_id, module_code, file_id, first_ts, last_ts,
        line_count, error_count, warn_count, has_error, top_sources, summary, indexed_at
    )
    values (
        ?, ?, ?, ?, ?, ?,
        ?, ?, ?, ?, ?, ?, now()
    )
]
2026-06-08 13:36:00.150 DEBUG [trace:] [event:] [module:] --- [   scheduling-1] o.s.jdbc.core.JdbcTemplate               : Executing prepared SQL update
2026-06-08 13:36:00.150 DEBUG [trace:] [event:] [module:] --- [   scheduling-1] o.s.jdbc.core.JdbcTemplate               : Executing prepared SQL statement [    insert into analytics.log_problem_excerpt (
        trace_id, event_id, module_code, file_id, timestamp,
        level, source, message_short, excerpt, line_number
    )
    values (
        ?, ?, ?, ?, ?,
        ?, ?, ?, ?, ?
    )
]
2026-06-08 13:36:00.151 DEBUG [trace:] [event:] [module:] --- [   scheduling-1] o.s.jdbc.core.JdbcTemplate               : Executing prepared SQL update
2026-06-08 13:36:00.151 DEBUG [trace:] [event:] [module:] --- [   scheduling-1] o.s.jdbc.core.JdbcTemplate               : Executing prepared SQL statement [    insert into analytics.log_problem_excerpt (
        trace_id, event_id, module_code, file_id, timestamp,
        level, source, message_short, excerpt, line_number
    )
    values (
        ?, ?, ?, ?, ?,
        ?, ?, ?, ?, ?
    )
]
2026-06-08 13:36:00.152 DEBUG [trace:] [event:] [module:] --- [   scheduling-1] o.s.jdbc.core.JdbcTemplate               : Executing prepared SQL query
2026-06-08 13:36:00.152 DEBUG [trace:] [event:] [module:] --- [   scheduling-1] o.s.jdbc.core.JdbcTemplate               : Executing prepared SQL statement [select to_regclass(?) is not null]
2026-06-08 13:36:00.152 DEBUG [trace:] [event:] [module:] --- [   scheduling-1] o.s.jdbc.core.JdbcTemplate               : Executing prepared SQL query
2026-06-08 13:36:00.152 DEBUG [trace:] [event:] [module:] --- [   scheduling-1] o.s.jdbc.core.JdbcTemplate               : Executing prepared SQL statement [    select size_bytes = ?
        and last_modified_at = ?
        and status not in ('INDEX_ERROR', 'SKIPPED_TOO_LARGE') as unchanged
    from analytics.log_file_index
    where file_path = ?
]
2026-06-08 13:36:00.256 DEBUG [trace:] [event:] [module:] --- [   scheduling-1] o.s.jdbc.core.JdbcTemplate               : Executing prepared SQL query
2026-06-08 13:36:00.256 DEBUG [trace:] [event:] [module:] --- [   scheduling-1] o.s.jdbc.core.JdbcTemplate               : Executing prepared SQL statement [    insert into analytics.log_file_index (
        module_code, file_name, file_path, compressed, from_ts, to_ts,
        line_count, size_bytes, checksum, last_modified_at, indexed_at,
        expires_at, status, error_count, warn_count, trace_count
    )
    values (
        ?, ?, ?, ?, ?, ?,
        ?, ?, ?, ?, now(),
        now() + (? * interval '1 day'), ?, ?, ?, ?
    )
    on conflict (file_path)
    do update set
        module_code = excluded.module_code,
        file_name = excluded.file_name,
        compressed = excluded.compressed,
        from_ts = excluded.from_ts,
        to_ts = excluded.to_ts,
        line_count = excluded.line_count,
        size_bytes = excluded.size_bytes,
        checksum = excluded.checksum,
        last_modified_at = excluded.last_modified_at,
        indexed_at = now(),
        expires_at = excluded.expires_at,
        status = excluded.status,
        error_count = excluded.error_count,
        warn_count = excluded.warn_count,
        trace_count = excluded.trace_count
    returning id
]
2026-06-08 13:36:00.257 DEBUG [trace:] [event:] [module:] --- [   scheduling-1] o.s.jdbc.core.JdbcTemplate               : Executing prepared SQL update
2026-06-08 13:36:00.257 DEBUG [trace:] [event:] [module:] --- [   scheduling-1] o.s.jdbc.core.JdbcTemplate               : Executing prepared SQL statement [delete from analytics.log_problem_excerpt where file_id = ?]
2026-06-08 13:36:00.258 DEBUG [trace:] [event:] [module:] --- [   scheduling-1] o.s.jdbc.core.JdbcTemplate               : Executing prepared SQL update
2026-06-08 13:36:00.258 DEBUG [trace:] [event:] [module:] --- [   scheduling-1] o.s.jdbc.core.JdbcTemplate               : Executing prepared SQL statement [delete from analytics.log_trace_index where file_id = ?]
2026-06-08 13:36:00.258 DEBUG [trace:] [event:] [module:] --- [   scheduling-1] o.s.jdbc.core.JdbcTemplate               : Executing prepared SQL update
2026-06-08 13:36:00.258 DEBUG [trace:] [event:] [module:] --- [   scheduling-1] o.s.jdbc.core.JdbcTemplate               : Executing prepared SQL statement [    insert into analytics.log_trace_index (
        trace_id, event_id, module_code, file_id, first_ts, last_ts,
        line_count, error_count, warn_count, has_error, top_sources, summary, indexed_at
    )
    values (
        ?, ?, ?, ?, ?, ?,
        ?, ?, ?, ?, ?, ?, now()
    )
]
2026-06-08 13:36:00.259 DEBUG [trace:] [event:] [module:] --- [   scheduling-1] o.s.jdbc.core.JdbcTemplate               : Executing prepared SQL update
2026-06-08 13:36:00.259 DEBUG [trace:] [event:] [module:] --- [   scheduling-1] o.s.jdbc.core.JdbcTemplate               : Executing prepared SQL statement [    insert into analytics.log_trace_index (
        trace_id, event_id, module_code, file_id, first_ts, last_ts,
        line_count, error_count, warn_count, has_error, top_sources, summary, indexed_at
    )
    values (
        ?, ?, ?, ?, ?, ?,
        ?, ?, ?, ?, ?, ?, now()
    )
]
2026-06-08 13:36:00.259 DEBUG [trace:] [event:] [module:] --- [   scheduling-1] o.s.jdbc.core.JdbcTemplate               : Executing prepared SQL update
2026-06-08 13:36:00.259 DEBUG [trace:] [event:] [module:] --- [   scheduling-1] o.s.jdbc.core.JdbcTemplate               : Executing prepared SQL statement [    insert into analytics.log_problem_excerpt (
        trace_id, event_id, module_code, file_id, timestamp,
        level, source, message_short, excerpt, line_number
    )
    values (
        ?, ?, ?, ?, ?,
        ?, ?, ?, ?, ?
    )
]
2026-06-08 13:36:00.259 DEBUG [trace:] [event:] [module:] --- [   scheduling-1] o.s.jdbc.core.JdbcTemplate               : Executing prepared SQL update
2026-06-08 13:36:00.260 DEBUG [trace:] [event:] [module:] --- [   scheduling-1] o.s.jdbc.core.JdbcTemplate               : Executing prepared SQL statement [    insert into analytics.log_problem_excerpt (
        trace_id, event_id, module_code, file_id, timestamp,
        level, source, message_short, excerpt, line_number
    )
    values (
        ?, ?, ?, ?, ?,
        ?, ?, ?, ?, ?
    )
]
2026-06-08 13:36:00.260 DEBUG [trace:] [event:] [module:] --- [   scheduling-1] o.s.jdbc.core.JdbcTemplate               : Executing prepared SQL query
2026-06-08 13:36:00.260 DEBUG [trace:] [event:] [module:] --- [   scheduling-1] o.s.jdbc.core.JdbcTemplate               : Executing prepared SQL statement [select to_regclass(?) is not null]
2026-06-08 13:36:00.261 DEBUG [trace:] [event:] [module:] --- [   scheduling-1] o.s.jdbc.core.JdbcTemplate               : Executing prepared SQL query
2026-06-08 13:36:00.261 DEBUG [trace:] [event:] [module:] --- [   scheduling-1] o.s.jdbc.core.JdbcTemplate               : Executing prepared SQL statement [    select size_bytes = ?
        and last_modified_at = ?
        and status not in ('INDEX_ERROR', 'SKIPPED_TOO_LARGE') as unchanged
    from analytics.log_file_index
    where file_path = ?
]
2026-06-08 13:36:00.261 DEBUG [trace:] [event:] [module:] --- [   scheduling-1] o.s.jdbc.core.JdbcTemplate               : Executing prepared SQL query
2026-06-08 13:36:00.261 DEBUG [trace:] [event:] [module:] --- [   scheduling-1] o.s.jdbc.core.JdbcTemplate               : Executing prepared SQL statement [select to_regclass(?) is not null]
2026-06-08 13:36:00.261 DEBUG [trace:] [event:] [module:] --- [   scheduling-1] o.s.jdbc.core.JdbcTemplate               : Executing prepared SQL update
2026-06-08 13:36:00.261 DEBUG [trace:] [event:] [module:] --- [   scheduling-1] o.s.jdbc.core.JdbcTemplate               : Executing prepared SQL statement [delete from analytics.log_file_index where expires_at is not null and expires_at < now()]
2026-06-08 13:36:00.265 DEBUG [trace:] [event:] [module:] --- [   scheduling-1] o.s.jdbc.core.JdbcTemplate               : Executing prepared SQL query
2026-06-08 13:36:00.265 DEBUG [trace:] [event:] [module:] --- [   scheduling-1] o.s.jdbc.core.JdbcTemplate               : Executing prepared SQL statement [select to_regclass(?) is not null]
2026-06-08 13:36:00.266 DEBUG [trace:] [event:] [module:] --- [   scheduling-1] o.s.jdbc.core.JdbcTemplate               : Executing prepared SQL query
2026-06-08 13:36:00.266 DEBUG [trace:] [event:] [module:] --- [   scheduling-1] o.s.jdbc.core.JdbcTemplate               : Executing prepared SQL statement [    select
        count(*) as indexed_files,
        count(*) filter (where status in ('MISSING', 'DELETED')) as missing_files,
        coalesce(sum(trace_count), 0) as trace_links,
        count(*) filter (where status = 'SKIPPED_TOO_LARGE') as skipped_too_large,
        count(*) filter (where status = 'INDEX_ERROR') as index_errors,
        max(indexed_at) as last_indexed_at
    from analytics.log_file_index
]
2026-06-08 13:36:00.266 DEBUG [trace:] [event:] [module:] --- [   scheduling-1] o.s.jdbc.core.JdbcTemplate               : Executing prepared SQL query
2026-06-08 13:36:00.266 DEBUG [trace:] [event:] [module:] --- [   scheduling-1] o.s.jdbc.core.JdbcTemplate               : Executing prepared SQL statement [select to_regclass(?) is not null]
2026-06-08 13:36:00.267 DEBUG [trace:] [event:] [module:] --- [   scheduling-1] o.s.jdbc.core.JdbcTemplate               : Executing prepared SQL query
2026-06-08 13:36:00.267 DEBUG [trace:] [event:] [module:] --- [   scheduling-1] o.s.jdbc.core.JdbcTemplate               : Executing prepared SQL statement [select count(*) from analytics.log_problem_excerpt]
2026-06-08 13:36:00.294 DEBUG [trace:] [event:] [module:] --- [   scheduling-1] o.s.jdbc.core.JdbcTemplate               : Executing prepared SQL query
2026-06-08 13:36:00.294 DEBUG [trace:] [event:] [module:] --- [   scheduling-1] o.s.jdbc.core.JdbcTemplate               : Executing prepared SQL statement [select to_regclass(?) is not null]
2026-06-08 13:36:00.295 DEBUG [trace:] [event:] [module:] --- [   scheduling-1] o.s.jdbc.core.JdbcTemplate               : Executing prepared SQL query
2026-06-08 13:36:00.295 DEBUG [trace:] [event:] [module:] --- [   scheduling-1] o.s.jdbc.core.JdbcTemplate               : Executing prepared SQL statement [    select file_name || ': ' || coalesce(checksum, status) as error_text
    from analytics.log_file_index
    where status in ('INDEX_ERROR', 'SKIPPED_TOO_LARGE')
    order by indexed_at desc nulls last
    limit 1
]
2026-06-08 13:36:00.298  INFO [trace:] [event:] [module:] --- [   scheduling-1] .e.g.a.s.AnalyticsLogArchiveIndexService : [LOG_INDEX] index run summary logDirectory=C:\Users\Natalia\Desktop\–î–ò–ü–õ–û–ú\GQW\logs\analytics\modules currentLogFilesFound=3 archiveLogFilesFound=0 indexed=2 pending=0 skippedTooLarge=0 errors=0 durationMs=291
2026-06-08 13:36:00.298  INFO [trace:] [event:] [module:] --- [   scheduling-1] .e.g.a.s.AnalyticsLogArchiveIndexService : [LOG_INDEX_DEBUG] index summary filesDiscovered=3 filesIndexed=1066 filesPending=0 filesSkippedTooLarge=0 filesIndexError=0 filesMissing=0 traceRowsCount=144968 excerptRowsCount=58539 lastIndexStartedAt=null lastIndexFinishedAt=2026-06-08T09:36:00.298992200Z lastError=null
2026-06-08 13:36:00.299 DEBUG [trace:] [event:] [module:] --- [   scheduling-1] o.s.jdbc.core.JdbcTemplate               : Executing prepared SQL query
2026-06-08 13:36:00.299 DEBUG [trace:] [event:] [module:] --- [   scheduling-1] o.s.jdbc.core.JdbcTemplate               : Executing prepared SQL statement [select to_regclass(?) is not null]
2026-06-08 13:36:00.299 DEBUG [trace:] [event:] [module:] --- [   scheduling-1] o.s.jdbc.core.JdbcTemplate               : Executing prepared SQL query
2026-06-08 13:36:00.299 DEBUG [trace:] [event:] [module:] --- [   scheduling-1] o.s.jdbc.core.JdbcTemplate               : Executing prepared SQL statement [select to_regclass(?) is not null]
2026-06-08 13:36:00.300 DEBUG [trace:] [event:] [module:] --- [   scheduling-1] o.s.jdbc.core.JdbcTemplate               : Executing prepared SQL update
2026-06-08 13:36:00.300 DEBUG [trace:] [event:] [module:] --- [   scheduling-1] o.s.jdbc.core.JdbcTemplate               : Executing prepared SQL statement [delete from analytics.filter_event_type_day where day_start >= ?]
2026-06-08 13:36:00.300 DEBUG [trace:] [event:] [module:] --- [   scheduling-1] o.s.jdbc.core.JdbcTemplate               : Executing prepared SQL update
2026-06-08 13:36:00.300 DEBUG [trace:] [event:] [module:] --- [   scheduling-1] o.s.jdbc.core.JdbcTemplate               : Executing prepared SQL statement [delete from analytics.filter_attr_value_day where day_start >= ?]
2026-06-08 13:36:00.391 DEBUG [trace:] [event:] [module:] --- [   scheduling-1] o.s.jdbc.core.JdbcTemplate               : Executing prepared SQL update
2026-06-08 13:36:00.391 DEBUG [trace:] [event:] [module:] --- [   scheduling-1] o.s.jdbc.core.JdbcTemplate               : Executing prepared SQL statement [    insert into analytics.filter_event_type_day (
        day_start,
        module_code,
        event_type_code,
        sample_count
    )
    select
        (e.started_at at time zone 'UTC')::date as day_start,
        e.module_code,
        e.event_type_code,
        count(*) as sample_count
    from analytics.event e
    where e.started_at >= ?
      and e.module_code is not null
      and e.event_type_code is not null
    group by 1, 2, 3
    on conflict (day_start, module_code, event_type_code)
    do update set sample_count = excluded.sample_count
]
2026-06-08 13:36:00.410 DEBUG [trace:] [event:] [module:] --- [   scheduling-1] o.s.jdbc.core.JdbcTemplate               : Executing prepared SQL update
2026-06-08 13:36:00.410 DEBUG [trace:] [event:] [module:] --- [   scheduling-1] o.s.jdbc.core.JdbcTemplate               : Executing prepared SQL statement [    insert into analytics.filter_attr_value_day (
        day_start,
        module_code,
        event_type_code,
        attribute_type_code,
        attribute_value,
        sample_count
    )
    select
        (e.started_at at time zone 'UTC')::date as day_start,
        e.module_code,
        e.event_type_code,
        a.attribute_type_code,
        left(trim(coalesce(nullif(a.attr_value, ''), nullif(a.attr_value_json, ''))), 255) as attribute_value,
        count(*) as sample_count
    from analytics.event_attribute a
    join analytics.event e on e.id = a.event_id
    where e.started_at >= ?
      and e.module_code is not null
      and e.event_type_code is not null
      and a.attribute_type_code is not null
      and trim(coalesce(nullif(a.attr_value, ''), nullif(a.attr_value_json, ''))) <> ''
    group by 1, 2, 3, 4, 5
    on conflict (day_start, module_code, event_type_code, attribute_type_code, attribute_value)
    do update set sample_count = excluded.sample_count
]
2026-06-08 13:36:02.037 DEBUG [trace:] [event:] [module:] --- [   scheduling-1] o.s.jdbc.core.JdbcTemplate               : Executing prepared SQL query
2026-06-08 13:36:02.037 DEBUG [trace:] [event:] [module:] --- [   scheduling-1] o.s.jdbc.core.JdbcTemplate               : Executing prepared SQL statement [    select count(*)
    from information_schema.tables
    where lower(table_schema) = ?
      and lower(table_name) = ?
]
2026-06-08 13:36:02.038 DEBUG [trace:] [event:] [module:] --- [   scheduling-1] o.s.jdbc.core.JdbcTemplate               : Executing prepared SQL query
2026-06-08 13:36:02.039 DEBUG [trace:] [event:] [module:] --- [   scheduling-1] o.s.jdbc.core.JdbcTemplate               : Executing prepared SQL statement [    select count(*)
    from information_schema.tables
    where lower(table_schema) = ?
      and lower(table_name) = ?
]
2026-06-08 13:36:02.040 DEBUG [trace:] [event:] [module:] --- [   scheduling-1] o.s.jdbc.core.JdbcTemplate               : Executing prepared SQL update
2026-06-08 13:36:02.040 DEBUG [trace:] [event:] [module:] --- [   scheduling-1] o.s.jdbc.core.JdbcTemplate               : Executing prepared SQL statement [    with doomed as (
        select id
        from analytics.event
        where started_at < ?
        order by started_at asc
        limit ?
    )
    delete from analytics.event_attribute a
    using doomed d
    where a.event_id = d.id
]
2026-06-08 13:36:02.040 DEBUG [trace:] [event:] [module:] --- [   scheduling-1] o.s.jdbc.core.JdbcTemplate               : Executing prepared SQL query
2026-06-08 13:36:02.040 DEBUG [trace:] [event:] [module:] --- [   scheduling-1] o.s.jdbc.core.JdbcTemplate               : Executing prepared SQL statement [    select count(*)
    from information_schema.tables
    where lower(table_schema) = ?
      and lower(table_name) = ?
]
2026-06-08 13:36:02.041 DEBUG [trace:] [event:] [module:] --- [   scheduling-1] o.s.jdbc.core.JdbcTemplate               : Executing prepared SQL query
2026-06-08 13:36:02.041 DEBUG [trace:] [event:] [module:] --- [   scheduling-1] o.s.jdbc.core.JdbcTemplate               : Executing prepared SQL statement [    select count(*)
    from information_schema.tables
    where lower(table_schema) = ?
      and lower(table_name) = ?
]
2026-06-08 13:36:02.042 DEBUG [trace:] [event:] [module:] --- [   scheduling-1] o.s.jdbc.core.JdbcTemplate               : Executing prepared SQL update
2026-06-08 13:36:02.042 DEBUG [trace:] [event:] [module:] --- [   scheduling-1] o.s.jdbc.core.JdbcTemplate               : Executing prepared SQL statement [    with doomed as (
        select id
        from analytics.event
        where started_at < ?
        order by started_at asc
        limit ?
    ),
    doomed_stage as (
        select s.id
        from analytics.stage s
        join doomed d on d.id = s.event_id
    )
    delete from analytics.stage_metric sm
    using doomed_stage ds
    where sm.stage_id = ds.id
]
2026-06-08 13:36:02.043 DEBUG [trace:] [event:] [module:] --- [   scheduling-1] o.s.jdbc.core.JdbcTemplate               : Executing prepared SQL query
2026-06-08 13:36:02.043 DEBUG [trace:] [event:] [module:] --- [   scheduling-1] o.s.jdbc.core.JdbcTemplate               : Executing prepared SQL statement [    select count(*)
    from information_schema.tables
    where lower(table_schema) = ?
      and lower(table_name) = ?
]
2026-06-08 13:36:02.044 DEBUG [trace:] [event:] [module:] --- [   scheduling-1] o.s.jdbc.core.JdbcTemplate               : Executing prepared SQL update
2026-06-08 13:36:02.044 DEBUG [trace:] [event:] [module:] --- [   scheduling-1] o.s.jdbc.core.JdbcTemplate               : Executing prepared SQL statement [    with doomed as (
        select id
        from analytics.event
        where started_at < ?
        order by started_at asc
        limit ?
    )
    delete from analytics.stage s
    using doomed d
    where s.event_id = d.id
]
2026-06-08 13:36:02.045 DEBUG [trace:] [event:] [module:] --- [   scheduling-1] o.s.jdbc.core.JdbcTemplate               : Executing prepared SQL update
2026-06-08 13:36:02.045 DEBUG [trace:] [event:] [module:] --- [   scheduling-1] o.s.jdbc.core.JdbcTemplate               : Executing prepared SQL statement [    with doomed as (
        select id
        from analytics.event
        where started_at < ?
        order by started_at asc
        limit ?
    )
    delete from analytics.event e
    using doomed d
    where e.id = d.id
]
2026-06-08 13:36:02.045 DEBUG [trace:] [event:] [module:] --- [   scheduling-1] o.s.jdbc.core.JdbcTemplate               : Executing prepared SQL query
2026-06-08 13:36:02.045 DEBUG [trace:] [event:] [module:] --- [   scheduling-1] o.s.jdbc.core.JdbcTemplate               : Executing prepared SQL statement [    select count(*)
    from information_schema.tables
    where lower(table_schema) = ?
      and lower(table_name) = ?
]
2026-06-08 13:36:02.046 DEBUG [trace:] [event:] [module:] --- [   scheduling-1] o.s.jdbc.core.JdbcTemplate               : Executing prepared SQL update
2026-06-08 13:36:02.046 DEBUG [trace:] [event:] [module:] --- [   scheduling-1] o.s.jdbc.core.JdbcTemplate               : Executing prepared SQL statement [delete from analytics.event_rollup_bucket where granularity_minutes = ? and bucket_start < ?]
2026-06-08 13:36:02.047 DEBUG [trace:] [event:] [module:] --- [   scheduling-1] o.s.jdbc.core.JdbcTemplate               : Executing prepared SQL update
2026-06-08 13:36:02.047 DEBUG [trace:] [event:] [module:] --- [   scheduling-1] o.s.jdbc.core.JdbcTemplate               : Executing prepared SQL statement [delete from analytics.event_rollup_bucket where granularity_minutes = ? and bucket_start < ?]
2026-06-08 13:36:02.047 DEBUG [trace:] [event:] [module:] --- [   scheduling-1] o.s.jdbc.core.JdbcTemplate               : Executing prepared SQL update
2026-06-08 13:36:02.047 DEBUG [trace:] [event:] [module:] --- [   scheduling-1] o.s.jdbc.core.JdbcTemplate               : Executing prepared SQL statement [delete from analytics.event_rollup_bucket where granularity_minutes = ? and bucket_start < ?]
2026-06-08 13:36:02.047 DEBUG [trace:] [event:] [module:] --- [   scheduling-1] o.s.jdbc.core.JdbcTemplate               : Executing prepared SQL update
2026-06-08 13:36:02.047 DEBUG [trace:] [event:] [module:] --- [   scheduling-1] o.s.jdbc.core.JdbcTemplate               : Executing prepared SQL statement [delete from analytics.event_rollup_bucket where granularity_minutes = ? and bucket_start < ?]
2026-06-08 13:36:02.048 DEBUG [trace:] [event:] [module:] --- [   scheduling-1] o.s.jdbc.core.JdbcTemplate               : Executing prepared SQL query
2026-06-08 13:36:02.048 DEBUG [trace:] [event:] [module:] --- [   scheduling-1] o.s.jdbc.core.JdbcTemplate               : Executing prepared SQL statement [    select count(*)
    from information_schema.tables
    where lower(table_schema) = ?
      and lower(table_name) = ?
]
2026-06-08 13:36:02.049 DEBUG [trace:] [event:] [module:] --- [   scheduling-1] o.s.jdbc.core.JdbcTemplate               : Executing prepared SQL update
2026-06-08 13:36:02.049 DEBUG [trace:] [event:] [module:] --- [   scheduling-1] o.s.jdbc.core.JdbcTemplate               : Executing prepared SQL statement [delete from analytics.stage_rollup_bucket where granularity_minutes = ? and bucket_start < ?]
2026-06-08 13:36:02.049 DEBUG [trace:] [event:] [module:] --- [   scheduling-1] o.s.jdbc.core.JdbcTemplate               : Executing prepared SQL update
2026-06-08 13:36:02.049 DEBUG [trace:] [event:] [module:] --- [   scheduling-1] o.s.jdbc.core.JdbcTemplate               : Executing prepared SQL statement [delete from analytics.stage_rollup_bucket where granularity_minutes = ? and bucket_start < ?]
2026-06-08 13:36:02.049 DEBUG [trace:] [event:] [module:] --- [   scheduling-1] o.s.jdbc.core.JdbcTemplate               : Executing prepared SQL update
2026-06-08 13:36:02.049 DEBUG [trace:] [event:] [module:] --- [   scheduling-1] o.s.jdbc.core.JdbcTemplate               : Executing prepared SQL statement [delete from analytics.stage_rollup_bucket where granularity_minutes = ? and bucket_start < ?]
2026-06-08 13:36:02.049 DEBUG [trace:] [event:] [module:] --- [   scheduling-1] o.s.jdbc.core.JdbcTemplate               : Executing prepared SQL update
2026-06-08 13:36:02.049 DEBUG [trace:] [event:] [module:] --- [   scheduling-1] o.s.jdbc.core.JdbcTemplate               : Executing prepared SQL statement [delete from analytics.stage_rollup_bucket where granularity_minutes = ? and bucket_start < ?]
2026-06-08 13:36:02.050 DEBUG [trace:] [event:] [module:] --- [   scheduling-1] o.s.jdbc.core.JdbcTemplate               : Executing prepared SQL query
2026-06-08 13:36:02.050 DEBUG [trace:] [event:] [module:] --- [   scheduling-1] o.s.jdbc.core.JdbcTemplate               : Executing prepared SQL statement [    select count(*)
    from information_schema.tables
    where lower(table_schema) = ?
      and lower(table_name) = ?
]
2026-06-08 13:36:02.050 DEBUG [trace:] [event:] [module:] --- [   scheduling-1] o.s.jdbc.core.JdbcTemplate               : Executing prepared SQL update
2026-06-08 13:36:02.050 DEBUG [trace:] [event:] [module:] --- [   scheduling-1] o.s.jdbc.core.JdbcTemplate               : Executing prepared SQL statement [delete from analytics.stage_metric_rollup_bucket where granularity_minutes = ? and bucket_start < ?]
2026-06-08 13:36:02.051 DEBUG [trace:] [event:] [module:] --- [   scheduling-1] o.s.jdbc.core.JdbcTemplate               : Executing prepared SQL update
2026-06-08 13:36:02.051 DEBUG [trace:] [event:] [module:] --- [   scheduling-1] o.s.jdbc.core.JdbcTemplate               : Executing prepared SQL statement [delete from analytics.stage_metric_rollup_bucket where granularity_minutes = ? and bucket_start < ?]
2026-06-08 13:36:02.051 DEBUG [trace:] [event:] [module:] --- [   scheduling-1] o.s.jdbc.core.JdbcTemplate               : Executing prepared SQL update
2026-06-08 13:36:02.051 DEBUG [trace:] [event:] [module:] --- [   scheduling-1] o.s.jdbc.core.JdbcTemplate               : Executing prepared SQL statement [delete from analytics.stage_metric_rollup_bucket where granularity_minutes = ? and bucket_start < ?]
2026-06-08 13:36:02.051 DEBUG [trace:] [event:] [module:] --- [   scheduling-1] o.s.jdbc.core.JdbcTemplate               : Executing prepared SQL update
2026-06-08 13:36:02.051 DEBUG [trace:] [event:] [module:] --- [   scheduling-1] o.s.jdbc.core.JdbcTemplate               : Executing prepared SQL statement [delete from analytics.stage_metric_rollup_bucket where granularity_minutes = ? and bucket_start < ?]
2026-06-08 13:36:02.051 DEBUG [trace:] [event:] [module:] --- [   scheduling-1] o.s.jdbc.core.JdbcTemplate               : Executing prepared SQL query
2026-06-08 13:36:02.051 DEBUG [trace:] [event:] [module:] --- [   scheduling-1] o.s.jdbc.core.JdbcTemplate               : Executing prepared SQL statement [    select count(*)
    from information_schema.tables
    where lower(table_schema) = ?
      and lower(table_name) = ?
]
2026-06-08 13:36:02.051 DEBUG [trace:] [event:] [module:] --- [   scheduling-1] o.s.jdbc.core.JdbcTemplate               : Executing prepared SQL update
2026-06-08 13:36:02.051 DEBUG [trace:] [event:] [module:] --- [   scheduling-1] o.s.jdbc.core.JdbcTemplate               : Executing prepared SQL statement [delete from analytics.filter_event_type_day where day_start < ?]
2026-06-08 13:36:02.051 DEBUG [trace:] [event:] [module:] --- [   scheduling-1] o.s.jdbc.core.JdbcTemplate               : Executing prepared SQL query
2026-06-08 13:36:02.051 DEBUG [trace:] [event:] [module:] --- [   scheduling-1] o.s.jdbc.core.JdbcTemplate               : Executing prepared SQL statement [    select count(*)
    from information_schema.tables
    where lower(table_schema) = ?
      and lower(table_name) = ?
]
2026-06-08 13:36:02.051 DEBUG [trace:] [event:] [module:] --- [   scheduling-1] o.s.jdbc.core.JdbcTemplate               : Executing prepared SQL update
2026-06-08 13:36:02.051 DEBUG [trace:] [event:] [module:] --- [   scheduling-1] o.s.jdbc.core.JdbcTemplate               : Executing prepared SQL statement [delete from analytics.filter_attr_value_day where day_start < ?]
2026-06-08 13:36:30.005 DEBUG [trace:] [event:] [module:] --- [   scheduling-1] o.s.jdbc.core.JdbcTemplate               : Executing prepared SQL query
2026-06-08 13:36:30.005 DEBUG [trace:] [event:] [module:] --- [   scheduling-1] o.s.jdbc.core.JdbcTemplate               : Executing prepared SQL statement [    select count(*)
    from INFORMATION_SCHEMA.TABLES
    where lower(TABLE_SCHEMA) = ?
      and lower(TABLE_NAME) = ?
]
2026-06-08 13:36:30.008 DEBUG [trace:] [event:] [module:] --- [   scheduling-1] o.s.jdbc.core.JdbcTemplate               : Executing prepared SQL query
2026-06-08 13:36:30.008 DEBUG [trace:] [event:] [module:] --- [   scheduling-1] o.s.jdbc.core.JdbcTemplate               : Executing prepared SQL statement [select setting_key, setting_value from analytics.runtime_setting]
2026-06-08 13:37:00.013 DEBUG [trace:] [event:] [module:] --- [   scheduling-1] o.s.jdbc.core.JdbcTemplate               : Executing prepared SQL query
2026-06-08 13:37:00.013 DEBUG [trace:] [event:] [module:] --- [   scheduling-1] o.s.jdbc.core.JdbcTemplate               : Executing prepared SQL statement [    select count(*)
    from INFORMATION_SCHEMA.TABLES
    where lower(TABLE_SCHEMA) = ?
      and lower(TABLE_NAME) = ?
]
2026-06-08 13:37:00.014 DEBUG [trace:] [event:] [module:] --- [   scheduling-1] o.s.jdbc.core.JdbcTemplate               : Executing prepared SQL query
2026-06-08 13:37:00.015 DEBUG [trace:] [event:] [module:] --- [   scheduling-1] o.s.jdbc.core.JdbcTemplate               : Executing prepared SQL statement [select setting_key, setting_value from analytics.runtime_setting]
2026-06-08 13:37:30.008 DEBUG [trace:] [event:] [module:] --- [   scheduling-1] o.s.jdbc.core.JdbcTemplate               : Executing prepared SQL query
2026-06-08 13:37:30.008 DEBUG [trace:] [event:] [module:] --- [   scheduling-1] o.s.jdbc.core.JdbcTemplate               : Executing prepared SQL statement [    select count(*)
    from INFORMATION_SCHEMA.TABLES
    where lower(TABLE_SCHEMA) = ?
      and lower(TABLE_NAME) = ?
]
2026-06-08 13:37:30.009 DEBUG [trace:] [event:] [module:] --- [   scheduling-1] o.s.jdbc.core.JdbcTemplate               : Executing prepared SQL query
2026-06-08 13:37:30.009 DEBUG [trace:] [event:] [module:] --- [   scheduling-1] o.s.jdbc.core.JdbcTemplate               : Executing prepared SQL statement [select setting_key, setting_value from analytics.runtime_setting]
2026-06-08 13:37:40.231  INFO [trace:] [event:] [module:] --- [nio-8080-exec-1] o.a.c.c.C.[Tomcat].[localhost].[/]       : Initializing Spring DispatcherServlet 'dispatcherServlet'
2026-06-08 13:37:40.231  INFO [trace:] [event:] [module:] --- [nio-8080-exec-1] o.s.web.servlet.DispatcherServlet        : Initializing Servlet 'dispatcherServlet'
2026-06-08 13:37:40.232 DEBUG [trace:] [event:] [module:] --- [nio-8080-exec-1] o.s.web.servlet.DispatcherServlet        : Detected StandardServletMultipartResolver
2026-06-08 13:37:40.232 DEBUG [trace:] [event:] [module:] --- [nio-8080-exec-1] o.s.web.servlet.DispatcherServlet        : Detected AcceptHeaderLocaleResolver
2026-06-08 13:37:40.233 DEBUG [trace:] [event:] [module:] --- [nio-8080-exec-1] o.s.web.servlet.DispatcherServlet        : Detected org.springframework.web.servlet.view.DefaultRequestToViewNameTranslator@3d576d9
2026-06-08 13:37:40.233 DEBUG [trace:] [event:] [module:] --- [nio-8080-exec-1] o.s.web.servlet.DispatcherServlet        : Detected org.springframework.web.servlet.support.SessionFlashMapManager@703a623f
2026-06-08 13:37:40.233 DEBUG [trace:] [event:] [module:] --- [nio-8080-exec-1] o.s.web.servlet.DispatcherServlet        : enableLoggingRequestDetails='false': request parameters and headers will be masked to prevent unsafe logging of potentially sensitive data
2026-06-08 13:37:40.233  INFO [trace:] [event:] [module:] --- [nio-8080-exec-1] o.s.web.servlet.DispatcherServlet        : Completed initialization in 2 ms
2026-06-08 13:37:40.246 DEBUG [trace:34bbd5c545ed4f3185dcd8d711d97083] [event:] [module:DEFAULT] --- [nio-8080-exec-1] o.s.web.servlet.DispatcherServlet        : GET "/", parameters={}
2026-06-08 13:37:40.250 DEBUG [trace:34bbd5c545ed4f3185dcd8d711d97083] [event:] [module:DEFAULT] --- [nio-8080-exec-1] s.w.s.m.m.a.RequestMappingHandlerMapping : Mapped to com.example.gqw.shop.controller.CatalogController#home(Model)
2026-06-08 13:37:40.259  INFO [trace:34bbd5c545ed4f3185dcd8d711d97083] [event:] [module:DEFAULT] --- [nio-8080-exec-1] c.e.gqw.shop.service.CatalogService      : Method started CatalogService.topCategories (operation='execute business operation', layer=SERVICE, traceId='34bbd5c545ed4f3185dcd8d711d97083', eventUid='').
2026-06-08 13:37:40.266  INFO [trace:34bbd5c545ed4f3185dcd8d711d97083] [event:] [module:DEFAULT] --- [nio-8080-exec-1] c.e.gqw.shop.service.CatalogService      : Method finished successfully CatalogService.topCategories: operation='execute business operation', layer=SERVICE, durationMs=7, traceId='34bbd5c545ed4f3185dcd8d711d97083', eventUid=''.
2026-06-08 13:37:40.268  INFO [trace:34bbd5c545ed4f3185dcd8d711d97083] [event:] [module:DEFAULT] --- [nio-8080-exec-1] c.e.gqw.shop.service.CurrentUserService  : Method started CurrentUserService.findCurrentUser (operation='read data', layer=SERVICE, traceId='34bbd5c545ed4f3185dcd8d711d97083', eventUid='').
2026-06-08 13:37:40.270  INFO [trace:34bbd5c545ed4f3185dcd8d711d97083] [event:] [module:DEFAULT] --- [nio-8080-exec-1] c.e.gqw.shop.service.CurrentUserService  : Method finished successfully CurrentUserService.findCurrentUser: operation='read data', layer=SERVICE, durationMs=1, traceId='34bbd5c545ed4f3185dcd8d711d97083', eventUid=''.
2026-06-08 13:37:40.271  INFO [trace:34bbd5c545ed4f3185dcd8d711d97083] [event:] [module:DEFAULT] --- [nio-8080-exec-1] c.e.gqw.shop.service.CurrentUserService  : Method started CurrentUserService.findCurrentUser (operation='read data', layer=SERVICE, traceId='34bbd5c545ed4f3185dcd8d711d97083', eventUid='').
2026-06-08 13:37:40.271  INFO [trace:34bbd5c545ed4f3185dcd8d711d97083] [event:] [module:DEFAULT] --- [nio-8080-exec-1] c.e.gqw.shop.service.CurrentUserService  : Method finished successfully CurrentUserService.findCurrentUser: operation='read data', layer=SERVICE, durationMs=0, traceId='34bbd5c545ed4f3185dcd8d711d97083', eventUid=''.
2026-06-08 13:37:40.282  INFO [trace:34bbd5c545ed4f3185dcd8d711d97083] [event:] [module:DEFAULT] --- [nio-8080-exec-1] c.e.gqw.shop.service.WishlistService     : Method started WishlistService.items (operation='read data', layer=SERVICE, traceId='34bbd5c545ed4f3185dcd8d711d97083', eventUid='').
2026-06-08 13:37:40.283  INFO [trace:34bbd5c545ed4f3185dcd8d711d97083] [event:] [module:DEFAULT] --- [nio-8080-exec-1] c.e.gqw.shop.service.CurrentUserService  : Method started CurrentUserService.findCurrentUser (operation='read data', layer=SERVICE, traceId='34bbd5c545ed4f3185dcd8d711d97083', eventUid='').
2026-06-08 13:37:40.284  INFO [trace:34bbd5c545ed4f3185dcd8d711d97083] [event:] [module:DEFAULT] --- [nio-8080-exec-1] c.e.gqw.shop.service.CurrentUserService  : Method finished successfully CurrentUserService.findCurrentUser: operation='read data', layer=SERVICE, durationMs=0, traceId='34bbd5c545ed4f3185dcd8d711d97083', eventUid=''.
2026-06-08 13:37:40.286  INFO [trace:34bbd5c545ed4f3185dcd8d711d97083] [event:] [module:DEFAULT] --- [nio-8080-exec-1] c.e.gqw.shop.service.WishlistService     : Method finished successfully WishlistService.items: operation='read data', layer=SERVICE, durationMs=4, traceId='34bbd5c545ed4f3185dcd8d711d97083', eventUid=''.
2026-06-08 13:37:40.287  INFO [trace:34bbd5c545ed4f3185dcd8d711d97083] [event:] [module:DEFAULT] --- [nio-8080-exec-1] c.example.gqw.shop.service.CartService   : Method started CartService.items (operation='read data', layer=SERVICE, traceId='34bbd5c545ed4f3185dcd8d711d97083', eventUid='').
2026-06-08 13:37:40.288  INFO [trace:34bbd5c545ed4f3185dcd8d711d97083] [event:] [module:DEFAULT] --- [nio-8080-exec-1] c.e.gqw.shop.service.CurrentUserService  : Method started CurrentUserService.findCurrentUser (operation='read data', layer=SERVICE, traceId='34bbd5c545ed4f3185dcd8d711d97083', eventUid='').
2026-06-08 13:37:40.288  INFO [trace:34bbd5c545ed4f3185dcd8d711d97083] [event:] [module:DEFAULT] --- [nio-8080-exec-1] c.e.gqw.shop.service.CurrentUserService  : Method finished successfully CurrentUserService.findCurrentUser: operation='read data', layer=SERVICE, durationMs=0, traceId='34bbd5c545ed4f3185dcd8d711d97083', eventUid=''.
2026-06-08 13:37:40.291  INFO [trace:34bbd5c545ed4f3185dcd8d711d97083] [event:] [module:DEFAULT] --- [nio-8080-exec-1] c.example.gqw.shop.service.CartService   : Method finished successfully CartService.items: operation='read data', layer=SERVICE, durationMs=3, traceId='34bbd5c545ed4f3185dcd8d711d97083', eventUid=''.
2026-06-08 13:37:40.293  INFO [trace:34bbd5c545ed4f3185dcd8d711d97083] [event:] [module:DEFAULT] --- [nio-8080-exec-1] c.e.gqw.shop.service.WishlistService     : Method started WishlistService.count (operation='count data', layer=SERVICE, traceId='34bbd5c545ed4f3185dcd8d711d97083', eventUid='').
2026-06-08 13:37:40.293  INFO [trace:34bbd5c545ed4f3185dcd8d711d97083] [event:] [module:DEFAULT] --- [nio-8080-exec-1] c.e.gqw.shop.service.CurrentUserService  : Method started CurrentUserService.findCurrentUser (operation='read data', layer=SERVICE, traceId='34bbd5c545ed4f3185dcd8d711d97083', eventUid='').
2026-06-08 13:37:40.294  INFO [trace:34bbd5c545ed4f3185dcd8d711d97083] [event:] [module:DEFAULT] --- [nio-8080-exec-1] c.e.gqw.shop.service.CurrentUserService  : Method finished successfully CurrentUserService.findCurrentUser: operation='read data', layer=SERVICE, durationMs=1, traceId='34bbd5c545ed4f3185dcd8d711d97083', eventUid=''.
2026-06-08 13:37:40.295  INFO [trace:34bbd5c545ed4f3185dcd8d711d97083] [event:] [module:DEFAULT] --- [nio-8080-exec-1] c.e.gqw.shop.service.WishlistService     : Method finished successfully WishlistService.count: operation='count data', layer=SERVICE, durationMs=3, traceId='34bbd5c545ed4f3185dcd8d711d97083', eventUid=''.
2026-06-08 13:37:40.296  INFO [trace:34bbd5c545ed4f3185dcd8d711d97083] [event:] [module:DEFAULT] --- [nio-8080-exec-1] c.example.gqw.shop.service.CartService   : Method started CartService.items (operation='read data', layer=SERVICE, traceId='34bbd5c545ed4f3185dcd8d711d97083', eventUid='').
2026-06-08 13:37:40.297  INFO [trace:34bbd5c545ed4f3185dcd8d711d97083] [event:] [module:DEFAULT] --- [nio-8080-exec-1] c.e.gqw.shop.service.CurrentUserService  : Method started CurrentUserService.findCurrentUser (operation='read data', layer=SERVICE, traceId='34bbd5c545ed4f3185dcd8d711d97083', eventUid='').
2026-06-08 13:37:40.297  INFO [trace:34bbd5c545ed4f3185dcd8d711d97083] [event:] [module:DEFAULT] --- [nio-8080-exec-1] c.e.gqw.shop.service.CurrentUserService  : Method finished successfully CurrentUserService.findCurrentUser: operation='read data', layer=SERVICE, durationMs=0, traceId='34bbd5c545ed4f3185dcd8d711d97083', eventUid=''.
2026-06-08 13:37:40.298  INFO [trace:34bbd5c545ed4f3185dcd8d711d97083] [event:] [module:DEFAULT] --- [nio-8080-exec-1] c.example.gqw.shop.service.CartService   : Method finished successfully CartService.items: operation='read data', layer=SERVICE, durationMs=2, traceId='34bbd5c545ed4f3185dcd8d711d97083', eventUid=''.
2026-06-08 13:37:40.299  INFO [trace:34bbd5c545ed4f3185dcd8d711d97083] [event:] [module:DEFAULT] --- [nio-8080-exec-1] c.e.gqw.shop.service.CatalogService      : Method started CatalogService.topCategories (operation='execute business operation', layer=SERVICE, traceId='34bbd5c545ed4f3185dcd8d711d97083', eventUid='').
2026-06-08 13:37:40.300  INFO [trace:34bbd5c545ed4f3185dcd8d711d97083] [event:] [module:DEFAULT] --- [nio-8080-exec-1] c.e.gqw.shop.service.CatalogService      : Method finished successfully CatalogService.topCategories: operation='execute business operation', layer=SERVICE, durationMs=1, traceId='34bbd5c545ed4f3185dcd8d711d97083', eventUid=''.
2026-06-08 13:37:40.301  INFO [trace:34bbd5c545ed4f3185dcd8d711d97083] [event:] [module:DEFAULT] --- [nio-8080-exec-1] c.e.gqw.shop.service.CatalogService      : Method started CatalogService.subcategoriesByParentId (operation='execute business operation', layer=SERVICE, traceId='34bbd5c545ed4f3185dcd8d711d97083', eventUid='').
2026-06-08 13:37:40.311  INFO [trace:34bbd5c545ed4f3185dcd8d711d97083] [event:] [module:DEFAULT] --- [nio-8080-exec-1] c.e.gqw.shop.service.CatalogService      : Method finished successfully CatalogService.subcategoriesByParentId: operation='execute business operation', layer=SERVICE, durationMs=10, traceId='34bbd5c545ed4f3185dcd8d711d97083', eventUid=''.
2026-06-08 13:37:40.314  INFO [trace:34bbd5c545ed4f3185dcd8d711d97083] [event:] [module:DEFAULT] --- [nio-8080-exec-1] c.e.gqw.shop.service.CurrentUserService  : Method started CurrentUserService.findCurrentUser (operation='read data', layer=SERVICE, traceId='34bbd5c545ed4f3185dcd8d711d97083', eventUid='').
2026-06-08 13:37:40.314  INFO [trace:34bbd5c545ed4f3185dcd8d711d97083] [event:] [module:DEFAULT] --- [nio-8080-exec-1] c.e.gqw.shop.service.CurrentUserService  : Method finished successfully CurrentUserService.findCurrentUser: operation='read data', layer=SERVICE, durationMs=0, traceId='34bbd5c545ed4f3185dcd8d711d97083', eventUid=''.
2026-06-08 13:37:40.402  INFO [trace:34bbd5c545ed4f3185dcd8d711d97083] [event:039b3f54-3766-4444-ae7a-505c9731a9cc] [module:SHOP] --- [nio-8080-exec-1] c.e.g.shop.controller.CatalogController  : Method started CatalogController.home (operation='handle incoming request', layer=CONTROLLER, traceId='34bbd5c545ed4f3185dcd8d711d97083', eventUid='039b3f54-3766-4444-ae7a-505c9731a9cc').
2026-06-08 13:37:40.408  INFO [trace:34bbd5c545ed4f3185dcd8d711d97083] [event:039b3f54-3766-4444-ae7a-505c9731a9cc] [module:SHOP] --- [nio-8080-exec-1] analytics.layer.stage                    : LAYER_STAGE_START stageId=9675157 layer=FACADE operation='CatalogFacade.homePage' traceId='34bbd5c545ed4f3185dcd8d711d97083' eventUid='039b3f54-3766-4444-ae7a-505c9731a9cc'
2026-06-08 13:37:40.412  INFO [trace:34bbd5c545ed4f3185dcd8d711d97083] [event:039b3f54-3766-4444-ae7a-505c9731a9cc] [module:SHOP] --- [nio-8080-exec-1] c.e.gqw.shop.service.CatalogService      : Method started CatalogService.featuredTopCategories (operation='execute business operation', layer=SERVICE, traceId='34bbd5c545ed4f3185dcd8d711d97083', eventUid='039b3f54-3766-4444-ae7a-505c9731a9cc').
2026-06-08 13:37:40.416  INFO [trace:34bbd5c545ed4f3185dcd8d711d97083] [event:039b3f54-3766-4444-ae7a-505c9731a9cc] [module:SHOP] --- [nio-8080-exec-1] analytics.layer.stage                    : LAYER_STAGE_START stageId=9675159 layer=PERSISTENCE operation='CatalogPersistence.topCategories' traceId='34bbd5c545ed4f3185dcd8d711d97083' eventUid='039b3f54-3766-4444-ae7a-505c9731a9cc'
2026-06-08 13:37:40.420  INFO [trace:34bbd5c545ed4f3185dcd8d711d97083] [event:039b3f54-3766-4444-ae7a-505c9731a9cc] [module:SHOP] --- [nio-8080-exec-1] analytics.db.stage                       : DB_STAGE_START stageId=9675160 method=CategoryRepository.findByParentIsNullAndIsPublishedTrueOrderByIdAsc traceId='34bbd5c545ed4f3185dcd8d711d97083' eventUid='039b3f54-3766-4444-ae7a-505c9731a9cc'
2026-06-08 13:37:40.428  INFO [trace:34bbd5c545ed4f3185dcd8d711d97083] [event:039b3f54-3766-4444-ae7a-505c9731a9cc] [module:SHOP] --- [nio-8080-exec-1] jdk.proxy3.$Proxy172                     : Database call completed successfully CategoryRepository.findByParentIsNullAndIsPublishedTrueOrderByIdAsc: layer=DATABASE, stageId=9675160, durationMs=8, traceId='34bbd5c545ed4f3185dcd8d711d97083', eventUid='039b3f54-3766-4444-ae7a-505c9731a9cc'.
2026-06-08 13:37:40.429  INFO [trace:34bbd5c545ed4f3185dcd8d711d97083] [event:039b3f54-3766-4444-ae7a-505c9731a9cc] [module:SHOP] --- [nio-8080-exec-1] analytics.db.stage                       : DB_STAGE_END stageId=9675160 method=CategoryRepository.findByParentIsNullAndIsPublishedTrueOrderByIdAsc durationMs=8 traceId='34bbd5c545ed4f3185dcd8d711d97083' eventUid='039b3f54-3766-4444-ae7a-505c9731a9cc'
2026-06-08 13:37:40.431  INFO [trace:34bbd5c545ed4f3185dcd8d711d97083] [event:039b3f54-3766-4444-ae7a-505c9731a9cc] [module:SHOP] --- [nio-8080-exec-1] analytics.layer.stage                    : LAYER_STAGE_END stageId=9675159 layer=PERSISTENCE operation='CatalogPersistence.topCategories' traceId='34bbd5c545ed4f3185dcd8d711d97083' eventUid='039b3f54-3766-4444-ae7a-505c9731a9cc'
2026-06-08 13:37:40.432  INFO [trace:34bbd5c545ed4f3185dcd8d711d97083] [event:039b3f54-3766-4444-ae7a-505c9731a9cc] [module:SHOP] --- [nio-8080-exec-1] c.e.gqw.shop.service.CatalogService      : Method finished successfully CatalogService.featuredTopCategories: operation='execute business operation', layer=SERVICE, durationMs=19, traceId='34bbd5c545ed4f3185dcd8d711d97083', eventUid='039b3f54-3766-4444-ae7a-505c9731a9cc'.
2026-06-08 13:37:40.441  INFO [trace:34bbd5c545ed4f3185dcd8d711d97083] [event:039b3f54-3766-4444-ae7a-505c9731a9cc] [module:SHOP] --- [nio-8080-exec-1] c.e.gqw.shop.service.CatalogService      : Method started CatalogService.latestProducts (operation='execute business operation', layer=SERVICE, traceId='34bbd5c545ed4f3185dcd8d711d97083', eventUid='039b3f54-3766-4444-ae7a-505c9731a9cc').
2026-06-08 13:37:40.444  INFO [trace:34bbd5c545ed4f3185dcd8d711d97083] [event:039b3f54-3766-4444-ae7a-505c9731a9cc] [module:SHOP] --- [nio-8080-exec-1] analytics.layer.stage                    : LAYER_STAGE_START stageId=9675162 layer=PERSISTENCE operation='CatalogPersistence.latestProducts' traceId='34bbd5c545ed4f3185dcd8d711d97083' eventUid='039b3f54-3766-4444-ae7a-505c9731a9cc'
2026-06-08 13:37:40.449  INFO [trace:34bbd5c545ed4f3185dcd8d711d97083] [event:039b3f54-3766-4444-ae7a-505c9731a9cc] [module:SHOP] --- [nio-8080-exec-1] analytics.db.stage                       : DB_STAGE_START stageId=9675163 method=ProductRepository.findTop20ByIsPublishedTrueOrderByCreatedAtDesc traceId='34bbd5c545ed4f3185dcd8d711d97083' eventUid='039b3f54-3766-4444-ae7a-505c9731a9cc'
2026-06-08 13:37:40.458  INFO [trace:34bbd5c545ed4f3185dcd8d711d97083] [event:039b3f54-3766-4444-ae7a-505c9731a9cc] [module:SHOP] --- [nio-8080-exec-1] jdk.proxy3.$Proxy171                     : Database call completed successfully ProductRepository.findTop20ByIsPublishedTrueOrderByCreatedAtDesc: layer=DATABASE, stageId=9675163, durationMs=10, traceId='34bbd5c545ed4f3185dcd8d711d97083', eventUid='039b3f54-3766-4444-ae7a-505c9731a9cc'.
2026-06-08 13:37:40.459  INFO [trace:34bbd5c545ed4f3185dcd8d711d97083] [event:039b3f54-3766-4444-ae7a-505c9731a9cc] [module:SHOP] --- [nio-8080-exec-1] analytics.db.stage                       : DB_STAGE_END stageId=9675163 method=ProductRepository.findTop20ByIsPublishedTrueOrderByCreatedAtDesc durationMs=10 traceId='34bbd5c545ed4f3185dcd8d711d97083' eventUid='039b3f54-3766-4444-ae7a-505c9731a9cc'
2026-06-08 13:37:40.461  INFO [trace:34bbd5c545ed4f3185dcd8d711d97083] [event:039b3f54-3766-4444-ae7a-505c9731a9cc] [module:SHOP] --- [nio-8080-exec-1] analytics.layer.stage                    : LAYER_STAGE_END stageId=9675162 layer=PERSISTENCE operation='CatalogPersistence.latestProducts' traceId='34bbd5c545ed4f3185dcd8d711d97083' eventUid='039b3f54-3766-4444-ae7a-505c9731a9cc'
2026-06-08 13:37:40.462  INFO [trace:34bbd5c545ed4f3185dcd8d711d97083] [event:039b3f54-3766-4444-ae7a-505c9731a9cc] [module:SHOP] --- [nio-8080-exec-1] c.e.gqw.shop.service.CatalogService      : Method finished successfully CatalogService.latestProducts: operation='execute business operation', layer=SERVICE, durationMs=21, traceId='34bbd5c545ed4f3185dcd8d711d97083', eventUid='039b3f54-3766-4444-ae7a-505c9731a9cc'.
2026-06-08 13:37:40.469  INFO [trace:34bbd5c545ed4f3185dcd8d711d97083] [event:039b3f54-3766-4444-ae7a-505c9731a9cc] [module:SHOP] --- [nio-8080-exec-1] c.e.gqw.shop.service.CatalogService      : Method started CatalogService.cardCharacteristics (operation='execute business operation', layer=SERVICE, traceId='34bbd5c545ed4f3185dcd8d711d97083', eventUid='039b3f54-3766-4444-ae7a-505c9731a9cc').
2026-06-08 13:37:40.473  INFO [trace:34bbd5c545ed4f3185dcd8d711d97083] [event:039b3f54-3766-4444-ae7a-505c9731a9cc] [module:SHOP] --- [nio-8080-exec-1] analytics.layer.stage                    : LAYER_STAGE_START stageId=9675165 layer=PERSISTENCE operation='CatalogPersistence.cardCharacteristics' traceId='34bbd5c545ed4f3185dcd8d711d97083' eventUid='039b3f54-3766-4444-ae7a-505c9731a9cc'
2026-06-08 13:37:40.478  INFO [trace:34bbd5c545ed4f3185dcd8d711d97083] [event:039b3f54-3766-4444-ae7a-505c9731a9cc] [module:SHOP] --- [nio-8080-exec-1] analytics.db.stage                       : DB_STAGE_START stageId=9675166 method=ProductCharacteristicRepository.findForProductsOrdered traceId='34bbd5c545ed4f3185dcd8d711d97083' eventUid='039b3f54-3766-4444-ae7a-505c9731a9cc'
2026-06-08 13:37:40.488  INFO [trace:34bbd5c545ed4f3185dcd8d711d97083] [event:039b3f54-3766-4444-ae7a-505c9731a9cc] [module:SHOP] --- [nio-8080-exec-1] jdk.proxy3.$Proxy174                     : Database call completed successfully ProductCharacteristicRepository.findForProductsOrdered: layer=DATABASE, stageId=9675166, durationMs=9, traceId='34bbd5c545ed4f3185dcd8d711d97083', eventUid='039b3f54-3766-4444-ae7a-505c9731a9cc'.
2026-06-08 13:37:40.488  INFO [trace:34bbd5c545ed4f3185dcd8d711d97083] [event:039b3f54-3766-4444-ae7a-505c9731a9cc] [module:SHOP] --- [nio-8080-exec-1] analytics.db.stage                       : DB_STAGE_END stageId=9675166 method=ProductCharacteristicRepository.findForProductsOrdered durationMs=9 traceId='34bbd5c545ed4f3185dcd8d711d97083' eventUid='039b3f54-3766-4444-ae7a-505c9731a9cc'
2026-06-08 13:37:40.490  INFO [trace:34bbd5c545ed4f3185dcd8d711d97083] [event:039b3f54-3766-4444-ae7a-505c9731a9cc] [module:SHOP] --- [nio-8080-exec-1] analytics.layer.stage                    : LAYER_STAGE_END stageId=9675165 layer=PERSISTENCE operation='CatalogPersistence.cardCharacteristics' traceId='34bbd5c545ed4f3185dcd8d711d97083' eventUid='039b3f54-3766-4444-ae7a-505c9731a9cc'
2026-06-08 13:37:40.491  INFO [trace:34bbd5c545ed4f3185dcd8d711d97083] [event:039b3f54-3766-4444-ae7a-505c9731a9cc] [module:SHOP] --- [nio-8080-exec-1] c.e.gqw.shop.service.CatalogService      : Method finished successfully CatalogService.cardCharacteristics: operation='execute business operation', layer=SERVICE, durationMs=21, traceId='34bbd5c545ed4f3185dcd8d711d97083', eventUid='039b3f54-3766-4444-ae7a-505c9731a9cc'.
2026-06-08 13:37:40.497  INFO [trace:34bbd5c545ed4f3185dcd8d711d97083] [event:039b3f54-3766-4444-ae7a-505c9731a9cc] [module:SHOP] --- [nio-8080-exec-1] analytics.layer.stage                    : LAYER_STAGE_END stageId=9675157 layer=FACADE operation='CatalogFacade.homePage' traceId='34bbd5c545ed4f3185dcd8d711d97083' eventUid='039b3f54-3766-4444-ae7a-505c9731a9cc'
2026-06-08 13:37:40.498  INFO [trace:34bbd5c545ed4f3185dcd8d711d97083] [event:039b3f54-3766-4444-ae7a-505c9731a9cc] [module:SHOP] --- [nio-8080-exec-1] c.e.g.shop.controller.CatalogController  : Method finished successfully CatalogController.home: operation='handle incoming request', layer=CONTROLLER, durationMs=95, traceId='34bbd5c545ed4f3185dcd8d711d97083', eventUid='039b3f54-3766-4444-ae7a-505c9731a9cc'.
2026-06-08 13:37:40.527 DEBUG [trace:34bbd5c545ed4f3185dcd8d711d97083] [event:] [module:DEFAULT] --- [nio-8080-exec-1] o.s.w.s.v.ContentNegotiatingViewResolver : Selected '*/*' given [*/*]
2026-06-08 13:37:40.796 DEBUG [trace:34bbd5c545ed4f3185dcd8d711d97083] [event:] [module:DEFAULT] --- [nio-8080-exec-1] o.s.web.servlet.DispatcherServlet        : Completed 200 OK
2026-06-08 13:38:00.002 DEBUG [trace:] [event:] [module:] --- [   scheduling-1] o.s.jdbc.core.JdbcTemplate               : Executing prepared SQL query
2026-06-08 13:38:00.002 DEBUG [trace:] [event:] [module:] --- [   scheduling-1] o.s.jdbc.core.JdbcTemplate               : Executing prepared SQL statement [    select count(*)
    from INFORMATION_SCHEMA.TABLES
    where lower(TABLE_SCHEMA) = ?
      and lower(TABLE_NAME) = ?
]
2026-06-08 13:38:00.003 DEBUG [trace:] [event:] [module:] --- [   scheduling-1] o.s.jdbc.core.JdbcTemplate               : Executing prepared SQL query
2026-06-08 13:38:00.003 DEBUG [trace:] [event:] [module:] --- [   scheduling-1] o.s.jdbc.core.JdbcTemplate               : Executing prepared SQL statement [select setting_key, setting_value from analytics.runtime_setting]
2026-06-08 13:38:30.004 DEBUG [trace:] [event:] [module:] --- [   scheduling-1] o.s.jdbc.core.JdbcTemplate               : Executing prepared SQL query
2026-06-08 13:38:30.004 DEBUG [trace:] [event:] [module:] --- [   scheduling-1] o.s.jdbc.core.JdbcTemplate               : Executing prepared SQL statement [    select count(*)
    from INFORMATION_SCHEMA.TABLES
    where lower(TABLE_SCHEMA) = ?
      and lower(TABLE_NAME) = ?
]
2026-06-08 13:38:30.005 DEBUG [trace:] [event:] [module:] --- [   scheduling-1] o.s.jdbc.core.JdbcTemplate               : Executing prepared SQL query
2026-06-08 13:38:30.006 DEBUG [trace:] [event:] [module:] --- [   scheduling-1] o.s.jdbc.core.JdbcTemplate               : Executing prepared SQL statement [select setting_key, setting_value from analytics.runtime_setting]
2026-06-08 13:39:00.014 DEBUG [trace:] [event:] [module:] --- [   scheduling-1] o.s.jdbc.core.JdbcTemplate               : Executing prepared SQL query
2026-06-08 13:39:00.014 DEBUG [trace:] [event:] [module:] --- [   scheduling-1] o.s.jdbc.core.JdbcTemplate               : Executing prepared SQL statement [    select count(*)
    from INFORMATION_SCHEMA.TABLES
    where lower(TABLE_SCHEMA) = ?
      and lower(TABLE_NAME) = ?
]
2026-06-08 13:39:00.015 DEBUG [trace:] [event:] [module:] --- [   scheduling-1] o.s.jdbc.core.JdbcTemplate               : Executing prepared SQL query
2026-06-08 13:39:00.015 DEBUG [trace:] [event:] [module:] --- [   scheduling-1] o.s.jdbc.core.JdbcTemplate               : Executing prepared SQL statement [select setting_key, setting_value from analytics.runtime_setting]
2026-06-08 13:39:30.001 DEBUG [trace:] [event:] [module:] --- [   scheduling-1] o.s.jdbc.core.JdbcTemplate               : Executing prepared SQL query
2026-06-08 13:39:30.001 DEBUG [trace:] [event:] [module:] --- [   scheduling-1] o.s.jdbc.core.JdbcTemplate               : Executing prepared SQL statement [    select count(*)
    from INFORMATION_SCHEMA.TABLES
    where lower(TABLE_SCHEMA) = ?
      and lower(TABLE_NAME) = ?
]
2026-06-08 13:39:30.002 DEBUG [trace:] [event:] [module:] --- [   scheduling-1] o.s.jdbc.core.JdbcTemplate               : Executing prepared SQL query
2026-06-08 13:39:30.002 DEBUG [trace:] [event:] [module:] --- [   scheduling-1] o.s.jdbc.core.JdbcTemplate               : Executing prepared SQL statement [select setting_key, setting_value from analytics.runtime_setting]
2026-06-08 13:39:36.317 DEBUG [trace:cbe8071d3b374ec49164f42bcabacfb9] [event:] [module:ADMIN] --- [nio-8080-exec-3] o.s.web.servlet.DispatcherServlet        : GET "/analytics-admin/login", parameters={}
2026-06-08 13:39:36.319 DEBUG [trace:cbe8071d3b374ec49164f42bcabacfb9] [event:] [module:ADMIN] --- [nio-8080-exec-3] s.w.s.m.m.a.RequestMappingHandlerMapping : Mapped to com.example.gqw.analytics.controller.AnalyticsAdminController#loginPage()
2026-06-08 13:39:36.325 DEBUG [trace:cbe8071d3b374ec49164f42bcabacfb9] [event:] [module:ADMIN] --- [nio-8080-exec-3] o.s.w.s.v.ContentNegotiatingViewResolver : Selected '*/*' given [*/*]
2026-06-08 13:39:36.329 DEBUG [trace:cbe8071d3b374ec49164f42bcabacfb9] [event:] [module:ADMIN] --- [nio-8080-exec-3] o.s.web.servlet.DispatcherServlet        : Completed 200 OK
2026-06-08 13:39:36.346 DEBUG [trace:484b0bebb8634e4d9195eccbb088163e] [event:] [module:ADMIN] --- [nio-8080-exec-4] o.s.web.servlet.DispatcherServlet        : GET "/analytics-admin/dashboard", parameters={}
2026-06-08 13:39:36.346 DEBUG [trace:484b0bebb8634e4d9195eccbb088163e] [event:] [module:ADMIN] --- [nio-8080-exec-4] s.w.s.m.m.a.RequestMappingHandlerMapping : Mapped to com.example.gqw.analytics.controller.AnalyticsAdminController#dashboard(Model, HttpServletRequest, String)
2026-06-08 13:39:36.347 DEBUG [trace:484b0bebb8634e4d9195eccbb088163e] [event:] [module:ADMIN] --- [nio-8080-exec-4] o.s.web.servlet.DispatcherServlet        : Completed 302 FOUND
2026-06-08 13:39:36.368 DEBUG [trace:0764546098734f98baa1948355207415] [event:] [module:ADMIN] --- [nio-8080-exec-2] o.s.web.servlet.DispatcherServlet        : GET "/analytics-admin/dictionaries", parameters={}
2026-06-08 13:39:36.368 DEBUG [trace:0764546098734f98baa1948355207415] [event:] [module:ADMIN] --- [nio-8080-exec-2] s.w.s.m.m.a.RequestMappingHandlerMapping : Mapped to com.example.gqw.analytics.controller.AnalyticsAdminController#dictionaries(Model, HttpServletRequest, String)
2026-06-08 13:39:36.369 DEBUG [trace:0764546098734f98baa1948355207415] [event:] [module:ADMIN] --- [nio-8080-exec-2] o.s.web.servlet.DispatcherServlet        : Completed 302 FOUND
2026-06-08 13:39:36.376 DEBUG [trace:d6e5c0ecce4944fdaa80054d919ffd1f] [event:] [module:ADMIN] --- [nio-8080-exec-6] o.s.web.servlet.DispatcherServlet        : GET "/analytics-admin/settings", parameters={}
2026-06-08 13:39:36.378 DEBUG [trace:d6e5c0ecce4944fdaa80054d919ffd1f] [event:] [module:ADMIN] --- [nio-8080-exec-6] o.s.w.s.handler.SimpleUrlHandlerMapping  : Mapped to ResourceHttpRequestHandler [classpath [META-INF/resources/], classpath [resources/], classpath [static/], classpath [public/], ServletContext [/]]
2026-06-08 13:39:36.380 DEBUG [trace:d6e5c0ecce4944fdaa80054d919ffd1f] [event:] [module:ADMIN] --- [nio-8080-exec-6] o.s.web.servlet.DispatcherServlet        : Completed 302 FOUND
2026-06-08 13:39:36.386 DEBUG [trace:1432290a127346b8944cd149be9b8933] [event:] [module:ADMIN] --- [nio-8080-exec-7] o.s.web.servlet.DispatcherServlet        : GET "/analytics-admin/compare", parameters={}
2026-06-08 13:39:36.387 DEBUG [trace:1432290a127346b8944cd149be9b8933] [event:] [module:ADMIN] --- [nio-8080-exec-7] o.s.w.s.handler.SimpleUrlHandlerMapping  : Mapped to ResourceHttpRequestHandler [classpath [META-INF/resources/], classpath [resources/], classpath [static/], classpath [public/], ServletContext [/]]
2026-06-08 13:39:36.388 DEBUG [trace:1432290a127346b8944cd149be9b8933] [event:] [module:ADMIN] --- [nio-8080-exec-7] o.s.web.servlet.DispatcherServlet        : Completed 302 FOUND
2026-06-08 13:39:36.394 DEBUG [trace:0cefc2f1c47d419c9e5f4eb0e2d16e69] [event:] [module:ADMIN] --- [nio-8080-exec-8] o.s.web.servlet.DispatcherServlet        : GET "/analytics-admin/diagnostics", parameters={}
2026-06-08 13:39:36.394 DEBUG [trace:0cefc2f1c47d419c9e5f4eb0e2d16e69] [event:] [module:ADMIN] --- [nio-8080-exec-8] o.s.w.s.handler.SimpleUrlHandlerMapping  : Mapped to ResourceHttpRequestHandler [classpath [META-INF/resources/], classpath [resources/], classpath [static/], classpath [public/], ServletContext [/]]
2026-06-08 13:39:36.395 DEBUG [trace:0cefc2f1c47d419c9e5f4eb0e2d16e69] [event:] [module:ADMIN] --- [nio-8080-exec-8] o.s.web.servlet.DispatcherServlet        : Completed 302 FOUND
2026-06-08 13:39:36.402 DEBUG [trace:913ffbe8b74049e79f6a9d2ca8892cf7] [event:] [module:ADMIN] --- [nio-8080-exec-9] o.s.web.servlet.DispatcherServlet        : GET "/analytics-admin/events", parameters={}
2026-06-08 13:39:36.403 DEBUG [trace:913ffbe8b74049e79f6a9d2ca8892cf7] [event:] [module:ADMIN] --- [nio-8080-exec-9] o.s.w.s.handler.SimpleUrlHandlerMapping  : Mapped to ResourceHttpRequestHandler [classpath [META-INF/resources/], classpath [resources/], classpath [static/], classpath [public/], ServletContext [/]]
2026-06-08 13:39:36.404 DEBUG [trace:913ffbe8b74049e79f6a9d2ca8892cf7] [event:] [module:ADMIN] --- [nio-8080-exec-9] o.s.web.servlet.DispatcherServlet        : Completed 302 FOUND
2026-06-08 13:40:00.006 DEBUG [trace:] [event:] [module:] --- [   scheduling-1] o.s.jdbc.core.JdbcTemplate               : Executing prepared SQL query
2026-06-08 13:40:00.006 DEBUG [trace:] [event:] [module:] --- [   scheduling-1] o.s.jdbc.core.JdbcTemplate               : Executing prepared SQL statement [    select count(*)
    from INFORMATION_SCHEMA.TABLES
    where lower(TABLE_SCHEMA) = ?
      and lower(TABLE_NAME) = ?
]
2026-06-08 13:40:00.007 DEBUG [trace:] [event:] [module:] --- [   scheduling-1] o.s.jdbc.core.JdbcTemplate               : Executing prepared SQL query
2026-06-08 13:40:00.007 DEBUG [trace:] [event:] [module:] --- [   scheduling-1] o.s.jdbc.core.JdbcTemplate               : Executing prepared SQL statement [select setting_key, setting_value from analytics.runtime_setting]
2026-06-08 13:40:30.014 DEBUG [trace:] [event:] [module:] --- [   scheduling-1] o.s.jdbc.core.JdbcTemplate               : Executing prepared SQL query
2026-06-08 13:40:30.014 DEBUG [trace:] [event:] [module:] --- [   scheduling-1] o.s.jdbc.core.JdbcTemplate               : Executing prepared SQL statement [    select count(*)
    from INFORMATION_SCHEMA.TABLES
    where lower(TABLE_SCHEMA) = ?
      and lower(TABLE_NAME) = ?
]
2026-06-08 13:40:30.015 DEBUG [trace:] [event:] [module:] --- [   scheduling-1] o.s.jdbc.core.JdbcTemplate               : Executing prepared SQL query
2026-06-08 13:40:30.015 DEBUG [trace:] [event:] [module:] --- [   scheduling-1] o.s.jdbc.core.JdbcTemplate               : Executing prepared SQL statement [select setting_key, setting_value from analytics.runtime_setting]
2026-06-08 13:41:00.009 DEBUG [trace:] [event:] [module:] --- [   scheduling-1] o.s.jdbc.core.JdbcTemplate               : Executing prepared SQL query
2026-06-08 13:41:00.009 DEBUG [trace:] [event:] [module:] --- [   scheduling-1] o.s.jdbc.core.JdbcTemplate               : Executing prepared SQL statement [    select count(*)
    from INFORMATION_SCHEMA.TABLES
    where lower(TABLE_SCHEMA) = ?
      and lower(TABLE_NAME) = ?
]
2026-06-08 13:41:00.010 DEBUG [trace:] [event:] [module:] --- [   scheduling-1] o.s.jdbc.core.JdbcTemplate               : Executing prepared SQL query
2026-06-08 13:41:00.010 DEBUG [trace:] [event:] [module:] --- [   scheduling-1] o.s.jdbc.core.JdbcTemplate               : Executing prepared SQL statement [select setting_key, setting_value from analytics.runtime_setting]
2026-06-08 13:41:00.010 DEBUG [trace:] [event:] [module:] --- [   scheduling-1] o.s.jdbc.core.JdbcTemplate               : Executing prepared SQL query
2026-06-08 13:41:00.010 DEBUG [trace:] [event:] [module:] --- [   scheduling-1] o.s.jdbc.core.JdbcTemplate               : Executing prepared SQL statement [select to_regclass(?) is not null]
2026-06-08 13:41:00.011 DEBUG [trace:] [event:] [module:] --- [   scheduling-1] o.s.jdbc.core.JdbcTemplate               : Executing prepared SQL query
2026-06-08 13:41:00.011 DEBUG [trace:] [event:] [module:] --- [   scheduling-1] o.s.jdbc.core.JdbcTemplate               : Executing prepared SQL statement [select to_regclass(?) is not null]
2026-06-08 13:41:00.011 DEBUG [trace:] [event:] [module:] --- [   scheduling-1] o.s.jdbc.core.JdbcTemplate               : Executing prepared SQL query
2026-06-08 13:41:00.011 DEBUG [trace:] [event:] [module:] --- [   scheduling-1] o.s.jdbc.core.JdbcTemplate               : Executing prepared SQL statement [    select watermark_at
    from analytics.time_rollup_watermark
    where scope_code = ?
      and granularity_minutes = ?
]
2026-06-08 13:41:00.012 DEBUG [trace:] [event:] [module:] --- [   scheduling-1] o.s.jdbc.core.JdbcTemplate               : Executing prepared SQL update
2026-06-08 13:41:00.012 DEBUG [trace:] [event:] [module:] --- [   scheduling-1] o.s.jdbc.core.JdbcTemplate               : Executing prepared SQL statement [    delete from analytics.stage_metric_rollup_bucket
    where granularity_minutes = ?
      and bucket_start >= ?
      and bucket_start < ?
]
2026-06-08 13:41:00.014 DEBUG [trace:] [event:] [module:] --- [   scheduling-1] o.s.jdbc.core.JdbcTemplate               : Executing prepared SQL update
2026-06-08 13:41:00.014 DEBUG [trace:] [event:] [module:] --- [   scheduling-1] o.s.jdbc.core.JdbcTemplate               : Executing prepared SQL statement [    insert into analytics.stage_metric_rollup_bucket (
        bucket_start,
        granularity_minutes,
        module_code,
        event_type_code,
        stage_type_code,
        metric_type_code,
        unit,
        sample_count,
        numeric_count,
        numeric_sum,
        p95_value,
        min_value,
        max_value
    )
    select
        date_bin(
            (? || ' minutes')::interval,
            sm.recorded_at,
            ?
        ) as bucket_start,
        ? as granularity_minutes,
        coalesce(e.module_code, ?) as module_code,
        e.event_type_code,
        s.stage_type_code,
        sm.metric_type_code,
        min(nullif(trim(sm.unit), '')) as unit,
        count(*) as sample_count,
        count(sm.metric_value_num) as numeric_count,
        coalesce(sum(sm.metric_value_num), 0)::numeric(20, 3) as numeric_sum,
        coalesce(
            percentile_cont(0.95) within group (order by sm.metric_value_num)
                filter (where sm.metric_value_num is not null),
            0
        )::numeric(20, 3) as p95_value,
        min(sm.metric_value_num) as min_value,
        max(sm.metric_value_num) as max_value
    from analytics.stage_metric sm
    join analytics.stage s on s.id = sm.stage_id
    join analytics.event e on e.id = s.event_id
    where sm.recorded_at >= ?
      and sm.recorded_at < ?
      and e.event_type_code is not null
      and s.stage_type_code is not null
      and sm.metric_type_code is not null
    group by 1, 3, 4, 5, 6
    on conflict (
        bucket_start,
        granularity_minutes,
        module_code,
        event_type_code,
        stage_type_code,
        metric_type_code
    )
    do update set
        unit = excluded.unit,
        sample_count = excluded.sample_count,
        numeric_count = excluded.numeric_count,
        numeric_sum = excluded.numeric_sum,
        p95_value = excluded.p95_value,
        min_value = excluded.min_value,
        max_value = excluded.max_value
]
2026-06-08 13:41:00.017 DEBUG [trace:] [event:] [module:] --- [   scheduling-1] o.s.jdbc.core.JdbcTemplate               : Executing prepared SQL update
2026-06-08 13:41:00.017 DEBUG [trace:] [event:] [module:] --- [   scheduling-1] o.s.jdbc.core.JdbcTemplate               : Executing prepared SQL statement [    insert into analytics.time_rollup_watermark (
        scope_code,
        granularity_minutes,
        watermark_at,
        updated_at
    )
    values (
        ?,
        ?,
        ?,
        now()
    )
    on conflict (scope_code, granularity_minutes)
    do update set
        watermark_at = excluded.watermark_at,
        updated_at = now()
]
2026-06-08 13:41:00.024 DEBUG [trace:] [event:] [module:] --- [   scheduling-1] o.s.jdbc.core.JdbcTemplate               : Executing prepared SQL query
2026-06-08 13:41:00.025 DEBUG [trace:] [event:] [module:] --- [   scheduling-1] o.s.jdbc.core.JdbcTemplate               : Executing prepared SQL statement [    select watermark_at
    from analytics.time_rollup_watermark
    where scope_code = ?
      and granularity_minutes = ?
]
2026-06-08 13:41:00.025 DEBUG [trace:] [event:] [module:] --- [   scheduling-1] o.s.jdbc.core.JdbcTemplate               : Executing prepared SQL update
2026-06-08 13:41:00.025 DEBUG [trace:] [event:] [module:] --- [   scheduling-1] o.s.jdbc.core.JdbcTemplate               : Executing prepared SQL statement [    delete from analytics.stage_metric_rollup_bucket
    where granularity_minutes = ?
      and bucket_start >= ?
      and bucket_start < ?
]
2026-06-08 13:41:00.025 DEBUG [trace:] [event:] [module:] --- [   scheduling-1] o.s.jdbc.core.JdbcTemplate               : Executing prepared SQL update
2026-06-08 13:41:00.025 DEBUG [trace:] [event:] [module:] --- [   scheduling-1] o.s.jdbc.core.JdbcTemplate               : Executing prepared SQL statement [    insert into analytics.stage_metric_rollup_bucket (
        bucket_start,
        granularity_minutes,
        module_code,
        event_type_code,
        stage_type_code,
        metric_type_code,
        unit,
        sample_count,
        numeric_count,
        numeric_sum,
        p95_value,
        min_value,
        max_value
    )
    select
        date_bin(
            (? || ' minutes')::interval,
            sm.recorded_at,
            ?
        ) as bucket_start,
        ? as granularity_minutes,
        coalesce(e.module_code, ?) as module_code,
        e.event_type_code,
        s.stage_type_code,
        sm.metric_type_code,
        min(nullif(trim(sm.unit), '')) as unit,
        count(*) as sample_count,
        count(sm.metric_value_num) as numeric_count,
        coalesce(sum(sm.metric_value_num), 0)::numeric(20, 3) as numeric_sum,
        coalesce(
            percentile_cont(0.95) within group (order by sm.metric_value_num)
                filter (where sm.metric_value_num is not null),
            0
        )::numeric(20, 3) as p95_value,
        min(sm.metric_value_num) as min_value,
        max(sm.metric_value_num) as max_value
    from analytics.stage_metric sm
    join analytics.stage s on s.id = sm.stage_id
    join analytics.event e on e.id = s.event_id
    where sm.recorded_at >= ?
      and sm.recorded_at < ?
      and e.event_type_code is not null
      and s.stage_type_code is not null
      and sm.metric_type_code is not null
    group by 1, 3, 4, 5, 6
    on conflict (
        bucket_start,
        granularity_minutes,
        module_code,
        event_type_code,
        stage_type_code,
        metric_type_code
    )
    do update set
        unit = excluded.unit,
        sample_count = excluded.sample_count,
        numeric_count = excluded.numeric_count,
        numeric_sum = excluded.numeric_sum,
        p95_value = excluded.p95_value,
        min_value = excluded.min_value,
        max_value = excluded.max_value
]
2026-06-08 13:41:00.028 DEBUG [trace:] [event:] [module:] --- [   scheduling-1] o.s.jdbc.core.JdbcTemplate               : Executing prepared SQL update
2026-06-08 13:41:00.028 DEBUG [trace:] [event:] [module:] --- [   scheduling-1] o.s.jdbc.core.JdbcTemplate               : Executing prepared SQL statement [    insert into analytics.time_rollup_watermark (
        scope_code,
        granularity_minutes,
        watermark_at,
        updated_at
    )
    values (
        ?,
        ?,
        ?,
        now()
    )
    on conflict (scope_code, granularity_minutes)
    do update set
        watermark_at = excluded.watermark_at,
        updated_at = now()
]
2026-06-08 13:41:00.028 DEBUG [trace:] [event:] [module:] --- [   scheduling-1] o.s.jdbc.core.JdbcTemplate               : Executing prepared SQL query
2026-06-08 13:41:00.028 DEBUG [trace:] [event:] [module:] --- [   scheduling-1] o.s.jdbc.core.JdbcTemplate               : Executing prepared SQL statement [    select watermark_at
    from analytics.time_rollup_watermark
    where scope_code = ?
      and granularity_minutes = ?
]
2026-06-08 13:41:00.029 DEBUG [trace:] [event:] [module:] --- [   scheduling-1] o.s.jdbc.core.JdbcTemplate               : Executing prepared SQL update
2026-06-08 13:41:00.029 DEBUG [trace:] [event:] [module:] --- [   scheduling-1] o.s.jdbc.core.JdbcTemplate               : Executing prepared SQL statement [    delete from analytics.stage_metric_rollup_bucket
    where granularity_minutes = ?
      and bucket_start >= ?
      and bucket_start < ?
]
2026-06-08 13:41:00.029 DEBUG [trace:] [event:] [module:] --- [   scheduling-1] o.s.jdbc.core.JdbcTemplate               : Executing prepared SQL update
2026-06-08 13:41:00.029 DEBUG [trace:] [event:] [module:] --- [   scheduling-1] o.s.jdbc.core.JdbcTemplate               : Executing prepared SQL statement [    insert into analytics.stage_metric_rollup_bucket (
        bucket_start,
        granularity_minutes,
        module_code,
        event_type_code,
        stage_type_code,
        metric_type_code,
        unit,
        sample_count,
        numeric_count,
        numeric_sum,
        p95_value,
        min_value,
        max_value
    )
    select
        date_bin(
            (? || ' minutes')::interval,
            sm.recorded_at,
            ?
        ) as bucket_start,
        ? as granularity_minutes,
        coalesce(e.module_code, ?) as module_code,
        e.event_type_code,
        s.stage_type_code,
        sm.metric_type_code,
        min(nullif(trim(sm.unit), '')) as unit,
        count(*) as sample_count,
        count(sm.metric_value_num) as numeric_count,
        coalesce(sum(sm.metric_value_num), 0)::numeric(20, 3) as numeric_sum,
        coalesce(
            percentile_cont(0.95) within group (order by sm.metric_value_num)
                filter (where sm.metric_value_num is not null),
            0
        )::numeric(20, 3) as p95_value,
        min(sm.metric_value_num) as min_value,
        max(sm.metric_value_num) as max_value
    from analytics.stage_metric sm
    join analytics.stage s on s.id = sm.stage_id
    join analytics.event e on e.id = s.event_id
    where sm.recorded_at >= ?
      and sm.recorded_at < ?
      and e.event_type_code is not null
      and s.stage_type_code is not null
      and sm.metric_type_code is not null
    group by 1, 3, 4, 5, 6
    on conflict (
        bucket_start,
        granularity_minutes,
        module_code,
        event_type_code,
        stage_type_code,
        metric_type_code
    )
    do update set
        unit = excluded.unit,
        sample_count = excluded.sample_count,
        numeric_count = excluded.numeric_count,
        numeric_sum = excluded.numeric_sum,
        p95_value = excluded.p95_value,
        min_value = excluded.min_value,
        max_value = excluded.max_value
]
2026-06-08 13:41:00.030 DEBUG [trace:] [event:] [module:] --- [   scheduling-1] o.s.jdbc.core.JdbcTemplate               : Executing prepared SQL update
2026-06-08 13:41:00.030 DEBUG [trace:] [event:] [module:] --- [   scheduling-1] o.s.jdbc.core.JdbcTemplate               : Executing prepared SQL statement [    insert into analytics.time_rollup_watermark (
        scope_code,
        granularity_minutes,
        watermark_at,
        updated_at
    )
    values (
        ?,
        ?,
        ?,
        now()
    )
    on conflict (scope_code, granularity_minutes)
    do update set
        watermark_at = excluded.watermark_at,
        updated_at = now()
]
2026-06-08 13:41:00.030 DEBUG [trace:] [event:] [module:] --- [   scheduling-1] o.s.jdbc.core.JdbcTemplate               : Executing prepared SQL query
2026-06-08 13:41:00.030 DEBUG [trace:] [event:] [module:] --- [   scheduling-1] o.s.jdbc.core.JdbcTemplate               : Executing prepared SQL statement [    select watermark_at
    from analytics.time_rollup_watermark
    where scope_code = ?
      and granularity_minutes = ?
]
2026-06-08 13:41:00.030 DEBUG [trace:] [event:] [module:] --- [   scheduling-1] o.s.jdbc.core.JdbcTemplate               : Executing prepared SQL update
2026-06-08 13:41:00.030 DEBUG [trace:] [event:] [module:] --- [   scheduling-1] o.s.jdbc.core.JdbcTemplate               : Executing prepared SQL statement [    delete from analytics.stage_metric_rollup_bucket
    where granularity_minutes = ?
      and bucket_start >= ?
      and bucket_start < ?
]
2026-06-08 13:41:00.031 DEBUG [trace:] [event:] [module:] --- [   scheduling-1] o.s.jdbc.core.JdbcTemplate               : Executing prepared SQL update
2026-06-08 13:41:00.031 DEBUG [trace:] [event:] [module:] --- [   scheduling-1] o.s.jdbc.core.JdbcTemplate               : Executing prepared SQL statement [    insert into analytics.stage_metric_rollup_bucket (
        bucket_start,
        granularity_minutes,
        module_code,
        event_type_code,
        stage_type_code,
        metric_type_code,
        unit,
        sample_count,
        numeric_count,
        numeric_sum,
        p95_value,
        min_value,
        max_value
    )
    select
        date_bin(
            (? || ' minutes')::interval,
            sm.recorded_at,
            ?
        ) as bucket_start,
        ? as granularity_minutes,
        coalesce(e.module_code, ?) as module_code,
        e.event_type_code,
        s.stage_type_code,
        sm.metric_type_code,
        min(nullif(trim(sm.unit), '')) as unit,
        count(*) as sample_count,
        count(sm.metric_value_num) as numeric_count,
        coalesce(sum(sm.metric_value_num), 0)::numeric(20, 3) as numeric_sum,
        coalesce(
            percentile_cont(0.95) within group (order by sm.metric_value_num)
                filter (where sm.metric_value_num is not null),
            0
        )::numeric(20, 3) as p95_value,
        min(sm.metric_value_num) as min_value,
        max(sm.metric_value_num) as max_value
    from analytics.stage_metric sm
    join analytics.stage s on s.id = sm.stage_id
    join analytics.event e on e.id = s.event_id
    where sm.recorded_at >= ?
      and sm.recorded_at < ?
      and e.event_type_code is not null
      and s.stage_type_code is not null
      and sm.metric_type_code is not null
    group by 1, 3, 4, 5, 6
    on conflict (
        bucket_start,
        granularity_minutes,
        module_code,
        event_type_code,
        stage_type_code,
        metric_type_code
    )
    do update set
        unit = excluded.unit,
        sample_count = excluded.sample_count,
        numeric_count = excluded.numeric_count,
        numeric_sum = excluded.numeric_sum,
        p95_value = excluded.p95_value,
        min_value = excluded.min_value,
        max_value = excluded.max_value
]
2026-06-08 13:41:07.107 DEBUG [trace:] [event:] [module:] --- [   scheduling-1] o.s.jdbc.core.JdbcTemplate               : Executing prepared SQL update
2026-06-08 13:41:07.107 DEBUG [trace:] [event:] [module:] --- [   scheduling-1] o.s.jdbc.core.JdbcTemplate               : Executing prepared SQL statement [    insert into analytics.time_rollup_watermark (
        scope_code,
        granularity_minutes,
        watermark_at,
        updated_at
    )
    values (
        ?,
        ?,
        ?,
        now()
    )
    on conflict (scope_code, granularity_minutes)
    do update set
        watermark_at = excluded.watermark_at,
        updated_at = now()
]
2026-06-08 13:41:07.109 DEBUG [trace:] [event:] [module:] --- [   scheduling-1] o.s.jdbc.core.JdbcTemplate               : Executing prepared SQL query
2026-06-08 13:41:07.109 DEBUG [trace:] [event:] [module:] --- [   scheduling-1] o.s.jdbc.core.JdbcTemplate               : Executing prepared SQL statement [select to_regclass(?) is not null]
2026-06-08 13:41:07.110 DEBUG [trace:] [event:] [module:] --- [   scheduling-1] o.s.jdbc.core.JdbcTemplate               : Executing prepared SQL query
2026-06-08 13:41:07.110 DEBUG [trace:] [event:] [module:] --- [   scheduling-1] o.s.jdbc.core.JdbcTemplate               : Executing prepared SQL statement [select to_regclass(?) is not null]
2026-06-08 13:41:07.110 DEBUG [trace:] [event:] [module:] --- [   scheduling-1] o.s.jdbc.core.JdbcTemplate               : Executing prepared SQL query
2026-06-08 13:41:07.111 DEBUG [trace:] [event:] [module:] --- [   scheduling-1] o.s.jdbc.core.JdbcTemplate               : Executing prepared SQL statement [select to_regclass(?) is not null]
2026-06-08 13:41:07.111 DEBUG [trace:] [event:] [module:] --- [   scheduling-1] o.s.jdbc.core.JdbcTemplate               : Executing prepared SQL query
2026-06-08 13:41:07.111 DEBUG [trace:] [event:] [module:] --- [   scheduling-1] o.s.jdbc.core.JdbcTemplate               : Executing prepared SQL statement [    select watermark_at
    from analytics.time_rollup_watermark
    where scope_code = ?
      and granularity_minutes = ?
]
2026-06-08 13:41:07.111 DEBUG [trace:] [event:] [module:] --- [   scheduling-1] o.s.jdbc.core.JdbcTemplate               : Executing prepared SQL update
2026-06-08 13:41:07.111 DEBUG [trace:] [event:] [module:] --- [   scheduling-1] o.s.jdbc.core.JdbcTemplate               : Executing prepared SQL statement [    delete from analytics.event_rollup_bucket
    where granularity_minutes = ?
      and bucket_start >= ?
      and bucket_start < ?
]
2026-06-08 13:41:07.112 DEBUG [trace:] [event:] [module:] --- [   scheduling-1] o.s.jdbc.core.JdbcTemplate               : Executing prepared SQL update
2026-06-08 13:41:07.112 DEBUG [trace:] [event:] [module:] --- [   scheduling-1] o.s.jdbc.core.JdbcTemplate               : Executing prepared SQL statement [    insert into analytics.event_rollup_bucket (
        bucket_start,
        granularity_minutes,
        module_code,
        event_type_code,
        sample_count,
        error_count,
        duration_sum,
        avg_ms,
        p95_ms,
        p99_ms,
        max_ms
    )
    select
        date_bin(
            (? || ' minutes')::interval,
            e.started_at,
            ?
        ) as bucket_start,
        ? as granularity_minutes,
        coalesce(e.module_code, ?) as module_code,
        e.event_type_code,
        count(*) as sample_count,
        sum(case when e.is_error then 1 else 0 end) as error_count,
        sum(case when e.duration_ms is null or e.duration_ms < 0 then 0 else e.duration_ms end) as duration_sum,
        coalesce(avg(case when e.duration_ms is null or e.duration_ms < 0 then 0 else e.duration_ms end)::numeric, 0)::numeric(12, 3) as avg_ms,
        coalesce(percentile_cont(0.95) within group (order by (case when e.duration_ms is null or e.duration_ms < 0 then 0 else e.duration_ms end)::numeric), 0)::numeric(12, 3) as p95_ms,
        coalesce(percentile_cont(0.99) within group (order by (case when e.duration_ms is null or e.duration_ms < 0 then 0 else e.duration_ms end)::numeric), 0)::numeric(12, 3) as p99_ms,
        coalesce(max(case when e.duration_ms is null or e.duration_ms < 0 then 0 else e.duration_ms end)::numeric, 0)::numeric(12, 3) as max_ms
    from analytics.event e
    where e.started_at >= ?
      and e.started_at < ?
      and e.event_type_code is not null
    group by 1, 3, 4
    on conflict (bucket_start, granularity_minutes, module_code, event_type_code)
    do update set
        sample_count = excluded.sample_count,
        error_count = excluded.error_count,
        duration_sum = excluded.duration_sum,
        avg_ms = excluded.avg_ms,
        p95_ms = excluded.p95_ms,
        p99_ms = excluded.p99_ms,
        max_ms = excluded.max_ms
]
2026-06-08 13:41:07.114 DEBUG [trace:] [event:] [module:] --- [   scheduling-1] o.s.jdbc.core.JdbcTemplate               : Executing prepared SQL update
2026-06-08 13:41:07.114 DEBUG [trace:] [event:] [module:] --- [   scheduling-1] o.s.jdbc.core.JdbcTemplate               : Executing prepared SQL statement [    insert into analytics.time_rollup_watermark (
        scope_code,
        granularity_minutes,
        watermark_at,
        updated_at
    )
    values (
        ?,
        ?,
        ?,
        now()
    )
    on conflict (scope_code, granularity_minutes)
    do update set
        watermark_at = excluded.watermark_at,
        updated_at = now()
]
2026-06-08 13:41:07.114 DEBUG [trace:] [event:] [module:] --- [   scheduling-1] o.s.jdbc.core.JdbcTemplate               : Executing prepared SQL query
2026-06-08 13:41:07.114 DEBUG [trace:] [event:] [module:] --- [   scheduling-1] o.s.jdbc.core.JdbcTemplate               : Executing prepared SQL statement [    select watermark_at
    from analytics.time_rollup_watermark
    where scope_code = ?
      and granularity_minutes = ?
]
2026-06-08 13:41:07.114 DEBUG [trace:] [event:] [module:] --- [   scheduling-1] o.s.jdbc.core.JdbcTemplate               : Executing prepared SQL update
2026-06-08 13:41:07.114 DEBUG [trace:] [event:] [module:] --- [   scheduling-1] o.s.jdbc.core.JdbcTemplate               : Executing prepared SQL statement [    delete from analytics.stage_rollup_bucket
    where granularity_minutes = ?
      and bucket_start >= ?
      and bucket_start < ?
]
2026-06-08 13:41:07.114 DEBUG [trace:] [event:] [module:] --- [   scheduling-1] o.s.jdbc.core.JdbcTemplate               : Executing prepared SQL update
2026-06-08 13:41:07.114 DEBUG [trace:] [event:] [module:] --- [   scheduling-1] o.s.jdbc.core.JdbcTemplate               : Executing prepared SQL statement [    insert into analytics.stage_rollup_bucket (
        bucket_start,
        granularity_minutes,
        module_code,
        event_type_code,
        stage_type_code,
        sample_count,
        error_count,
        duration_sum,
        avg_ms,
        p95_ms,
        p99_ms,
        max_ms
    )
    select
        date_bin(
            (? || ' minutes')::interval,
            s.started_at,
            ?
        ) as bucket_start,
        ? as granularity_minutes,
        coalesce(e.module_code, ?) as module_code,
        e.event_type_code,
        s.stage_type_code,
        count(*) as sample_count,
        sum(case when s.is_error then 1 else 0 end) as error_count,
        sum(case when s.duration_ms is null or s.duration_ms < 0 then 0 else s.duration_ms end) as duration_sum,
        coalesce(avg(case when s.duration_ms is null or s.duration_ms < 0 then 0 else s.duration_ms end)::numeric, 0)::numeric(12, 3) as avg_ms,
        coalesce(percentile_cont(0.95) within group (order by (case when s.duration_ms is null or s.duration_ms < 0 then 0 else s.duration_ms end)::numeric), 0)::numeric(12, 3) as p95_ms,
        coalesce(percentile_cont(0.99) within group (order by (case when s.duration_ms is null or s.duration_ms < 0 then 0 else s.duration_ms end)::numeric), 0)::numeric(12, 3) as p99_ms,
        coalesce(max(case when s.duration_ms is null or s.duration_ms < 0 then 0 else s.duration_ms end)::numeric, 0)::numeric(12, 3) as max_ms
    from analytics.stage s
    join analytics.event e on e.id = s.event_id
    where s.started_at >= ?
      and s.started_at < ?
      and e.event_type_code is not null
      and s.stage_type_code is not null
    group by 1, 3, 4, 5
    on conflict (bucket_start, granularity_minutes, module_code, event_type_code, stage_type_code)
    do update set
        sample_count = excluded.sample_count,
        error_count = excluded.error_count,
        duration_sum = excluded.duration_sum,
        avg_ms = excluded.avg_ms,
        p95_ms = excluded.p95_ms,
        p99_ms = excluded.p99_ms,
        max_ms = excluded.max_ms
]
2026-06-08 13:41:07.761 DEBUG [trace:] [event:] [module:] --- [   scheduling-1] o.s.jdbc.core.JdbcTemplate               : Executing prepared SQL update
2026-06-08 13:41:07.761 DEBUG [trace:] [event:] [module:] --- [   scheduling-1] o.s.jdbc.core.JdbcTemplate               : Executing prepared SQL statement [    insert into analytics.time_rollup_watermark (
        scope_code,
        granularity_minutes,
        watermark_at,
        updated_at
    )
    values (
        ?,
        ?,
        ?,
        now()
    )
    on conflict (scope_code, granularity_minutes)
    do update set
        watermark_at = excluded.watermark_at,
        updated_at = now()
]
2026-06-08 13:41:07.761 DEBUG [trace:] [event:] [module:] --- [   scheduling-1] o.s.jdbc.core.JdbcTemplate               : Executing prepared SQL query
2026-06-08 13:41:07.762 DEBUG [trace:] [event:] [module:] --- [   scheduling-1] o.s.jdbc.core.JdbcTemplate               : Executing prepared SQL statement [    select watermark_at
    from analytics.time_rollup_watermark
    where scope_code = ?
      and granularity_minutes = ?
]
2026-06-08 13:41:07.762 DEBUG [trace:] [event:] [module:] --- [   scheduling-1] o.s.jdbc.core.JdbcTemplate               : Executing prepared SQL update
2026-06-08 13:41:07.762 DEBUG [trace:] [event:] [module:] --- [   scheduling-1] o.s.jdbc.core.JdbcTemplate               : Executing prepared SQL statement [    delete from analytics.event_rollup_bucket
    where granularity_minutes = ?
      and bucket_start >= ?
      and bucket_start < ?
]
2026-06-08 13:41:07.762 DEBUG [trace:] [event:] [module:] --- [   scheduling-1] o.s.jdbc.core.JdbcTemplate               : Executing prepared SQL update
2026-06-08 13:41:07.762 DEBUG [trace:] [event:] [module:] --- [   scheduling-1] o.s.jdbc.core.JdbcTemplate               : Executing prepared SQL statement [    insert into analytics.event_rollup_bucket (
        bucket_start,
        granularity_minutes,
        module_code,
        event_type_code,
        sample_count,
        error_count,
        duration_sum,
        avg_ms,
        p95_ms,
        p99_ms,
        max_ms
    )
    select
        date_bin(
            (? || ' minutes')::interval,
            e.started_at,
            ?
        ) as bucket_start,
        ? as granularity_minutes,
        coalesce(e.module_code, ?) as module_code,
        e.event_type_code,
        count(*) as sample_count,
        sum(case when e.is_error then 1 else 0 end) as error_count,
        sum(case when e.duration_ms is null or e.duration_ms < 0 then 0 else e.duration_ms end) as duration_sum,
        coalesce(avg(case when e.duration_ms is null or e.duration_ms < 0 then 0 else e.duration_ms end)::numeric, 0)::numeric(12, 3) as avg_ms,
        coalesce(percentile_cont(0.95) within group (order by (case when e.duration_ms is null or e.duration_ms < 0 then 0 else e.duration_ms end)::numeric), 0)::numeric(12, 3) as p95_ms,
        coalesce(percentile_cont(0.99) within group (order by (case when e.duration_ms is null or e.duration_ms < 0 then 0 else e.duration_ms end)::numeric), 0)::numeric(12, 3) as p99_ms,
        coalesce(max(case when e.duration_ms is null or e.duration_ms < 0 then 0 else e.duration_ms end)::numeric, 0)::numeric(12, 3) as max_ms
    from analytics.event e
    where e.started_at >= ?
      and e.started_at < ?
      and e.event_type_code is not null
    group by 1, 3, 4
    on conflict (bucket_start, granularity_minutes, module_code, event_type_code)
    do update set
        sample_count = excluded.sample_count,
        error_count = excluded.error_count,
        duration_sum = excluded.duration_sum,
        avg_ms = excluded.avg_ms,
        p95_ms = excluded.p95_ms,
        p99_ms = excluded.p99_ms,
        max_ms = excluded.max_ms
]
2026-06-08 13:41:07.763 DEBUG [trace:] [event:] [module:] --- [   scheduling-1] o.s.jdbc.core.JdbcTemplate               : Executing prepared SQL update
2026-06-08 13:41:07.763 DEBUG [trace:] [event:] [module:] --- [   scheduling-1] o.s.jdbc.core.JdbcTemplate               : Executing prepared SQL statement [    insert into analytics.time_rollup_watermark (
        scope_code,
        granularity_minutes,
        watermark_at,
        updated_at
    )
    values (
        ?,
        ?,
        ?,
        now()
    )
    on conflict (scope_code, granularity_minutes)
    do update set
        watermark_at = excluded.watermark_at,
        updated_at = now()
]
2026-06-08 13:41:07.763 DEBUG [trace:] [event:] [module:] --- [   scheduling-1] o.s.jdbc.core.JdbcTemplate               : Executing prepared SQL query
2026-06-08 13:41:07.763 DEBUG [trace:] [event:] [module:] --- [   scheduling-1] o.s.jdbc.core.JdbcTemplate               : Executing prepared SQL statement [    select watermark_at
    from analytics.time_rollup_watermark
    where scope_code = ?
      and granularity_minutes = ?
]
2026-06-08 13:41:07.763 DEBUG [trace:] [event:] [module:] --- [   scheduling-1] o.s.jdbc.core.JdbcTemplate               : Executing prepared SQL update
2026-06-08 13:41:07.763 DEBUG [trace:] [event:] [module:] --- [   scheduling-1] o.s.jdbc.core.JdbcTemplate               : Executing prepared SQL statement [    delete from analytics.stage_rollup_bucket
    where granularity_minutes = ?
      and bucket_start >= ?
      and bucket_start < ?
]
2026-06-08 13:41:07.764 DEBUG [trace:] [event:] [module:] --- [   scheduling-1] o.s.jdbc.core.JdbcTemplate               : Executing prepared SQL update
2026-06-08 13:41:07.764 DEBUG [trace:] [event:] [module:] --- [   scheduling-1] o.s.jdbc.core.JdbcTemplate               : Executing prepared SQL statement [    insert into analytics.stage_rollup_bucket (
        bucket_start,
        granularity_minutes,
        module_code,
        event_type_code,
        stage_type_code,
        sample_count,
        error_count,
        duration_sum,
        avg_ms,
        p95_ms,
        p99_ms,
        max_ms
    )
    select
        date_bin(
            (? || ' minutes')::interval,
            s.started_at,
            ?
        ) as bucket_start,
        ? as granularity_minutes,
        coalesce(e.module_code, ?) as module_code,
        e.event_type_code,
        s.stage_type_code,
        count(*) as sample_count,
        sum(case when s.is_error then 1 else 0 end) as error_count,
        sum(case when s.duration_ms is null or s.duration_ms < 0 then 0 else s.duration_ms end) as duration_sum,
        coalesce(avg(case when s.duration_ms is null or s.duration_ms < 0 then 0 else s.duration_ms end)::numeric, 0)::numeric(12, 3) as avg_ms,
        coalesce(percentile_cont(0.95) within group (order by (case when s.duration_ms is null or s.duration_ms < 0 then 0 else s.duration_ms end)::numeric), 0)::numeric(12, 3) as p95_ms,
        coalesce(percentile_cont(0.99) within group (order by (case when s.duration_ms is null or s.duration_ms < 0 then 0 else s.duration_ms end)::numeric), 0)::numeric(12, 3) as p99_ms,
        coalesce(max(case when s.duration_ms is null or s.duration_ms < 0 then 0 else s.duration_ms end)::numeric, 0)::numeric(12, 3) as max_ms
    from analytics.stage s
    join analytics.event e on e.id = s.event_id
    where s.started_at >= ?
      and s.started_at < ?
      and e.event_type_code is not null
      and s.stage_type_code is not null
    group by 1, 3, 4, 5
    on conflict (bucket_start, granularity_minutes, module_code, event_type_code, stage_type_code)
    do update set
        sample_count = excluded.sample_count,
        error_count = excluded.error_count,
        duration_sum = excluded.duration_sum,
        avg_ms = excluded.avg_ms,
        p95_ms = excluded.p95_ms,
        p99_ms = excluded.p99_ms,
        max_ms = excluded.max_ms
]
2026-06-08 13:41:08.387 DEBUG [trace:] [event:] [module:] --- [   scheduling-1] o.s.jdbc.core.JdbcTemplate               : Executing prepared SQL update
2026-06-08 13:41:08.388 DEBUG [trace:] [event:] [module:] --- [   scheduling-1] o.s.jdbc.core.JdbcTemplate               : Executing prepared SQL statement [    insert into analytics.time_rollup_watermark (
        scope_code,
        granularity_minutes,
        watermark_at,
        updated_at
    )
    values (
        ?,
        ?,
        ?,
        now()
    )
    on conflict (scope_code, granularity_minutes)
    do update set
        watermark_at = excluded.watermark_at,
        updated_at = now()
]
2026-06-08 13:41:08.388 DEBUG [trace:] [event:] [module:] --- [   scheduling-1] o.s.jdbc.core.JdbcTemplate               : Executing prepared SQL query
2026-06-08 13:41:08.388 DEBUG [trace:] [event:] [module:] --- [   scheduling-1] o.s.jdbc.core.JdbcTemplate               : Executing prepared SQL statement [    select watermark_at
    from analytics.time_rollup_watermark
    where scope_code = ?
      and granularity_minutes = ?
]
2026-06-08 13:41:08.388 DEBUG [trace:] [event:] [module:] --- [   scheduling-1] o.s.jdbc.core.JdbcTemplate               : Executing prepared SQL update
2026-06-08 13:41:08.388 DEBUG [trace:] [event:] [module:] --- [   scheduling-1] o.s.jdbc.core.JdbcTemplate               : Executing prepared SQL statement [    delete from analytics.event_rollup_bucket
    where granularity_minutes = ?
      and bucket_start >= ?
      and bucket_start < ?
]
2026-06-08 13:41:08.388 DEBUG [trace:] [event:] [module:] --- [   scheduling-1] o.s.jdbc.core.JdbcTemplate               : Executing prepared SQL update
2026-06-08 13:41:08.388 DEBUG [trace:] [event:] [module:] --- [   scheduling-1] o.s.jdbc.core.JdbcTemplate               : Executing prepared SQL statement [    insert into analytics.event_rollup_bucket (
        bucket_start,
        granularity_minutes,
        module_code,
        event_type_code,
        sample_count,
        error_count,
        duration_sum,
        avg_ms,
        p95_ms,
        p99_ms,
        max_ms
    )
    select
        date_bin(
            (? || ' minutes')::interval,
            e.started_at,
            ?
        ) as bucket_start,
        ? as granularity_minutes,
        coalesce(e.module_code, ?) as module_code,
        e.event_type_code,
        count(*) as sample_count,
        sum(case when e.is_error then 1 else 0 end) as error_count,
        sum(case when e.duration_ms is null or e.duration_ms < 0 then 0 else e.duration_ms end) as duration_sum,
        coalesce(avg(case when e.duration_ms is null or e.duration_ms < 0 then 0 else e.duration_ms end)::numeric, 0)::numeric(12, 3) as avg_ms,
        coalesce(percentile_cont(0.95) within group (order by (case when e.duration_ms is null or e.duration_ms < 0 then 0 else e.duration_ms end)::numeric), 0)::numeric(12, 3) as p95_ms,
        coalesce(percentile_cont(0.99) within group (order by (case when e.duration_ms is null or e.duration_ms < 0 then 0 else e.duration_ms end)::numeric), 0)::numeric(12, 3) as p99_ms,
        coalesce(max(case when e.duration_ms is null or e.duration_ms < 0 then 0 else e.duration_ms end)::numeric, 0)::numeric(12, 3) as max_ms
    from analytics.event e
    where e.started_at >= ?
      and e.started_at < ?
      and e.event_type_code is not null
    group by 1, 3, 4
    on conflict (bucket_start, granularity_minutes, module_code, event_type_code)
    do update set
        sample_count = excluded.sample_count,
        error_count = excluded.error_count,
        duration_sum = excluded.duration_sum,
        avg_ms = excluded.avg_ms,
        p95_ms = excluded.p95_ms,
        p99_ms = excluded.p99_ms,
        max_ms = excluded.max_ms
]
2026-06-08 13:41:08.389 DEBUG [trace:] [event:] [module:] --- [   scheduling-1] o.s.jdbc.core.JdbcTemplate               : Executing prepared SQL update
2026-06-08 13:41:08.389 DEBUG [trace:] [event:] [module:] --- [   scheduling-1] o.s.jdbc.core.JdbcTemplate               : Executing prepared SQL statement [    insert into analytics.time_rollup_watermark (
        scope_code,
        granularity_minutes,
        watermark_at,
        updated_at
    )
    values (
        ?,
        ?,
        ?,
        now()
    )
    on conflict (scope_code, granularity_minutes)
    do update set
        watermark_at = excluded.watermark_at,
        updated_at = now()
]
2026-06-08 13:41:08.389 DEBUG [trace:] [event:] [module:] --- [   scheduling-1] o.s.jdbc.core.JdbcTemplate               : Executing prepared SQL query
2026-06-08 13:41:08.389 DEBUG [trace:] [event:] [module:] --- [   scheduling-1] o.s.jdbc.core.JdbcTemplate               : Executing prepared SQL statement [    select watermark_at
    from analytics.time_rollup_watermark
    where scope_code = ?
      and granularity_minutes = ?
]
2026-06-08 13:41:08.389 DEBUG [trace:] [event:] [module:] --- [   scheduling-1] o.s.jdbc.core.JdbcTemplate               : Executing prepared SQL update
2026-06-08 13:41:08.389 DEBUG [trace:] [event:] [module:] --- [   scheduling-1] o.s.jdbc.core.JdbcTemplate               : Executing prepared SQL statement [    delete from analytics.stage_rollup_bucket
    where granularity_minutes = ?
      and bucket_start >= ?
      and bucket_start < ?
]
2026-06-08 13:41:08.389 DEBUG [trace:] [event:] [module:] --- [   scheduling-1] o.s.jdbc.core.JdbcTemplate               : Executing prepared SQL update
2026-06-08 13:41:08.389 DEBUG [trace:] [event:] [module:] --- [   scheduling-1] o.s.jdbc.core.JdbcTemplate               : Executing prepared SQL statement [    insert into analytics.stage_rollup_bucket (
        bucket_start,
        granularity_minutes,
        module_code,
        event_type_code,
        stage_type_code,
        sample_count,
        error_count,
        duration_sum,
        avg_ms,
        p95_ms,
        p99_ms,
        max_ms
    )
    select
        date_bin(
            (? || ' minutes')::interval,
            s.started_at,
            ?
        ) as bucket_start,
        ? as granularity_minutes,
        coalesce(e.module_code, ?) as module_code,
        e.event_type_code,
        s.stage_type_code,
        count(*) as sample_count,
        sum(case when s.is_error then 1 else 0 end) as error_count,
        sum(case when s.duration_ms is null or s.duration_ms < 0 then 0 else s.duration_ms end) as duration_sum,
        coalesce(avg(case when s.duration_ms is null or s.duration_ms < 0 then 0 else s.duration_ms end)::numeric, 0)::numeric(12, 3) as avg_ms,
        coalesce(percentile_cont(0.95) within group (order by (case when s.duration_ms is null or s.duration_ms < 0 then 0 else s.duration_ms end)::numeric), 0)::numeric(12, 3) as p95_ms,
        coalesce(percentile_cont(0.99) within group (order by (case when s.duration_ms is null or s.duration_ms < 0 then 0 else s.duration_ms end)::numeric), 0)::numeric(12, 3) as p99_ms,
        coalesce(max(case when s.duration_ms is null or s.duration_ms < 0 then 0 else s.duration_ms end)::numeric, 0)::numeric(12, 3) as max_ms
    from analytics.stage s
    join analytics.event e on e.id = s.event_id
    where s.started_at >= ?
      and s.started_at < ?
      and e.event_type_code is not null
      and s.stage_type_code is not null
    group by 1, 3, 4, 5
    on conflict (bucket_start, granularity_minutes, module_code, event_type_code, stage_type_code)
    do update set
        sample_count = excluded.sample_count,
        error_count = excluded.error_count,
        duration_sum = excluded.duration_sum,
        avg_ms = excluded.avg_ms,
        p95_ms = excluded.p95_ms,
        p99_ms = excluded.p99_ms,
        max_ms = excluded.max_ms
]
2026-06-08 13:41:09.046 DEBUG [trace:] [event:] [module:] --- [   scheduling-1] o.s.jdbc.core.JdbcTemplate               : Executing prepared SQL update
2026-06-08 13:41:09.046 DEBUG [trace:] [event:] [module:] --- [   scheduling-1] o.s.jdbc.core.JdbcTemplate               : Executing prepared SQL statement [    insert into analytics.time_rollup_watermark (
        scope_code,
        granularity_minutes,
        watermark_at,
        updated_at
    )
    values (
        ?,
        ?,
        ?,
        now()
    )
    on conflict (scope_code, granularity_minutes)
    do update set
        watermark_at = excluded.watermark_at,
        updated_at = now()
]
2026-06-08 13:41:09.046 DEBUG [trace:] [event:] [module:] --- [   scheduling-1] o.s.jdbc.core.JdbcTemplate               : Executing prepared SQL query
2026-06-08 13:41:09.046 DEBUG [trace:] [event:] [module:] --- [   scheduling-1] o.s.jdbc.core.JdbcTemplate               : Executing prepared SQL statement [    select watermark_at
    from analytics.time_rollup_watermark
    where scope_code = ?
      and granularity_minutes = ?
]
2026-06-08 13:41:09.047 DEBUG [trace:] [event:] [module:] --- [   scheduling-1] o.s.jdbc.core.JdbcTemplate               : Executing prepared SQL update
2026-06-08 13:41:09.047 DEBUG [trace:] [event:] [module:] --- [   scheduling-1] o.s.jdbc.core.JdbcTemplate               : Executing prepared SQL statement [    delete from analytics.event_rollup_bucket
    where granularity_minutes = ?
      and bucket_start >= ?
      and bucket_start < ?
]
2026-06-08 13:41:09.047 DEBUG [trace:] [event:] [module:] --- [   scheduling-1] o.s.jdbc.core.JdbcTemplate               : Executing prepared SQL update
2026-06-08 13:41:09.047 DEBUG [trace:] [event:] [module:] --- [   scheduling-1] o.s.jdbc.core.JdbcTemplate               : Executing prepared SQL statement [    insert into analytics.event_rollup_bucket (
        bucket_start,
        granularity_minutes,
        module_code,
        event_type_code,
        sample_count,
        error_count,
        duration_sum,
        avg_ms,
        p95_ms,
        p99_ms,
        max_ms
    )
    select
        date_bin(
            (? || ' minutes')::interval,
            e.started_at,
            ?
        ) as bucket_start,
        ? as granularity_minutes,
        coalesce(e.module_code, ?) as module_code,
        e.event_type_code,
        count(*) as sample_count,
        sum(case when e.is_error then 1 else 0 end) as error_count,
        sum(case when e.duration_ms is null or e.duration_ms < 0 then 0 else e.duration_ms end) as duration_sum,
        coalesce(avg(case when e.duration_ms is null or e.duration_ms < 0 then 0 else e.duration_ms end)::numeric, 0)::numeric(12, 3) as avg_ms,
        coalesce(percentile_cont(0.95) within group (order by (case when e.duration_ms is null or e.duration_ms < 0 then 0 else e.duration_ms end)::numeric), 0)::numeric(12, 3) as p95_ms,
        coalesce(percentile_cont(0.99) within group (order by (case when e.duration_ms is null or e.duration_ms < 0 then 0 else e.duration_ms end)::numeric), 0)::numeric(12, 3) as p99_ms,
        coalesce(max(case when e.duration_ms is null or e.duration_ms < 0 then 0 else e.duration_ms end)::numeric, 0)::numeric(12, 3) as max_ms
    from analytics.event e
    where e.started_at >= ?
      and e.started_at < ?
      and e.event_type_code is not null
    group by 1, 3, 4
    on conflict (bucket_start, granularity_minutes, module_code, event_type_code)
    do update set
        sample_count = excluded.sample_count,
        error_count = excluded.error_count,
        duration_sum = excluded.duration_sum,
        avg_ms = excluded.avg_ms,
        p95_ms = excluded.p95_ms,
        p99_ms = excluded.p99_ms,
        max_ms = excluded.max_ms
]
2026-06-08 13:41:09.069 DEBUG [trace:] [event:] [module:] --- [   scheduling-1] o.s.jdbc.core.JdbcTemplate               : Executing prepared SQL update
2026-06-08 13:41:09.069 DEBUG [trace:] [event:] [module:] --- [   scheduling-1] o.s.jdbc.core.JdbcTemplate               : Executing prepared SQL statement [    insert into analytics.time_rollup_watermark (
        scope_code,
        granularity_minutes,
        watermark_at,
        updated_at
    )
    values (
        ?,
        ?,
        ?,
        now()
    )
    on conflict (scope_code, granularity_minutes)
    do update set
        watermark_at = excluded.watermark_at,
        updated_at = now()
]
2026-06-08 13:41:09.069 DEBUG [trace:] [event:] [module:] --- [   scheduling-1] o.s.jdbc.core.JdbcTemplate               : Executing prepared SQL query
2026-06-08 13:41:09.069 DEBUG [trace:] [event:] [module:] --- [   scheduling-1] o.s.jdbc.core.JdbcTemplate               : Executing prepared SQL statement [    select watermark_at
    from analytics.time_rollup_watermark
    where scope_code = ?
      and granularity_minutes = ?
]
2026-06-08 13:41:09.069 DEBUG [trace:] [event:] [module:] --- [   scheduling-1] o.s.jdbc.core.JdbcTemplate               : Executing prepared SQL update
2026-06-08 13:41:09.069 DEBUG [trace:] [event:] [module:] --- [   scheduling-1] o.s.jdbc.core.JdbcTemplate               : Executing prepared SQL statement [    delete from analytics.stage_rollup_bucket
    where granularity_minutes = ?
      and bucket_start >= ?
      and bucket_start < ?
]
2026-06-08 13:41:09.070 DEBUG [trace:] [event:] [module:] --- [   scheduling-1] o.s.jdbc.core.JdbcTemplate               : Executing prepared SQL update
2026-06-08 13:41:09.070 DEBUG [trace:] [event:] [module:] --- [   scheduling-1] o.s.jdbc.core.JdbcTemplate               : Executing prepared SQL statement [    insert into analytics.stage_rollup_bucket (
        bucket_start,
        granularity_minutes,
        module_code,
        event_type_code,
        stage_type_code,
        sample_count,
        error_count,
        duration_sum,
        avg_ms,
        p95_ms,
        p99_ms,
        max_ms
    )
    select
        date_bin(
            (? || ' minutes')::interval,
            s.started_at,
            ?
        ) as bucket_start,
        ? as granularity_minutes,
        coalesce(e.module_code, ?) as module_code,
        e.event_type_code,
        s.stage_type_code,
        count(*) as sample_count,
        sum(case when s.is_error then 1 else 0 end) as error_count,
        sum(case when s.duration_ms is null or s.duration_ms < 0 then 0 else s.duration_ms end) as duration_sum,
        coalesce(avg(case when s.duration_ms is null or s.duration_ms < 0 then 0 else s.duration_ms end)::numeric, 0)::numeric(12, 3) as avg_ms,
        coalesce(percentile_cont(0.95) within group (order by (case when s.duration_ms is null or s.duration_ms < 0 then 0 else s.duration_ms end)::numeric), 0)::numeric(12, 3) as p95_ms,
        coalesce(percentile_cont(0.99) within group (order by (case when s.duration_ms is null or s.duration_ms < 0 then 0 else s.duration_ms end)::numeric), 0)::numeric(12, 3) as p99_ms,
        coalesce(max(case when s.duration_ms is null or s.duration_ms < 0 then 0 else s.duration_ms end)::numeric, 0)::numeric(12, 3) as max_ms
    from analytics.stage s
    join analytics.event e on e.id = s.event_id
    where s.started_at >= ?
      and s.started_at < ?
      and e.event_type_code is not null
      and s.stage_type_code is not null
    group by 1, 3, 4, 5
    on conflict (bucket_start, granularity_minutes, module_code, event_type_code, stage_type_code)
    do update set
        sample_count = excluded.sample_count,
        error_count = excluded.error_count,
        duration_sum = excluded.duration_sum,
        avg_ms = excluded.avg_ms,
        p95_ms = excluded.p95_ms,
        p99_ms = excluded.p99_ms,
        max_ms = excluded.max_ms
]
2026-06-08 13:41:10.666 DEBUG [trace:] [event:] [module:] --- [   scheduling-1] o.s.jdbc.core.JdbcTemplate               : Executing prepared SQL update
2026-06-08 13:41:10.666 DEBUG [trace:] [event:] [module:] --- [   scheduling-1] o.s.jdbc.core.JdbcTemplate               : Executing prepared SQL statement [    insert into analytics.time_rollup_watermark (
        scope_code,
        granularity_minutes,
        watermark_at,
        updated_at
    )
    values (
        ?,
        ?,
        ?,
        now()
    )
    on conflict (scope_code, granularity_minutes)
    do update set
        watermark_at = excluded.watermark_at,
        updated_at = now()
]
2026-06-08 13:41:30.007 DEBUG [trace:] [event:] [module:] --- [   scheduling-1] o.s.jdbc.core.JdbcTemplate               : Executing prepared SQL query
2026-06-08 13:41:30.007 DEBUG [trace:] [event:] [module:] --- [   scheduling-1] o.s.jdbc.core.JdbcTemplate               : Executing prepared SQL statement [    select count(*)
    from INFORMATION_SCHEMA.TABLES
    where lower(TABLE_SCHEMA) = ?
      and lower(TABLE_NAME) = ?
]
2026-06-08 13:41:30.008 DEBUG [trace:] [event:] [module:] --- [   scheduling-1] o.s.jdbc.core.JdbcTemplate               : Executing prepared SQL query
2026-06-08 13:41:30.008 DEBUG [trace:] [event:] [module:] --- [   scheduling-1] o.s.jdbc.core.JdbcTemplate               : Executing prepared SQL statement [select setting_key, setting_value from analytics.runtime_setting]
2026-06-08 13:42:00.013 DEBUG [trace:] [event:] [module:] --- [   scheduling-1] o.s.jdbc.core.JdbcTemplate               : Executing prepared SQL query
2026-06-08 13:42:00.013 DEBUG [trace:] [event:] [module:] --- [   scheduling-1] o.s.jdbc.core.JdbcTemplate               : Executing prepared SQL statement [    select count(*)
    from INFORMATION_SCHEMA.TABLES
    where lower(TABLE_SCHEMA) = ?
      and lower(TABLE_NAME) = ?
]
2026-06-08 13:42:00.014 DEBUG [trace:] [event:] [module:] --- [   scheduling-1] o.s.jdbc.core.JdbcTemplate               : Executing prepared SQL query
2026-06-08 13:42:00.014 DEBUG [trace:] [event:] [module:] --- [   scheduling-1] o.s.jdbc.core.JdbcTemplate               : Executing prepared SQL statement [select setting_key, setting_value from analytics.runtime_setting]
2026-06-08 13:42:30.005 DEBUG [trace:] [event:] [module:] --- [   scheduling-1] o.s.jdbc.core.JdbcTemplate               : Executing prepared SQL query
2026-06-08 13:42:30.005 DEBUG [trace:] [event:] [module:] --- [   scheduling-1] o.s.jdbc.core.JdbcTemplate               : Executing prepared SQL statement [    select count(*)
    from INFORMATION_SCHEMA.TABLES
    where lower(TABLE_SCHEMA) = ?
      and lower(TABLE_NAME) = ?
]
2026-06-08 13:42:30.005 DEBUG [trace:] [event:] [module:] --- [   scheduling-1] o.s.jdbc.core.JdbcTemplate               : Executing prepared SQL query
2026-06-08 13:42:30.005 DEBUG [trace:] [event:] [module:] --- [   scheduling-1] o.s.jdbc.core.JdbcTemplate               : Executing prepared SQL statement [select setting_key, setting_value from analytics.runtime_setting]
2026-06-08 13:43:00.006 DEBUG [trace:] [event:] [module:] --- [   scheduling-1] o.s.jdbc.core.JdbcTemplate               : Executing prepared SQL query
2026-06-08 13:43:00.007 DEBUG [trace:] [event:] [module:] --- [   scheduling-1] o.s.jdbc.core.JdbcTemplate               : Executing prepared SQL statement [    select count(*)
    from INFORMATION_SCHEMA.TABLES
    where lower(TABLE_SCHEMA) = ?
      and lower(TABLE_NAME) = ?
]
2026-06-08 13:43:00.007 DEBUG [trace:] [event:] [module:] --- [   scheduling-1] o.s.jdbc.core.JdbcTemplate               : Executing prepared SQL query
2026-06-08 13:43:00.007 DEBUG [trace:] [event:] [module:] --- [   scheduling-1] o.s.jdbc.core.JdbcTemplate               : Executing prepared SQL statement [select setting_key, setting_value from analytics.runtime_setting]
2026-06-08 13:43:29.596 DEBUG [trace:48812edbfe5d468886643ea5bcac4d2b] [event:] [module:ADMIN] --- [nio-8080-exec-5] o.s.web.servlet.DispatcherServlet        : HEAD "/analytics-admin/login", parameters={}
2026-06-08 13:43:29.596 DEBUG [trace:67147b686a1743b9994b74f6f0b0619c] [event:] [module:ADMIN] --- [nio-8080-exec-1] o.s.web.servlet.DispatcherServlet        : HEAD "/analytics-admin/dictionaries", parameters={}
2026-06-08 13:43:29.597 DEBUG [trace:48812edbfe5d468886643ea5bcac4d2b] [event:] [module:ADMIN] --- [nio-8080-exec-5] s.w.s.m.m.a.RequestMappingHandlerMapping : Mapped to com.example.gqw.analytics.controller.AnalyticsAdminController#loginPage()
2026-06-08 13:43:29.597 DEBUG [trace:67147b686a1743b9994b74f6f0b0619c] [event:] [module:ADMIN] --- [nio-8080-exec-1] s.w.s.m.m.a.RequestMappingHandlerMapping : Mapped to com.example.gqw.analytics.controller.AnalyticsAdminController#dictionaries(Model, HttpServletRequest, String)
2026-06-08 13:43:29.599 DEBUG [trace:48812edbfe5d468886643ea5bcac4d2b] [event:] [module:ADMIN] --- [nio-8080-exec-5] o.s.w.s.v.ContentNegotiatingViewResolver : Selected '*/*' given [*/*]
2026-06-08 13:43:29.600 DEBUG [trace:48812edbfe5d468886643ea5bcac4d2b] [event:] [module:ADMIN] --- [nio-8080-exec-5] o.s.web.servlet.DispatcherServlet        : Completed 200 OK
2026-06-08 13:43:29.601 DEBUG [trace:67147b686a1743b9994b74f6f0b0619c] [event:] [module:ADMIN] --- [nio-8080-exec-1] o.s.web.servlet.DispatcherServlet        : Completed 302 FOUND
2026-06-08 13:43:29.602 DEBUG [trace:cce5955f90df47aa9b67db39d6043259] [event:] [module:ADMIN] --- [nio-8080-exec-4] o.s.web.servlet.DispatcherServlet        : HEAD "/analytics-admin/dashboard", parameters={}
2026-06-08 13:43:29.602 DEBUG [trace:cce5955f90df47aa9b67db39d6043259] [event:] [module:ADMIN] --- [nio-8080-exec-4] s.w.s.m.m.a.RequestMappingHandlerMapping : Mapped to com.example.gqw.analytics.controller.AnalyticsAdminController#dashboard(Model, HttpServletRequest, String)
2026-06-08 13:43:29.603 DEBUG [trace:cce5955f90df47aa9b67db39d6043259] [event:] [module:ADMIN] --- [nio-8080-exec-4] o.s.web.servlet.DispatcherServlet        : Completed 302 FOUND
2026-06-08 13:43:30.006 DEBUG [trace:] [event:] [module:] --- [   scheduling-1] o.s.jdbc.core.JdbcTemplate               : Executing prepared SQL query
2026-06-08 13:43:30.006 DEBUG [trace:] [event:] [module:] --- [   scheduling-1] o.s.jdbc.core.JdbcTemplate               : Executing prepared SQL statement [    select count(*)
    from INFORMATION_SCHEMA.TABLES
    where lower(TABLE_SCHEMA) = ?
      and lower(TABLE_NAME) = ?
]
2026-06-08 13:43:30.006 DEBUG [trace:] [event:] [module:] --- [   scheduling-1] o.s.jdbc.core.JdbcTemplate               : Executing prepared SQL query
2026-06-08 13:43:30.006 DEBUG [trace:] [event:] [module:] --- [   scheduling-1] o.s.jdbc.core.JdbcTemplate               : Executing prepared SQL statement [select setting_key, setting_value from analytics.runtime_setting]
2026-06-08 13:43:34.935 DEBUG [trace:b9fadf9cfe744eba8d27b9db442092ae] [event:] [module:ADMIN] --- [nio-8080-exec-6] o.s.web.servlet.DispatcherServlet        : HEAD "/analytics-admin/settings", parameters={}
2026-06-08 13:43:34.935 DEBUG [trace:b9fadf9cfe744eba8d27b9db442092ae] [event:] [module:ADMIN] --- [nio-8080-exec-6] o.s.w.s.handler.SimpleUrlHandlerMapping  : Mapped to ResourceHttpRequestHandler [classpath [META-INF/resources/], classpath [resources/], classpath [static/], classpath [public/], ServletContext [/]]
2026-06-08 13:43:34.936 DEBUG [trace:b9fadf9cfe744eba8d27b9db442092ae] [event:] [module:ADMIN] --- [nio-8080-exec-6] o.s.web.servlet.DispatcherServlet        : Completed 302 FOUND
2026-06-08 13:44:00.015 DEBUG [trace:] [event:] [module:] --- [   scheduling-1] o.s.jdbc.core.JdbcTemplate               : Executing prepared SQL query
2026-06-08 13:44:00.015 DEBUG [trace:] [event:] [module:] --- [   scheduling-1] o.s.jdbc.core.JdbcTemplate               : Executing prepared SQL statement [    select count(*)
    from INFORMATION_SCHEMA.TABLES
    where lower(TABLE_SCHEMA) = ?
      and lower(TABLE_NAME) = ?
]
2026-06-08 13:44:00.016 DEBUG [trace:] [event:] [module:] --- [   scheduling-1] o.s.jdbc.core.JdbcTemplate               : Executing prepared SQL query
2026-06-08 13:44:00.016 DEBUG [trace:] [event:] [module:] --- [   scheduling-1] o.s.jdbc.core.JdbcTemplate               : Executing prepared SQL statement [select setting_key, setting_value from analytics.runtime_setting]
2026-06-08 13:44:30.007 DEBUG [trace:] [event:] [module:] --- [   scheduling-1] o.s.jdbc.core.JdbcTemplate               : Executing prepared SQL query
2026-06-08 13:44:30.007 DEBUG [trace:] [event:] [module:] --- [   scheduling-1] o.s.jdbc.core.JdbcTemplate               : Executing prepared SQL statement [    select count(*)
    from INFORMATION_SCHEMA.TABLES
    where lower(TABLE_SCHEMA) = ?
      and lower(TABLE_NAME) = ?
]
2026-06-08 13:44:30.008 DEBUG [trace:] [event:] [module:] --- [   scheduling-1] o.s.jdbc.core.JdbcTemplate               : Executing prepared SQL query
2026-06-08 13:44:30.008 DEBUG [trace:] [event:] [module:] --- [   scheduling-1] o.s.jdbc.core.JdbcTemplate               : Executing prepared SQL statement [select setting_key, setting_value from analytics.runtime_setting]


C:\Users\Natalia\Desktop\Ñàèãéå\GQW>if 1 EQU 0 goto mainEnd 

C:\Users\Natalia\Desktop\Ñàèãéå\GQW>rem Set variable GRADLE_EXIT_CONSOLE if you need the _script_ return code instead of 

C:\Users\Natalia\Desktop\Ñàèãéå\GQW>rem the _cmd.exe /c_ return code! 

C:\Users\Natalia\Desktop\Ñàèãéå\GQW>set EXIT_CODE=1 

C:\Users\Natalia\Desktop\Ñàèãéå\GQW>if 1 EQU 0 set EXIT_CODE=1 

C:\Users\Natalia\Desktop\Ñàèãéå\GQW>if not "" == "" exit 1 

C:\Users\Natalia\Desktop\Ñàèãéå\GQW>exit /b 1 
