2026-06-12T13:39:55.667+04:00  INFO 13028 --- [gqw] [restartedMain] com.example.gqw.GqwApplication           : Starting GqwApplication using Java 21.0.8 with PID 13028 (C:\Users\Natalia\.gqw-build\gqw\classes\java\main started by Natalia in C:\Users\Natalia\Desktop\ДИПЛОМ\GQW)
2026-06-12T13:39:55.674+04:00  INFO 13028 --- [gqw] [restartedMain] com.example.gqw.GqwApplication           : No active profile set, falling back to 1 default profile: "default"
2026-06-12T13:39:55.715+04:00  INFO 13028 --- [gqw] [restartedMain] .e.DevToolsPropertyDefaultsPostProcessor : Devtools property defaults active! Set 'spring.devtools.add-properties' to 'false' to disable
2026-06-12T13:39:55.715+04:00  INFO 13028 --- [gqw] [restartedMain] .e.DevToolsPropertyDefaultsPostProcessor : For additional web related logging consider setting the 'logging.level.web' property to 'DEBUG'
2026-06-12T13:39:56.297+04:00  INFO 13028 --- [gqw] [restartedMain] .s.d.r.c.RepositoryConfigurationDelegate : Bootstrapping Spring Data JPA repositories in DEFAULT mode.
2026-06-12T13:39:56.352+04:00  INFO 13028 --- [gqw] [restartedMain] .s.d.r.c.RepositoryConfigurationDelegate : Finished Spring Data repository scanning in 46 ms. Found 13 JPA repository interfaces.
2026-06-12T13:39:56.354+04:00  INFO 13028 --- [gqw] [restartedMain] .s.d.r.c.RepositoryConfigurationDelegate : Bootstrapping Spring Data JPA repositories in DEFAULT mode.
2026-06-12T13:39:56.375+04:00  INFO 13028 --- [gqw] [restartedMain] .s.d.r.c.RepositoryConfigurationDelegate : Finished Spring Data repository scanning in 18 ms. Found 17 JPA repository interfaces.
2026-06-12T13:39:57.211+04:00  INFO 13028 --- [gqw] [restartedMain] o.s.boot.tomcat.TomcatWebServer          : Tomcat initialized with port 8080 (http)
2026-06-12T13:39:57.225+04:00  INFO 13028 --- [gqw] [restartedMain] o.apache.catalina.core.StandardService   : Starting service [Tomcat]
2026-06-12T13:39:57.225+04:00  INFO 13028 --- [gqw] [restartedMain] o.apache.catalina.core.StandardEngine    : Starting Servlet engine: [Apache Tomcat/11.0.18]
2026-06-12T13:39:57.259+04:00  INFO 13028 --- [gqw] [restartedMain] b.w.c.s.WebApplicationContextInitializer : Root WebApplicationContext: initialization completed in 1544 ms
2026-06-12T13:39:57.516+04:00  INFO 13028 --- [gqw] [restartedMain] org.hibernate.orm.jpa                    : HHH008540: Processing PersistenceUnitInfo [name: analytics]
2026-06-12T13:39:57.571+04:00  INFO 13028 --- [gqw] [restartedMain] org.hibernate.orm.core                   : HHH000001: Hibernate ORM core version 7.2.7.Final
2026-06-12T13:39:57.961+04:00  INFO 13028 --- [gqw] [restartedMain] o.s.o.j.p.SpringPersistenceUnitInfo      : No LoadTimeWeaver setup: ignoring JPA class transformer
2026-06-12T13:39:57.982+04:00  INFO 13028 --- [gqw] [restartedMain] com.zaxxer.hikari.HikariDataSource       : analyticsDataSource - Starting...
2026-06-12T13:39:58.029+04:00  INFO 13028 --- [gqw] [restartedMain] com.zaxxer.hikari.pool.HikariPool        : analyticsDataSource - Added connection org.postgresql.jdbc.PgConnection@2f3a3537
2026-06-12T13:39:58.029+04:00  INFO 13028 --- [gqw] [restartedMain] com.zaxxer.hikari.HikariDataSource       : analyticsDataSource - Start completed.
2026-06-12T13:39:58.128+04:00  INFO 13028 --- [gqw] [restartedMain] org.hibernate.orm.connections.pooling    : HHH10001005: Database info:
	Database JDBC URL [jdbc:postgresql://localhost:5432/analytics-new]
	Database driver: PostgreSQL JDBC Driver
	Database dialect: PostgreSQLDialect
	Database version: 18.0
	Default catalog/schema: analytics-new/public
	Autocommit mode: undefined/unknown
	Isolation level: READ_COMMITTED [default READ_COMMITTED]
	JDBC fetch size: none
	Pool: DataSourceConnectionProvider
	Minimum pool size: undefined/unknown
	Maximum pool size: undefined/unknown
2026-06-12T13:39:58.955+04:00  INFO 13028 --- [gqw] [restartedMain] org.hibernate.orm.core                   : HHH000489: No JTA platform available (set 'hibernate.transaction.jta.platform' to enable JTA platform integration)
2026-06-12T13:39:59.054+04:00  INFO 13028 --- [gqw] [restartedMain] j.LocalContainerEntityManagerFactoryBean : Initialized JPA EntityManagerFactory for persistence unit 'analytics'
2026-06-12T13:39:59.131+04:00  INFO 13028 --- [gqw] [restartedMain] org.hibernate.orm.jpa                    : HHH008540: Processing PersistenceUnitInfo [name: business]
2026-06-12T13:39:59.147+04:00  INFO 13028 --- [gqw] [restartedMain] o.s.o.j.p.SpringPersistenceUnitInfo      : No LoadTimeWeaver setup: ignoring JPA class transformer
2026-06-12T13:39:59.148+04:00  INFO 13028 --- [gqw] [restartedMain] com.zaxxer.hikari.HikariDataSource       : HikariPool-1 - Starting...
2026-06-12T13:39:59.192+04:00  INFO 13028 --- [gqw] [restartedMain] com.zaxxer.hikari.pool.HikariPool        : HikariPool-1 - Added connection org.postgresql.jdbc.PgConnection@6486d2ba
2026-06-12T13:39:59.192+04:00  INFO 13028 --- [gqw] [restartedMain] com.zaxxer.hikari.HikariDataSource       : HikariPool-1 - Start completed.
2026-06-12T13:39:59.222+04:00  INFO 13028 --- [gqw] [restartedMain] org.hibernate.orm.connections.pooling    : HHH10001005: Database info:
	Database JDBC URL [jdbc:postgresql://localhost:5432/gqw]
	Database driver: PostgreSQL JDBC Driver
	Database dialect: PostgreSQLDialect
	Database version: 18.0
	Default catalog/schema: gqw/public
	Autocommit mode: undefined/unknown
	Isolation level: READ_COMMITTED [default READ_COMMITTED]
	JDBC fetch size: none
	Pool: DataSourceConnectionProvider
	Minimum pool size: undefined/unknown
	Maximum pool size: undefined/unknown
2026-06-12T13:39:59.516+04:00  INFO 13028 --- [gqw] [restartedMain] org.hibernate.orm.core                   : HHH000489: No JTA platform available (set 'hibernate.transaction.jta.platform' to enable JTA platform integration)
2026-06-12T13:39:59.621+04:00  INFO 13028 --- [gqw] [restartedMain] j.LocalContainerEntityManagerFactoryBean : Initialized JPA EntityManagerFactory for persistence unit 'business'
2026-06-12T13:39:59.673+04:00  INFO 13028 --- [gqw] [restartedMain] o.s.d.j.r.query.QueryEnhancerFactories   : Hibernate is in classpath; If applicable, HQL parser will be used.
2026-06-12T13:40:02.428+04:00  INFO 13028 --- [gqw] [restartedMain] r$InitializeUserDetailsManagerConfigurer : Global AuthenticationManager configured with UserDetailsService bean with name customUserDetailsService
2026-06-12T13:40:02.829+04:00  WARN 13028 --- [gqw] [restartedMain] o.s.w.s.resource.ResourceHandlerUtils    : Appended trailing slash to static resource location: file:///C:/Users/Natalia/Desktop/ДИПЛОМ/GQW/uploads/products/
2026-06-12T13:40:02.829+04:00  WARN 13028 --- [gqw] [restartedMain] o.s.w.s.resource.ResourceHandlerUtils    : Appended trailing slash to static resource location: file:///C:/Users/Natalia/Desktop/ДИПЛОМ/GQW/uploads/categories/
2026-06-12T13:40:02.829+04:00  WARN 13028 --- [gqw] [restartedMain] o.s.w.s.resource.ResourceHandlerUtils    : Appended trailing slash to static resource location: file:///C:/Users/Natalia/Desktop/ДИПЛОМ/GQW/uploads/library/
2026-06-12T13:40:02.918+04:00  WARN 13028 --- [gqw] [restartedMain] ion$DefaultTemplateResolverConfiguration : Cannot find template location: classpath:/templates/ (please add some templates, check your Thymeleaf configuration, or set spring.thymeleaf.check-template-location=false)
2026-06-12T13:40:03.129+04:00  INFO 13028 --- [gqw] [restartedMain] o.s.boot.tomcat.TomcatWebServer          : Tomcat started on port 8080 (http) with context path '/'
2026-06-12T13:40:03.136+04:00  INFO 13028 --- [gqw] [restartedMain] com.example.gqw.GqwApplication           : Started GqwApplication in 7.809 seconds (process running for 8.195)
2026-06-12T13:40:08.351+04:00  INFO 13028 --- [gqw] [restartedMain] c.example.gqw.shop.service.OrderService  : Method started OrderService.ensureStatusHistoryForAllOrders (operation='execute business operation', layer=SERVICE, traceId='', eventUid='').
2026-06-12T13:40:08.577+04:00  INFO 13028 --- [gqw] [restartedMain] c.example.gqw.shop.service.OrderService  : Method finished successfully OrderService.ensureStatusHistoryForAllOrders: operation='execute business operation', layer=SERVICE, durationMs=225, traceId='', eventUid=''.
2026-06-12T13:40:08.626+04:00  INFO 13028 --- [gqw] [restartedMain] .e.g.a.c.AnalyticsMetricNamesPatchConfig : Applied analytics metric names patch: db/patches/analytics-metric-names-human-readable.sql
2026-06-12T13:40:14.970+04:00  INFO 13028 --- [gqw] [http-nio-8080-exec-1] o.a.c.c.C.[Tomcat].[localhost].[/]       : Initializing Spring DispatcherServlet 'dispatcherServlet'
2026-06-12T13:40:14.970+04:00  INFO 13028 --- [gqw] [http-nio-8080-exec-1] o.s.web.servlet.DispatcherServlet        : Initializing Servlet 'dispatcherServlet'
2026-06-12T13:40:14.970+04:00  INFO 13028 --- [gqw] [http-nio-8080-exec-1] o.s.web.servlet.DispatcherServlet        : Completed initialization in 0 ms
2026-06-12T13:40:15.004+04:00  INFO 13028 --- [gqw] [http-nio-8080-exec-1] c.e.gqw.shop.service.CatalogService      : Method started CatalogService.topCategories (operation='execute business operation', layer=SERVICE, traceId='', eventUid='').
2026-06-12T13:40:15.021+04:00  INFO 13028 --- [gqw] [http-nio-8080-exec-1] c.e.gqw.shop.service.CatalogService      : Method finished successfully CatalogService.topCategories: operation='execute business operation', layer=SERVICE, durationMs=16, traceId='', eventUid=''.
2026-06-12T13:40:15.021+04:00  INFO 13028 --- [gqw] [http-nio-8080-exec-1] c.e.gqw.shop.service.CurrentUserService  : Method started CurrentUserService.findCurrentUser (operation='read data', layer=SERVICE, traceId='', eventUid='').
2026-06-12T13:40:15.021+04:00  INFO 13028 --- [gqw] [http-nio-8080-exec-1] c.e.gqw.shop.service.CurrentUserService  : Method finished successfully CurrentUserService.findCurrentUser: operation='read data', layer=SERVICE, durationMs=0, traceId='', eventUid=''.
2026-06-12T13:40:15.021+04:00  INFO 13028 --- [gqw] [http-nio-8080-exec-1] c.e.gqw.shop.service.CurrentUserService  : Method started CurrentUserService.findCurrentUser (operation='read data', layer=SERVICE, traceId='', eventUid='').
2026-06-12T13:40:15.021+04:00  INFO 13028 --- [gqw] [http-nio-8080-exec-1] c.e.gqw.shop.service.CurrentUserService  : Method finished successfully CurrentUserService.findCurrentUser: operation='read data', layer=SERVICE, durationMs=0, traceId='', eventUid=''.
2026-06-12T13:40:15.021+04:00  INFO 13028 --- [gqw] [http-nio-8080-exec-1] c.e.gqw.shop.service.CatalogService      : Method started CatalogService.topCategories (operation='execute business operation', layer=SERVICE, traceId='', eventUid='').
2026-06-12T13:40:15.021+04:00  INFO 13028 --- [gqw] [http-nio-8080-exec-1] c.e.gqw.shop.service.CatalogService      : Method finished successfully CatalogService.topCategories: operation='execute business operation', layer=SERVICE, durationMs=0, traceId='', eventUid=''.
2026-06-12T13:40:15.021+04:00  INFO 13028 --- [gqw] [http-nio-8080-exec-1] c.e.gqw.shop.service.CatalogService      : Method started CatalogService.subcategoriesByParentId (operation='execute business operation', layer=SERVICE, traceId='', eventUid='').
2026-06-12T13:40:15.038+04:00  INFO 13028 --- [gqw] [http-nio-8080-exec-1] c.e.gqw.shop.service.CatalogService      : Method finished successfully CatalogService.subcategoriesByParentId: operation='execute business operation', layer=SERVICE, durationMs=17, traceId='', eventUid=''.
2026-06-12T13:40:15.038+04:00  INFO 13028 --- [gqw] [http-nio-8080-exec-1] c.example.gqw.shop.service.CartService   : Method started CartService.items (operation='read data', layer=SERVICE, traceId='', eventUid='').
2026-06-12T13:40:15.038+04:00  INFO 13028 --- [gqw] [http-nio-8080-exec-1] c.e.gqw.shop.service.CurrentUserService  : Method started CurrentUserService.findCurrentUser (operation='read data', layer=SERVICE, traceId='', eventUid='').
2026-06-12T13:40:15.038+04:00  INFO 13028 --- [gqw] [http-nio-8080-exec-1] c.e.gqw.shop.service.CurrentUserService  : Method finished successfully CurrentUserService.findCurrentUser: operation='read data', layer=SERVICE, durationMs=0, traceId='', eventUid=''.
2026-06-12T13:40:15.038+04:00  INFO 13028 --- [gqw] [http-nio-8080-exec-1] c.example.gqw.shop.service.CartService   : Method finished successfully CartService.items: operation='read data', layer=SERVICE, durationMs=0, traceId='', eventUid=''.
2026-06-12T13:40:15.038+04:00  INFO 13028 --- [gqw] [http-nio-8080-exec-1] c.e.gqw.shop.service.WishlistService     : Method started WishlistService.items (operation='read data', layer=SERVICE, traceId='', eventUid='').
2026-06-12T13:40:15.053+04:00  INFO 13028 --- [gqw] [http-nio-8080-exec-1] c.e.gqw.shop.service.CurrentUserService  : Method started CurrentUserService.findCurrentUser (operation='read data', layer=SERVICE, traceId='', eventUid='').
2026-06-12T13:40:15.053+04:00  INFO 13028 --- [gqw] [http-nio-8080-exec-1] c.e.gqw.shop.service.CurrentUserService  : Method finished successfully CurrentUserService.findCurrentUser: operation='read data', layer=SERVICE, durationMs=0, traceId='', eventUid=''.
2026-06-12T13:40:15.056+04:00  INFO 13028 --- [gqw] [http-nio-8080-exec-1] c.e.gqw.shop.service.WishlistService     : Method finished successfully WishlistService.items: operation='read data', layer=SERVICE, durationMs=17, traceId='', eventUid=''.
2026-06-12T13:40:15.057+04:00  INFO 13028 --- [gqw] [http-nio-8080-exec-1] c.e.gqw.shop.service.WishlistService     : Method started WishlistService.count (operation='count data', layer=SERVICE, traceId='', eventUid='').
2026-06-12T13:40:15.057+04:00  INFO 13028 --- [gqw] [http-nio-8080-exec-1] c.e.gqw.shop.service.CurrentUserService  : Method started CurrentUserService.findCurrentUser (operation='read data', layer=SERVICE, traceId='', eventUid='').
2026-06-12T13:40:15.057+04:00  INFO 13028 --- [gqw] [http-nio-8080-exec-1] c.e.gqw.shop.service.CurrentUserService  : Method finished successfully CurrentUserService.findCurrentUser: operation='read data', layer=SERVICE, durationMs=0, traceId='', eventUid=''.
2026-06-12T13:40:15.058+04:00  INFO 13028 --- [gqw] [http-nio-8080-exec-1] c.e.gqw.shop.service.WishlistService     : Method finished successfully WishlistService.count: operation='count data', layer=SERVICE, durationMs=0, traceId='', eventUid=''.
2026-06-12T13:40:15.059+04:00  INFO 13028 --- [gqw] [http-nio-8080-exec-1] c.example.gqw.shop.service.CartService   : Method started CartService.items (operation='read data', layer=SERVICE, traceId='', eventUid='').
2026-06-12T13:40:15.059+04:00  INFO 13028 --- [gqw] [http-nio-8080-exec-1] c.e.gqw.shop.service.CurrentUserService  : Method started CurrentUserService.findCurrentUser (operation='read data', layer=SERVICE, traceId='', eventUid='').
2026-06-12T13:40:15.060+04:00  INFO 13028 --- [gqw] [http-nio-8080-exec-1] c.e.gqw.shop.service.CurrentUserService  : Method finished successfully CurrentUserService.findCurrentUser: operation='read data', layer=SERVICE, durationMs=0, traceId='', eventUid=''.
2026-06-12T13:40:15.061+04:00  INFO 13028 --- [gqw] [http-nio-8080-exec-1] c.example.gqw.shop.service.CartService   : Method finished successfully CartService.items: operation='read data', layer=SERVICE, durationMs=1, traceId='', eventUid=''.
2026-06-12T13:40:15.126+04:00  INFO 13028 --- [gqw] [http-nio-8080-exec-1] c.e.g.shop.controller.CatalogController  : Method started CatalogController.home (operation='handle incoming request', layer=CONTROLLER, traceId='', eventUid='f6c5ac45-e947-4fce-acf4-b799a81e8814').
2026-06-12T13:40:15.129+04:00  INFO 13028 --- [gqw] [http-nio-8080-exec-1] analytics.layer.stage                    : LAYER_STAGE_START stageId=1107739 layer=FACADE operation='CatalogFacade.homePage' traceId='' eventUid='f6c5ac45-e947-4fce-acf4-b799a81e8814'
2026-06-12T13:40:15.132+04:00  INFO 13028 --- [gqw] [http-nio-8080-exec-1] c.e.gqw.shop.service.CatalogService      : Method started CatalogService.featuredTopCategories (operation='execute business operation', layer=SERVICE, traceId='', eventUid='f6c5ac45-e947-4fce-acf4-b799a81e8814').
2026-06-12T13:40:15.134+04:00  INFO 13028 --- [gqw] [http-nio-8080-exec-1] analytics.layer.stage                    : LAYER_STAGE_START stageId=1107741 layer=PERSISTENCE operation='CatalogPersistence.topCategories' traceId='' eventUid='f6c5ac45-e947-4fce-acf4-b799a81e8814'
2026-06-12T13:40:15.139+04:00  INFO 13028 --- [gqw] [http-nio-8080-exec-1] analytics.db.stage                       : DB_STAGE_START stageId=1107742 method=CategoryRepository.findByParentIsNullAndIsPublishedTrueOrderByIdAsc traceId='' eventUid='f6c5ac45-e947-4fce-acf4-b799a81e8814'
2026-06-12T13:40:15.146+04:00  INFO 13028 --- [gqw] [http-nio-8080-exec-1] jdk.proxy4.$Proxy156                     : Database call completed successfully CategoryRepository.findByParentIsNullAndIsPublishedTrueOrderByIdAsc: layer=DATABASE, stageId=1107742, durationMs=8, traceId='', eventUid='f6c5ac45-e947-4fce-acf4-b799a81e8814'.
2026-06-12T13:40:15.146+04:00  INFO 13028 --- [gqw] [http-nio-8080-exec-1] analytics.db.stage                       : DB_STAGE_END stageId=1107742 method=CategoryRepository.findByParentIsNullAndIsPublishedTrueOrderByIdAsc durationMs=8 traceId='' eventUid='f6c5ac45-e947-4fce-acf4-b799a81e8814'
2026-06-12T13:40:15.149+04:00  INFO 13028 --- [gqw] [http-nio-8080-exec-1] analytics.layer.stage                    : LAYER_STAGE_END stageId=1107741 layer=PERSISTENCE operation='CatalogPersistence.topCategories' traceId='' eventUid='f6c5ac45-e947-4fce-acf4-b799a81e8814'
2026-06-12T13:40:15.150+04:00  INFO 13028 --- [gqw] [http-nio-8080-exec-1] c.e.gqw.shop.service.CatalogService      : Method finished successfully CatalogService.featuredTopCategories: operation='execute business operation', layer=SERVICE, durationMs=18, traceId='', eventUid='f6c5ac45-e947-4fce-acf4-b799a81e8814'.
2026-06-12T13:40:15.153+04:00  INFO 13028 --- [gqw] [http-nio-8080-exec-1] c.e.gqw.shop.service.CatalogService      : Method started CatalogService.latestProducts (operation='execute business operation', layer=SERVICE, traceId='', eventUid='f6c5ac45-e947-4fce-acf4-b799a81e8814').
2026-06-12T13:40:15.153+04:00  INFO 13028 --- [gqw] [http-nio-8080-exec-1] analytics.layer.stage                    : LAYER_STAGE_START stageId=1107744 layer=PERSISTENCE operation='CatalogPersistence.latestProducts' traceId='' eventUid='f6c5ac45-e947-4fce-acf4-b799a81e8814'
2026-06-12T13:40:15.153+04:00  INFO 13028 --- [gqw] [http-nio-8080-exec-1] analytics.db.stage                       : DB_STAGE_START stageId=1107745 method=ProductRepository.findTop20ByIsPublishedTrueOrderByCreatedAtDesc traceId='' eventUid='f6c5ac45-e947-4fce-acf4-b799a81e8814'
2026-06-12T13:40:15.153+04:00  INFO 13028 --- [gqw] [http-nio-8080-exec-1] jdk.proxy4.$Proxy155                     : Database call completed successfully ProductRepository.findTop20ByIsPublishedTrueOrderByCreatedAtDesc: layer=DATABASE, stageId=1107745, durationMs=0, traceId='', eventUid='f6c5ac45-e947-4fce-acf4-b799a81e8814'.
2026-06-12T13:40:15.153+04:00  INFO 13028 --- [gqw] [http-nio-8080-exec-1] analytics.db.stage                       : DB_STAGE_END stageId=1107745 method=ProductRepository.findTop20ByIsPublishedTrueOrderByCreatedAtDesc durationMs=0 traceId='' eventUid='f6c5ac45-e947-4fce-acf4-b799a81e8814'
2026-06-12T13:40:15.169+04:00  INFO 13028 --- [gqw] [http-nio-8080-exec-1] analytics.layer.stage                    : LAYER_STAGE_END stageId=1107744 layer=PERSISTENCE operation='CatalogPersistence.latestProducts' traceId='' eventUid='f6c5ac45-e947-4fce-acf4-b799a81e8814'
2026-06-12T13:40:15.171+04:00  INFO 13028 --- [gqw] [http-nio-8080-exec-1] c.e.gqw.shop.service.CatalogService      : Method finished successfully CatalogService.latestProducts: operation='execute business operation', layer=SERVICE, durationMs=17, traceId='', eventUid='f6c5ac45-e947-4fce-acf4-b799a81e8814'.
2026-06-12T13:40:15.173+04:00  INFO 13028 --- [gqw] [http-nio-8080-exec-1] c.e.gqw.shop.service.CatalogService      : Method started CatalogService.cardCharacteristics (operation='execute business operation', layer=SERVICE, traceId='', eventUid='f6c5ac45-e947-4fce-acf4-b799a81e8814').
2026-06-12T13:40:15.173+04:00  INFO 13028 --- [gqw] [http-nio-8080-exec-1] analytics.layer.stage                    : LAYER_STAGE_START stageId=1107747 layer=PERSISTENCE operation='CatalogPersistence.cardCharacteristics' traceId='' eventUid='f6c5ac45-e947-4fce-acf4-b799a81e8814'
2026-06-12T13:40:15.173+04:00  INFO 13028 --- [gqw] [http-nio-8080-exec-1] analytics.db.stage                       : DB_STAGE_START stageId=1107748 method=ProductCharacteristicRepository.findForProductsOrdered traceId='' eventUid='f6c5ac45-e947-4fce-acf4-b799a81e8814'
2026-06-12T13:40:15.191+04:00  INFO 13028 --- [gqw] [http-nio-8080-exec-1] jdk.proxy4.$Proxy161                     : Database call completed successfully ProductCharacteristicRepository.findForProductsOrdered: layer=DATABASE, stageId=1107748, durationMs=18, traceId='', eventUid='f6c5ac45-e947-4fce-acf4-b799a81e8814'.
2026-06-12T13:40:15.191+04:00  INFO 13028 --- [gqw] [http-nio-8080-exec-1] analytics.db.stage                       : DB_STAGE_END stageId=1107748 method=ProductCharacteristicRepository.findForProductsOrdered durationMs=18 traceId='' eventUid='f6c5ac45-e947-4fce-acf4-b799a81e8814'
2026-06-12T13:40:15.193+04:00  INFO 13028 --- [gqw] [http-nio-8080-exec-1] analytics.layer.stage                    : LAYER_STAGE_END stageId=1107747 layer=PERSISTENCE operation='CatalogPersistence.cardCharacteristics' traceId='' eventUid='f6c5ac45-e947-4fce-acf4-b799a81e8814'
2026-06-12T13:40:15.194+04:00  INFO 13028 --- [gqw] [http-nio-8080-exec-1] c.e.gqw.shop.service.CatalogService      : Method finished successfully CatalogService.cardCharacteristics: operation='execute business operation', layer=SERVICE, durationMs=21, traceId='', eventUid='f6c5ac45-e947-4fce-acf4-b799a81e8814'.
2026-06-12T13:40:15.198+04:00  INFO 13028 --- [gqw] [http-nio-8080-exec-1] analytics.layer.stage                    : LAYER_STAGE_END stageId=1107739 layer=FACADE operation='CatalogFacade.homePage' traceId='' eventUid='f6c5ac45-e947-4fce-acf4-b799a81e8814'
2026-06-12T13:40:15.199+04:00  INFO 13028 --- [gqw] [http-nio-8080-exec-1] c.e.g.shop.controller.CatalogController  : Method finished successfully CatalogController.home: operation='handle incoming request', layer=CONTROLLER, durationMs=73, traceId='', eventUid='f6c5ac45-e947-4fce-acf4-b799a81e8814'.
2026-06-12T13:40:16.216+04:00  INFO 13028 --- [gqw] [http-nio-8080-exec-10] c.e.gqw.shop.service.CatalogService      : Method started CatalogService.topCategories (operation='execute business operation', layer=SERVICE, traceId='', eventUid='').
2026-06-12T13:40:16.219+04:00  INFO 13028 --- [gqw] [http-nio-8080-exec-10] c.e.gqw.shop.service.CatalogService      : Method finished successfully CatalogService.topCategories: operation='execute business operation', layer=SERVICE, durationMs=2, traceId='', eventUid=''.
2026-06-12T13:40:16.219+04:00  INFO 13028 --- [gqw] [http-nio-8080-exec-10] c.e.gqw.shop.service.CurrentUserService  : Method started CurrentUserService.findCurrentUser (operation='read data', layer=SERVICE, traceId='', eventUid='').
2026-06-12T13:40:16.220+04:00  INFO 13028 --- [gqw] [http-nio-8080-exec-10] c.e.gqw.shop.service.CurrentUserService  : Method finished successfully CurrentUserService.findCurrentUser: operation='read data', layer=SERVICE, durationMs=1, traceId='', eventUid=''.
2026-06-12T13:40:16.220+04:00  INFO 13028 --- [gqw] [http-nio-8080-exec-10] c.e.gqw.shop.service.CurrentUserService  : Method started CurrentUserService.findCurrentUser (operation='read data', layer=SERVICE, traceId='', eventUid='').
2026-06-12T13:40:16.220+04:00  INFO 13028 --- [gqw] [http-nio-8080-exec-10] c.e.gqw.shop.service.CurrentUserService  : Method finished successfully CurrentUserService.findCurrentUser: operation='read data', layer=SERVICE, durationMs=0, traceId='', eventUid=''.
2026-06-12T13:40:16.221+04:00  INFO 13028 --- [gqw] [http-nio-8080-exec-10] c.e.gqw.shop.service.CatalogService      : Method started CatalogService.topCategories (operation='execute business operation', layer=SERVICE, traceId='', eventUid='').
2026-06-12T13:40:16.222+04:00  INFO 13028 --- [gqw] [http-nio-8080-exec-10] c.e.gqw.shop.service.CatalogService      : Method finished successfully CatalogService.topCategories: operation='execute business operation', layer=SERVICE, durationMs=1, traceId='', eventUid=''.
2026-06-12T13:40:16.223+04:00  INFO 13028 --- [gqw] [http-nio-8080-exec-10] c.e.gqw.shop.service.CatalogService      : Method started CatalogService.subcategoriesByParentId (operation='execute business operation', layer=SERVICE, traceId='', eventUid='').
2026-06-12T13:40:16.226+04:00  INFO 13028 --- [gqw] [http-nio-8080-exec-10] c.e.gqw.shop.service.CatalogService      : Method finished successfully CatalogService.subcategoriesByParentId: operation='execute business operation', layer=SERVICE, durationMs=2, traceId='', eventUid=''.
2026-06-12T13:40:16.227+04:00  INFO 13028 --- [gqw] [http-nio-8080-exec-10] c.example.gqw.shop.service.CartService   : Method started CartService.items (operation='read data', layer=SERVICE, traceId='', eventUid='').
2026-06-12T13:40:16.227+04:00  INFO 13028 --- [gqw] [http-nio-8080-exec-10] c.e.gqw.shop.service.CurrentUserService  : Method started CurrentUserService.findCurrentUser (operation='read data', layer=SERVICE, traceId='', eventUid='').
2026-06-12T13:40:16.227+04:00  INFO 13028 --- [gqw] [http-nio-8080-exec-10] c.e.gqw.shop.service.CurrentUserService  : Method finished successfully CurrentUserService.findCurrentUser: operation='read data', layer=SERVICE, durationMs=0, traceId='', eventUid=''.
2026-06-12T13:40:16.228+04:00  INFO 13028 --- [gqw] [http-nio-8080-exec-10] c.example.gqw.shop.service.CartService   : Method finished successfully CartService.items: operation='read data', layer=SERVICE, durationMs=1, traceId='', eventUid=''.
2026-06-12T13:40:16.228+04:00  INFO 13028 --- [gqw] [http-nio-8080-exec-10] c.e.gqw.shop.service.WishlistService     : Method started WishlistService.items (operation='read data', layer=SERVICE, traceId='', eventUid='').
2026-06-12T13:40:16.229+04:00  INFO 13028 --- [gqw] [http-nio-8080-exec-10] c.e.gqw.shop.service.CurrentUserService  : Method started CurrentUserService.findCurrentUser (operation='read data', layer=SERVICE, traceId='', eventUid='').
2026-06-12T13:40:16.229+04:00  INFO 13028 --- [gqw] [http-nio-8080-exec-10] c.e.gqw.shop.service.CurrentUserService  : Method finished successfully CurrentUserService.findCurrentUser: operation='read data', layer=SERVICE, durationMs=0, traceId='', eventUid=''.
2026-06-12T13:40:16.230+04:00  INFO 13028 --- [gqw] [http-nio-8080-exec-10] c.e.gqw.shop.service.WishlistService     : Method finished successfully WishlistService.items: operation='read data', layer=SERVICE, durationMs=2, traceId='', eventUid=''.
2026-06-12T13:40:16.231+04:00  INFO 13028 --- [gqw] [http-nio-8080-exec-10] c.e.gqw.shop.service.WishlistService     : Method started WishlistService.count (operation='count data', layer=SERVICE, traceId='', eventUid='').
2026-06-12T13:40:16.231+04:00  INFO 13028 --- [gqw] [http-nio-8080-exec-10] c.e.gqw.shop.service.CurrentUserService  : Method started CurrentUserService.findCurrentUser (operation='read data', layer=SERVICE, traceId='', eventUid='').
2026-06-12T13:40:16.231+04:00  INFO 13028 --- [gqw] [http-nio-8080-exec-10] c.e.gqw.shop.service.CurrentUserService  : Method finished successfully CurrentUserService.findCurrentUser: operation='read data', layer=SERVICE, durationMs=0, traceId='', eventUid=''.
2026-06-12T13:40:16.232+04:00  INFO 13028 --- [gqw] [http-nio-8080-exec-10] c.e.gqw.shop.service.WishlistService     : Method finished successfully WishlistService.count: operation='count data', layer=SERVICE, durationMs=2, traceId='', eventUid=''.
2026-06-12T13:40:16.232+04:00  INFO 13028 --- [gqw] [http-nio-8080-exec-10] c.example.gqw.shop.service.CartService   : Method started CartService.items (operation='read data', layer=SERVICE, traceId='', eventUid='').
2026-06-12T13:40:16.233+04:00  INFO 13028 --- [gqw] [http-nio-8080-exec-10] c.e.gqw.shop.service.CurrentUserService  : Method started CurrentUserService.findCurrentUser (operation='read data', layer=SERVICE, traceId='', eventUid='').
2026-06-12T13:40:16.233+04:00  INFO 13028 --- [gqw] [http-nio-8080-exec-10] c.e.gqw.shop.service.CurrentUserService  : Method finished successfully CurrentUserService.findCurrentUser: operation='read data', layer=SERVICE, durationMs=0, traceId='', eventUid=''.
2026-06-12T13:40:16.233+04:00  INFO 13028 --- [gqw] [http-nio-8080-exec-10] c.example.gqw.shop.service.CartService   : Method finished successfully CartService.items: operation='read data', layer=SERVICE, durationMs=0, traceId='', eventUid=''.
2026-06-12T13:40:16.234+04:00  INFO 13028 --- [gqw] [http-nio-8080-exec-10] c.e.gqw.shop.controller.CartController   : Method started CartController.cartCountApi (operation='handle incoming request', layer=CONTROLLER, traceId='', eventUid='').
2026-06-12T13:40:16.234+04:00  INFO 13028 --- [gqw] [http-nio-8080-exec-10] c.example.gqw.shop.service.CartService   : Method started CartService.items (operation='read data', layer=SERVICE, traceId='', eventUid='').
2026-06-12T13:40:16.234+04:00  INFO 13028 --- [gqw] [http-nio-8080-exec-10] c.e.gqw.shop.service.CurrentUserService  : Method started CurrentUserService.findCurrentUser (operation='read data', layer=SERVICE, traceId='', eventUid='').
2026-06-12T13:40:16.234+04:00  INFO 13028 --- [gqw] [http-nio-8080-exec-10] c.e.gqw.shop.service.CurrentUserService  : Method finished successfully CurrentUserService.findCurrentUser: operation='read data', layer=SERVICE, durationMs=0, traceId='', eventUid=''.
2026-06-12T13:40:16.235+04:00  INFO 13028 --- [gqw] [http-nio-8080-exec-10] c.example.gqw.shop.service.CartService   : Method finished successfully CartService.items: operation='read data', layer=SERVICE, durationMs=1, traceId='', eventUid=''.
2026-06-12T13:40:16.235+04:00  INFO 13028 --- [gqw] [http-nio-8080-exec-10] c.e.gqw.shop.controller.CartController   : Method finished successfully CartController.cartCountApi: operation='handle incoming request', layer=CONTROLLER, durationMs=1, traceId='', eventUid=''.
2026-06-12T13:40:34.356+04:00  INFO 13028 --- [gqw] [http-nio-8080-exec-1] c.e.gqw.shop.service.CatalogService      : Method started CatalogService.topCategories (operation='execute business operation', layer=SERVICE, traceId='', eventUid='').
2026-06-12T13:40:34.356+04:00  INFO 13028 --- [gqw] [http-nio-8080-exec-1] c.e.gqw.shop.service.CatalogService      : Method finished successfully CatalogService.topCategories: operation='execute business operation', layer=SERVICE, durationMs=0, traceId='', eventUid=''.
2026-06-12T13:40:34.356+04:00  INFO 13028 --- [gqw] [http-nio-8080-exec-1] c.e.gqw.shop.service.CurrentUserService  : Method started CurrentUserService.findCurrentUser (operation='read data', layer=SERVICE, traceId='', eventUid='').
2026-06-12T13:40:34.356+04:00  INFO 13028 --- [gqw] [http-nio-8080-exec-1] c.e.gqw.shop.service.CurrentUserService  : Method finished successfully CurrentUserService.findCurrentUser: operation='read data', layer=SERVICE, durationMs=0, traceId='', eventUid=''.
2026-06-12T13:40:34.356+04:00  INFO 13028 --- [gqw] [http-nio-8080-exec-1] c.e.gqw.shop.service.CurrentUserService  : Method started CurrentUserService.findCurrentUser (operation='read data', layer=SERVICE, traceId='', eventUid='').
2026-06-12T13:40:34.356+04:00  INFO 13028 --- [gqw] [http-nio-8080-exec-1] c.e.gqw.shop.service.CurrentUserService  : Method finished successfully CurrentUserService.findCurrentUser: operation='read data', layer=SERVICE, durationMs=0, traceId='', eventUid=''.
2026-06-12T13:40:34.356+04:00  INFO 13028 --- [gqw] [http-nio-8080-exec-1] c.e.gqw.shop.service.CatalogService      : Method started CatalogService.topCategories (operation='execute business operation', layer=SERVICE, traceId='', eventUid='').
2026-06-12T13:40:34.356+04:00  INFO 13028 --- [gqw] [http-nio-8080-exec-1] c.e.gqw.shop.service.CatalogService      : Method finished successfully CatalogService.topCategories: operation='execute business operation', layer=SERVICE, durationMs=0, traceId='', eventUid=''.
2026-06-12T13:40:34.356+04:00  INFO 13028 --- [gqw] [http-nio-8080-exec-1] c.e.gqw.shop.service.CatalogService      : Method started CatalogService.subcategoriesByParentId (operation='execute business operation', layer=SERVICE, traceId='', eventUid='').
2026-06-12T13:40:34.373+04:00  INFO 13028 --- [gqw] [http-nio-8080-exec-1] c.e.gqw.shop.service.CatalogService      : Method finished successfully CatalogService.subcategoriesByParentId: operation='execute business operation', layer=SERVICE, durationMs=16, traceId='', eventUid=''.
2026-06-12T13:40:34.373+04:00  INFO 13028 --- [gqw] [http-nio-8080-exec-1] c.example.gqw.shop.service.CartService   : Method started CartService.items (operation='read data', layer=SERVICE, traceId='', eventUid='').
2026-06-12T13:40:34.373+04:00  INFO 13028 --- [gqw] [http-nio-8080-exec-1] c.e.gqw.shop.service.CurrentUserService  : Method started CurrentUserService.findCurrentUser (operation='read data', layer=SERVICE, traceId='', eventUid='').
2026-06-12T13:40:34.373+04:00  INFO 13028 --- [gqw] [http-nio-8080-exec-1] c.e.gqw.shop.service.CurrentUserService  : Method finished successfully CurrentUserService.findCurrentUser: operation='read data', layer=SERVICE, durationMs=0, traceId='', eventUid=''.
2026-06-12T13:40:34.373+04:00  INFO 13028 --- [gqw] [http-nio-8080-exec-1] c.example.gqw.shop.service.CartService   : Method finished successfully CartService.items: operation='read data', layer=SERVICE, durationMs=0, traceId='', eventUid=''.
2026-06-12T13:40:34.373+04:00  INFO 13028 --- [gqw] [http-nio-8080-exec-1] c.e.gqw.shop.service.WishlistService     : Method started WishlistService.items (operation='read data', layer=SERVICE, traceId='', eventUid='').
2026-06-12T13:40:34.373+04:00  INFO 13028 --- [gqw] [http-nio-8080-exec-1] c.e.gqw.shop.service.CurrentUserService  : Method started CurrentUserService.findCurrentUser (operation='read data', layer=SERVICE, traceId='', eventUid='').
2026-06-12T13:40:34.373+04:00  INFO 13028 --- [gqw] [http-nio-8080-exec-1] c.e.gqw.shop.service.CurrentUserService  : Method finished successfully CurrentUserService.findCurrentUser: operation='read data', layer=SERVICE, durationMs=0, traceId='', eventUid=''.
2026-06-12T13:40:34.373+04:00  INFO 13028 --- [gqw] [http-nio-8080-exec-1] c.e.gqw.shop.service.WishlistService     : Method finished successfully WishlistService.items: operation='read data', layer=SERVICE, durationMs=0, traceId='', eventUid=''.
2026-06-12T13:40:34.373+04:00  INFO 13028 --- [gqw] [http-nio-8080-exec-1] c.e.gqw.shop.service.WishlistService     : Method started WishlistService.count (operation='count data', layer=SERVICE, traceId='', eventUid='').
2026-06-12T13:40:34.373+04:00  INFO 13028 --- [gqw] [http-nio-8080-exec-1] c.e.gqw.shop.service.CurrentUserService  : Method started CurrentUserService.findCurrentUser (operation='read data', layer=SERVICE, traceId='', eventUid='').
2026-06-12T13:40:34.373+04:00  INFO 13028 --- [gqw] [http-nio-8080-exec-1] c.e.gqw.shop.service.CurrentUserService  : Method finished successfully CurrentUserService.findCurrentUser: operation='read data', layer=SERVICE, durationMs=0, traceId='', eventUid=''.
2026-06-12T13:40:34.373+04:00  INFO 13028 --- [gqw] [http-nio-8080-exec-1] c.e.gqw.shop.service.WishlistService     : Method finished successfully WishlistService.count: operation='count data', layer=SERVICE, durationMs=0, traceId='', eventUid=''.
2026-06-12T13:40:34.373+04:00  INFO 13028 --- [gqw] [http-nio-8080-exec-1] c.example.gqw.shop.service.CartService   : Method started CartService.items (operation='read data', layer=SERVICE, traceId='', eventUid='').
2026-06-12T13:40:34.373+04:00  INFO 13028 --- [gqw] [http-nio-8080-exec-1] c.e.gqw.shop.service.CurrentUserService  : Method started CurrentUserService.findCurrentUser (operation='read data', layer=SERVICE, traceId='', eventUid='').
2026-06-12T13:40:34.373+04:00  INFO 13028 --- [gqw] [http-nio-8080-exec-1] c.e.gqw.shop.service.CurrentUserService  : Method finished successfully CurrentUserService.findCurrentUser: operation='read data', layer=SERVICE, durationMs=0, traceId='', eventUid=''.
2026-06-12T13:40:34.373+04:00  INFO 13028 --- [gqw] [http-nio-8080-exec-1] c.example.gqw.shop.service.CartService   : Method finished successfully CartService.items: operation='read data', layer=SERVICE, durationMs=0, traceId='', eventUid=''.
2026-06-12T13:40:34.390+04:00  INFO 13028 --- [gqw] [http-nio-8080-exec-1] c.e.gqw.shop.controller.AuthController   : Method started AuthController.login (operation='handle incoming request', layer=CONTROLLER, traceId='', eventUid='e1186062-3bec-4a44-b9f2-f5199828da67').
2026-06-12T13:40:34.390+04:00  INFO 13028 --- [gqw] [http-nio-8080-exec-1] c.e.gqw.shop.controller.AuthController   : Method finished successfully AuthController.login: operation='handle incoming request', layer=CONTROLLER, durationMs=0, traceId='', eventUid='e1186062-3bec-4a44-b9f2-f5199828da67'.
2026-06-12T13:40:34.458+04:00  INFO 13028 --- [gqw] [http-nio-8080-exec-9] c.e.gqw.shop.service.CatalogService      : Method started CatalogService.topCategories (operation='execute business operation', layer=SERVICE, traceId='', eventUid='').
2026-06-12T13:40:34.461+04:00  INFO 13028 --- [gqw] [http-nio-8080-exec-9] c.e.gqw.shop.service.CatalogService      : Method finished successfully CatalogService.topCategories: operation='execute business operation', layer=SERVICE, durationMs=1, traceId='', eventUid=''.
2026-06-12T13:40:34.461+04:00  INFO 13028 --- [gqw] [http-nio-8080-exec-9] c.e.gqw.shop.service.CurrentUserService  : Method started CurrentUserService.findCurrentUser (operation='read data', layer=SERVICE, traceId='', eventUid='').
2026-06-12T13:40:34.461+04:00  INFO 13028 --- [gqw] [http-nio-8080-exec-9] c.e.gqw.shop.service.CurrentUserService  : Method finished successfully CurrentUserService.findCurrentUser: operation='read data', layer=SERVICE, durationMs=0, traceId='', eventUid=''.
2026-06-12T13:40:34.462+04:00  INFO 13028 --- [gqw] [http-nio-8080-exec-9] c.e.gqw.shop.service.CurrentUserService  : Method started CurrentUserService.findCurrentUser (operation='read data', layer=SERVICE, traceId='', eventUid='').
2026-06-12T13:40:34.462+04:00  INFO 13028 --- [gqw] [http-nio-8080-exec-9] c.e.gqw.shop.service.CurrentUserService  : Method finished successfully CurrentUserService.findCurrentUser: operation='read data', layer=SERVICE, durationMs=0, traceId='', eventUid=''.
2026-06-12T13:40:34.462+04:00  INFO 13028 --- [gqw] [http-nio-8080-exec-9] c.e.gqw.shop.service.CatalogService      : Method started CatalogService.topCategories (operation='execute business operation', layer=SERVICE, traceId='', eventUid='').
2026-06-12T13:40:34.463+04:00  INFO 13028 --- [gqw] [http-nio-8080-exec-9] c.e.gqw.shop.service.CatalogService      : Method finished successfully CatalogService.topCategories: operation='execute business operation', layer=SERVICE, durationMs=0, traceId='', eventUid=''.
2026-06-12T13:40:34.463+04:00  INFO 13028 --- [gqw] [http-nio-8080-exec-9] c.e.gqw.shop.service.CatalogService      : Method started CatalogService.subcategoriesByParentId (operation='execute business operation', layer=SERVICE, traceId='', eventUid='').
2026-06-12T13:40:34.466+04:00  INFO 13028 --- [gqw] [http-nio-8080-exec-9] c.e.gqw.shop.service.CatalogService      : Method finished successfully CatalogService.subcategoriesByParentId: operation='execute business operation', layer=SERVICE, durationMs=3, traceId='', eventUid=''.
2026-06-12T13:40:34.466+04:00  INFO 13028 --- [gqw] [http-nio-8080-exec-9] c.example.gqw.shop.service.CartService   : Method started CartService.items (operation='read data', layer=SERVICE, traceId='', eventUid='').
2026-06-12T13:40:34.467+04:00  INFO 13028 --- [gqw] [http-nio-8080-exec-9] c.e.gqw.shop.service.CurrentUserService  : Method started CurrentUserService.findCurrentUser (operation='read data', layer=SERVICE, traceId='', eventUid='').
2026-06-12T13:40:34.467+04:00  INFO 13028 --- [gqw] [http-nio-8080-exec-9] c.e.gqw.shop.service.CurrentUserService  : Method finished successfully CurrentUserService.findCurrentUser: operation='read data', layer=SERVICE, durationMs=0, traceId='', eventUid=''.
2026-06-12T13:40:34.467+04:00  INFO 13028 --- [gqw] [http-nio-8080-exec-9] c.example.gqw.shop.service.CartService   : Method finished successfully CartService.items: operation='read data', layer=SERVICE, durationMs=0, traceId='', eventUid=''.
2026-06-12T13:40:34.467+04:00  INFO 13028 --- [gqw] [http-nio-8080-exec-9] c.e.gqw.shop.service.WishlistService     : Method started WishlistService.items (operation='read data', layer=SERVICE, traceId='', eventUid='').
2026-06-12T13:40:34.468+04:00  INFO 13028 --- [gqw] [http-nio-8080-exec-9] c.e.gqw.shop.service.CurrentUserService  : Method started CurrentUserService.findCurrentUser (operation='read data', layer=SERVICE, traceId='', eventUid='').
2026-06-12T13:40:34.468+04:00  INFO 13028 --- [gqw] [http-nio-8080-exec-9] c.e.gqw.shop.service.CurrentUserService  : Method finished successfully CurrentUserService.findCurrentUser: operation='read data', layer=SERVICE, durationMs=0, traceId='', eventUid=''.
2026-06-12T13:40:34.468+04:00  INFO 13028 --- [gqw] [http-nio-8080-exec-9] c.e.gqw.shop.service.WishlistService     : Method finished successfully WishlistService.items: operation='read data', layer=SERVICE, durationMs=0, traceId='', eventUid=''.
2026-06-12T13:40:34.468+04:00  INFO 13028 --- [gqw] [http-nio-8080-exec-9] c.e.gqw.shop.service.WishlistService     : Method started WishlistService.count (operation='count data', layer=SERVICE, traceId='', eventUid='').
2026-06-12T13:40:34.468+04:00  INFO 13028 --- [gqw] [http-nio-8080-exec-9] c.e.gqw.shop.service.CurrentUserService  : Method started CurrentUserService.findCurrentUser (operation='read data', layer=SERVICE, traceId='', eventUid='').
2026-06-12T13:40:34.468+04:00  INFO 13028 --- [gqw] [http-nio-8080-exec-9] c.e.gqw.shop.service.CurrentUserService  : Method finished successfully CurrentUserService.findCurrentUser: operation='read data', layer=SERVICE, durationMs=0, traceId='', eventUid=''.
2026-06-12T13:40:34.469+04:00  INFO 13028 --- [gqw] [http-nio-8080-exec-9] c.e.gqw.shop.service.WishlistService     : Method finished successfully WishlistService.count: operation='count data', layer=SERVICE, durationMs=1, traceId='', eventUid=''.
2026-06-12T13:40:34.469+04:00  INFO 13028 --- [gqw] [http-nio-8080-exec-9] c.example.gqw.shop.service.CartService   : Method started CartService.items (operation='read data', layer=SERVICE, traceId='', eventUid='').
2026-06-12T13:40:34.469+04:00  INFO 13028 --- [gqw] [http-nio-8080-exec-9] c.e.gqw.shop.service.CurrentUserService  : Method started CurrentUserService.findCurrentUser (operation='read data', layer=SERVICE, traceId='', eventUid='').
2026-06-12T13:40:34.469+04:00  INFO 13028 --- [gqw] [http-nio-8080-exec-9] c.e.gqw.shop.service.CurrentUserService  : Method finished successfully CurrentUserService.findCurrentUser: operation='read data', layer=SERVICE, durationMs=0, traceId='', eventUid=''.
2026-06-12T13:40:34.470+04:00  INFO 13028 --- [gqw] [http-nio-8080-exec-9] c.example.gqw.shop.service.CartService   : Method finished successfully CartService.items: operation='read data', layer=SERVICE, durationMs=0, traceId='', eventUid=''.
2026-06-12T13:40:34.470+04:00  INFO 13028 --- [gqw] [http-nio-8080-exec-9] c.e.gqw.shop.controller.CartController   : Method started CartController.cartCountApi (operation='handle incoming request', layer=CONTROLLER, traceId='', eventUid='').
2026-06-12T13:40:34.470+04:00  INFO 13028 --- [gqw] [http-nio-8080-exec-9] c.example.gqw.shop.service.CartService   : Method started CartService.items (operation='read data', layer=SERVICE, traceId='', eventUid='').
2026-06-12T13:40:34.470+04:00  INFO 13028 --- [gqw] [http-nio-8080-exec-9] c.e.gqw.shop.service.CurrentUserService  : Method started CurrentUserService.findCurrentUser (operation='read data', layer=SERVICE, traceId='', eventUid='').
2026-06-12T13:40:34.470+04:00  INFO 13028 --- [gqw] [http-nio-8080-exec-9] c.e.gqw.shop.service.CurrentUserService  : Method finished successfully CurrentUserService.findCurrentUser: operation='read data', layer=SERVICE, durationMs=0, traceId='', eventUid=''.
2026-06-12T13:40:34.471+04:00  INFO 13028 --- [gqw] [http-nio-8080-exec-9] c.example.gqw.shop.service.CartService   : Method finished successfully CartService.items: operation='read data', layer=SERVICE, durationMs=1, traceId='', eventUid=''.
2026-06-12T13:40:34.471+04:00  INFO 13028 --- [gqw] [http-nio-8080-exec-9] c.e.gqw.shop.controller.CartController   : Method finished successfully CartController.cartCountApi: operation='handle incoming request', layer=CONTROLLER, durationMs=1, traceId='', eventUid=''.
2026-06-12T13:40:35.656+04:00  INFO 13028 --- [gqw] [http-nio-8080-exec-7] c.e.gqw.shop.service.CatalogService      : Method started CatalogService.topCategories (operation='execute business operation', layer=SERVICE, traceId='', eventUid='').
2026-06-12T13:40:35.657+04:00  INFO 13028 --- [gqw] [http-nio-8080-exec-7] c.e.gqw.shop.service.CatalogService      : Method finished successfully CatalogService.topCategories: operation='execute business operation', layer=SERVICE, durationMs=1, traceId='', eventUid=''.
2026-06-12T13:40:35.657+04:00  INFO 13028 --- [gqw] [http-nio-8080-exec-7] c.e.gqw.shop.service.CurrentUserService  : Method started CurrentUserService.findCurrentUser (operation='read data', layer=SERVICE, traceId='', eventUid='').
2026-06-12T13:40:35.657+04:00  INFO 13028 --- [gqw] [http-nio-8080-exec-7] c.e.gqw.shop.service.CurrentUserService  : Method finished successfully CurrentUserService.findCurrentUser: operation='read data', layer=SERVICE, durationMs=0, traceId='', eventUid=''.
2026-06-12T13:40:35.657+04:00  INFO 13028 --- [gqw] [http-nio-8080-exec-7] c.e.gqw.shop.service.CurrentUserService  : Method started CurrentUserService.findCurrentUser (operation='read data', layer=SERVICE, traceId='', eventUid='').
2026-06-12T13:40:35.657+04:00  INFO 13028 --- [gqw] [http-nio-8080-exec-7] c.e.gqw.shop.service.CurrentUserService  : Method finished successfully CurrentUserService.findCurrentUser: operation='read data', layer=SERVICE, durationMs=0, traceId='', eventUid=''.
2026-06-12T13:40:35.657+04:00  INFO 13028 --- [gqw] [http-nio-8080-exec-7] c.e.gqw.shop.service.CatalogService      : Method started CatalogService.topCategories (operation='execute business operation', layer=SERVICE, traceId='', eventUid='').
2026-06-12T13:40:35.657+04:00  INFO 13028 --- [gqw] [http-nio-8080-exec-7] c.e.gqw.shop.service.CatalogService      : Method finished successfully CatalogService.topCategories: operation='execute business operation', layer=SERVICE, durationMs=0, traceId='', eventUid=''.
2026-06-12T13:40:35.657+04:00  INFO 13028 --- [gqw] [http-nio-8080-exec-7] c.e.gqw.shop.service.CatalogService      : Method started CatalogService.subcategoriesByParentId (operation='execute business operation', layer=SERVICE, traceId='', eventUid='').
2026-06-12T13:40:35.657+04:00  INFO 13028 --- [gqw] [http-nio-8080-exec-7] c.e.gqw.shop.service.CatalogService      : Method finished successfully CatalogService.subcategoriesByParentId: operation='execute business operation', layer=SERVICE, durationMs=0, traceId='', eventUid=''.
2026-06-12T13:40:35.657+04:00  INFO 13028 --- [gqw] [http-nio-8080-exec-7] c.example.gqw.shop.service.CartService   : Method started CartService.items (operation='read data', layer=SERVICE, traceId='', eventUid='').
2026-06-12T13:40:35.657+04:00  INFO 13028 --- [gqw] [http-nio-8080-exec-7] c.e.gqw.shop.service.CurrentUserService  : Method started CurrentUserService.findCurrentUser (operation='read data', layer=SERVICE, traceId='', eventUid='').
2026-06-12T13:40:35.657+04:00  INFO 13028 --- [gqw] [http-nio-8080-exec-7] c.e.gqw.shop.service.CurrentUserService  : Method finished successfully CurrentUserService.findCurrentUser: operation='read data', layer=SERVICE, durationMs=0, traceId='', eventUid=''.
2026-06-12T13:40:35.657+04:00  INFO 13028 --- [gqw] [http-nio-8080-exec-7] c.example.gqw.shop.service.CartService   : Method finished successfully CartService.items: operation='read data', layer=SERVICE, durationMs=0, traceId='', eventUid=''.
2026-06-12T13:40:35.657+04:00  INFO 13028 --- [gqw] [http-nio-8080-exec-7] c.e.gqw.shop.service.WishlistService     : Method started WishlistService.items (operation='read data', layer=SERVICE, traceId='', eventUid='').
2026-06-12T13:40:35.657+04:00  INFO 13028 --- [gqw] [http-nio-8080-exec-7] c.e.gqw.shop.service.CurrentUserService  : Method started CurrentUserService.findCurrentUser (operation='read data', layer=SERVICE, traceId='', eventUid='').
2026-06-12T13:40:35.657+04:00  INFO 13028 --- [gqw] [http-nio-8080-exec-7] c.e.gqw.shop.service.CurrentUserService  : Method finished successfully CurrentUserService.findCurrentUser: operation='read data', layer=SERVICE, durationMs=0, traceId='', eventUid=''.
2026-06-12T13:40:35.657+04:00  INFO 13028 --- [gqw] [http-nio-8080-exec-7] c.e.gqw.shop.service.WishlistService     : Method finished successfully WishlistService.items: operation='read data', layer=SERVICE, durationMs=0, traceId='', eventUid=''.
2026-06-12T13:40:35.657+04:00  INFO 13028 --- [gqw] [http-nio-8080-exec-7] c.e.gqw.shop.service.WishlistService     : Method started WishlistService.count (operation='count data', layer=SERVICE, traceId='', eventUid='').
2026-06-12T13:40:35.657+04:00  INFO 13028 --- [gqw] [http-nio-8080-exec-7] c.e.gqw.shop.service.CurrentUserService  : Method started CurrentUserService.findCurrentUser (operation='read data', layer=SERVICE, traceId='', eventUid='').
2026-06-12T13:40:35.657+04:00  INFO 13028 --- [gqw] [http-nio-8080-exec-7] c.e.gqw.shop.service.CurrentUserService  : Method finished successfully CurrentUserService.findCurrentUser: operation='read data', layer=SERVICE, durationMs=0, traceId='', eventUid=''.
2026-06-12T13:40:35.657+04:00  INFO 13028 --- [gqw] [http-nio-8080-exec-7] c.e.gqw.shop.service.WishlistService     : Method finished successfully WishlistService.count: operation='count data', layer=SERVICE, durationMs=0, traceId='', eventUid=''.
2026-06-12T13:40:35.657+04:00  INFO 13028 --- [gqw] [http-nio-8080-exec-7] c.example.gqw.shop.service.CartService   : Method started CartService.items (operation='read data', layer=SERVICE, traceId='', eventUid='').
2026-06-12T13:40:35.657+04:00  INFO 13028 --- [gqw] [http-nio-8080-exec-7] c.e.gqw.shop.service.CurrentUserService  : Method started CurrentUserService.findCurrentUser (operation='read data', layer=SERVICE, traceId='', eventUid='').
2026-06-12T13:40:35.657+04:00  INFO 13028 --- [gqw] [http-nio-8080-exec-7] c.e.gqw.shop.service.CurrentUserService  : Method finished successfully CurrentUserService.findCurrentUser: operation='read data', layer=SERVICE, durationMs=0, traceId='', eventUid=''.
2026-06-12T13:40:35.657+04:00  INFO 13028 --- [gqw] [http-nio-8080-exec-7] c.example.gqw.shop.service.CartService   : Method finished successfully CartService.items: operation='read data', layer=SERVICE, durationMs=0, traceId='', eventUid=''.
2026-06-12T13:40:35.674+04:00  INFO 13028 --- [gqw] [http-nio-8080-exec-7] c.e.gqw.shop.controller.AuthController   : Method started AuthController.login (operation='handle incoming request', layer=CONTROLLER, traceId='', eventUid='bf50d2f2-5840-4711-87cd-fbf5afd97d42').
2026-06-12T13:40:35.674+04:00  INFO 13028 --- [gqw] [http-nio-8080-exec-7] c.e.gqw.shop.controller.AuthController   : Method finished successfully AuthController.login: operation='handle incoming request', layer=CONTROLLER, durationMs=0, traceId='', eventUid='bf50d2f2-5840-4711-87cd-fbf5afd97d42'.
2026-06-12T13:40:35.801+04:00  INFO 13028 --- [gqw] [http-nio-8080-exec-10] c.e.gqw.shop.service.CatalogService      : Method started CatalogService.topCategories (operation='execute business operation', layer=SERVICE, traceId='', eventUid='').
2026-06-12T13:40:35.802+04:00  INFO 13028 --- [gqw] [http-nio-8080-exec-10] c.e.gqw.shop.service.CatalogService      : Method finished successfully CatalogService.topCategories: operation='execute business operation', layer=SERVICE, durationMs=0, traceId='', eventUid=''.
2026-06-12T13:40:35.802+04:00  INFO 13028 --- [gqw] [http-nio-8080-exec-10] c.e.gqw.shop.service.CurrentUserService  : Method started CurrentUserService.findCurrentUser (operation='read data', layer=SERVICE, traceId='', eventUid='').
2026-06-12T13:40:35.802+04:00  INFO 13028 --- [gqw] [http-nio-8080-exec-10] c.e.gqw.shop.service.CurrentUserService  : Method finished successfully CurrentUserService.findCurrentUser: operation='read data', layer=SERVICE, durationMs=0, traceId='', eventUid=''.
2026-06-12T13:40:35.803+04:00  INFO 13028 --- [gqw] [http-nio-8080-exec-10] c.e.gqw.shop.service.CurrentUserService  : Method started CurrentUserService.findCurrentUser (operation='read data', layer=SERVICE, traceId='', eventUid='').
2026-06-12T13:40:35.803+04:00  INFO 13028 --- [gqw] [http-nio-8080-exec-10] c.e.gqw.shop.service.CurrentUserService  : Method finished successfully CurrentUserService.findCurrentUser: operation='read data', layer=SERVICE, durationMs=0, traceId='', eventUid=''.
2026-06-12T13:40:35.803+04:00  INFO 13028 --- [gqw] [http-nio-8080-exec-10] c.e.gqw.shop.service.CatalogService      : Method started CatalogService.topCategories (operation='execute business operation', layer=SERVICE, traceId='', eventUid='').
2026-06-12T13:40:35.803+04:00  INFO 13028 --- [gqw] [http-nio-8080-exec-10] c.e.gqw.shop.service.CatalogService      : Method finished successfully CatalogService.topCategories: operation='execute business operation', layer=SERVICE, durationMs=0, traceId='', eventUid=''.
2026-06-12T13:40:35.804+04:00  INFO 13028 --- [gqw] [http-nio-8080-exec-10] c.e.gqw.shop.service.CatalogService      : Method started CatalogService.subcategoriesByParentId (operation='execute business operation', layer=SERVICE, traceId='', eventUid='').
2026-06-12T13:40:35.808+04:00  INFO 13028 --- [gqw] [http-nio-8080-exec-10] c.e.gqw.shop.service.CatalogService      : Method finished successfully CatalogService.subcategoriesByParentId: operation='execute business operation', layer=SERVICE, durationMs=4, traceId='', eventUid=''.
2026-06-12T13:40:35.808+04:00  INFO 13028 --- [gqw] [http-nio-8080-exec-10] c.example.gqw.shop.service.CartService   : Method started CartService.items (operation='read data', layer=SERVICE, traceId='', eventUid='').
2026-06-12T13:40:35.808+04:00  INFO 13028 --- [gqw] [http-nio-8080-exec-10] c.e.gqw.shop.service.CurrentUserService  : Method started CurrentUserService.findCurrentUser (operation='read data', layer=SERVICE, traceId='', eventUid='').
2026-06-12T13:40:35.808+04:00  INFO 13028 --- [gqw] [http-nio-8080-exec-10] c.e.gqw.shop.service.CurrentUserService  : Method finished successfully CurrentUserService.findCurrentUser: operation='read data', layer=SERVICE, durationMs=0, traceId='', eventUid=''.
2026-06-12T13:40:35.808+04:00  INFO 13028 --- [gqw] [http-nio-8080-exec-10] c.example.gqw.shop.service.CartService   : Method finished successfully CartService.items: operation='read data', layer=SERVICE, durationMs=0, traceId='', eventUid=''.
2026-06-12T13:40:35.808+04:00  INFO 13028 --- [gqw] [http-nio-8080-exec-10] c.e.gqw.shop.service.WishlistService     : Method started WishlistService.items (operation='read data', layer=SERVICE, traceId='', eventUid='').
2026-06-12T13:40:35.808+04:00  INFO 13028 --- [gqw] [http-nio-8080-exec-10] c.e.gqw.shop.service.CurrentUserService  : Method started CurrentUserService.findCurrentUser (operation='read data', layer=SERVICE, traceId='', eventUid='').
2026-06-12T13:40:35.808+04:00  INFO 13028 --- [gqw] [http-nio-8080-exec-10] c.e.gqw.shop.service.CurrentUserService  : Method finished successfully CurrentUserService.findCurrentUser: operation='read data', layer=SERVICE, durationMs=0, traceId='', eventUid=''.
2026-06-12T13:40:35.808+04:00  INFO 13028 --- [gqw] [http-nio-8080-exec-10] c.e.gqw.shop.service.WishlistService     : Method finished successfully WishlistService.items: operation='read data', layer=SERVICE, durationMs=0, traceId='', eventUid=''.
2026-06-12T13:40:35.808+04:00  INFO 13028 --- [gqw] [http-nio-8080-exec-10] c.e.gqw.shop.service.WishlistService     : Method started WishlistService.count (operation='count data', layer=SERVICE, traceId='', eventUid='').
2026-06-12T13:40:35.808+04:00  INFO 13028 --- [gqw] [http-nio-8080-exec-10] c.e.gqw.shop.service.CurrentUserService  : Method started CurrentUserService.findCurrentUser (operation='read data', layer=SERVICE, traceId='', eventUid='').
2026-06-12T13:40:35.808+04:00  INFO 13028 --- [gqw] [http-nio-8080-exec-10] c.e.gqw.shop.service.CurrentUserService  : Method finished successfully CurrentUserService.findCurrentUser: operation='read data', layer=SERVICE, durationMs=0, traceId='', eventUid=''.
2026-06-12T13:40:35.808+04:00  INFO 13028 --- [gqw] [http-nio-8080-exec-10] c.e.gqw.shop.service.WishlistService     : Method finished successfully WishlistService.count: operation='count data', layer=SERVICE, durationMs=0, traceId='', eventUid=''.
2026-06-12T13:40:35.808+04:00  INFO 13028 --- [gqw] [http-nio-8080-exec-10] c.example.gqw.shop.service.CartService   : Method started CartService.items (operation='read data', layer=SERVICE, traceId='', eventUid='').
2026-06-12T13:40:35.808+04:00  INFO 13028 --- [gqw] [http-nio-8080-exec-10] c.e.gqw.shop.service.CurrentUserService  : Method started CurrentUserService.findCurrentUser (operation='read data', layer=SERVICE, traceId='', eventUid='').
2026-06-12T13:40:35.808+04:00  INFO 13028 --- [gqw] [http-nio-8080-exec-10] c.e.gqw.shop.service.CurrentUserService  : Method finished successfully CurrentUserService.findCurrentUser: operation='read data', layer=SERVICE, durationMs=0, traceId='', eventUid=''.
2026-06-12T13:40:35.808+04:00  INFO 13028 --- [gqw] [http-nio-8080-exec-10] c.example.gqw.shop.service.CartService   : Method finished successfully CartService.items: operation='read data', layer=SERVICE, durationMs=0, traceId='', eventUid=''.
2026-06-12T13:40:35.808+04:00  INFO 13028 --- [gqw] [http-nio-8080-exec-10] c.e.gqw.shop.controller.CartController   : Method started CartController.cartCountApi (operation='handle incoming request', layer=CONTROLLER, traceId='', eventUid='').
2026-06-12T13:40:35.808+04:00  INFO 13028 --- [gqw] [http-nio-8080-exec-10] c.example.gqw.shop.service.CartService   : Method started CartService.items (operation='read data', layer=SERVICE, traceId='', eventUid='').
2026-06-12T13:40:35.808+04:00  INFO 13028 --- [gqw] [http-nio-8080-exec-10] c.e.gqw.shop.service.CurrentUserService  : Method started CurrentUserService.findCurrentUser (operation='read data', layer=SERVICE, traceId='', eventUid='').
2026-06-12T13:40:35.808+04:00  INFO 13028 --- [gqw] [http-nio-8080-exec-10] c.e.gqw.shop.service.CurrentUserService  : Method finished successfully CurrentUserService.findCurrentUser: operation='read data', layer=SERVICE, durationMs=0, traceId='', eventUid=''.
2026-06-12T13:40:35.808+04:00  INFO 13028 --- [gqw] [http-nio-8080-exec-10] c.example.gqw.shop.service.CartService   : Method finished successfully CartService.items: operation='read data', layer=SERVICE, durationMs=0, traceId='', eventUid=''.
2026-06-12T13:40:35.808+04:00  INFO 13028 --- [gqw] [http-nio-8080-exec-10] c.e.gqw.shop.controller.CartController   : Method finished successfully CartController.cartCountApi: operation='handle incoming request', layer=CONTROLLER, durationMs=0, traceId='', eventUid=''.
2026-06-12T13:40:39.411+04:00  INFO 13028 --- [gqw] [http-nio-8080-exec-1] c.e.gqw.shop.service.CatalogService      : Method started CatalogService.topCategories (operation='execute business operation', layer=SERVICE, traceId='', eventUid='').
2026-06-12T13:40:39.411+04:00  INFO 13028 --- [gqw] [http-nio-8080-exec-1] c.e.gqw.shop.service.CatalogService      : Method finished successfully CatalogService.topCategories: operation='execute business operation', layer=SERVICE, durationMs=0, traceId='', eventUid=''.
2026-06-12T13:40:39.411+04:00  INFO 13028 --- [gqw] [http-nio-8080-exec-1] c.e.gqw.shop.service.CurrentUserService  : Method started CurrentUserService.findCurrentUser (operation='read data', layer=SERVICE, traceId='', eventUid='').
2026-06-12T13:40:39.411+04:00  INFO 13028 --- [gqw] [http-nio-8080-exec-1] c.e.gqw.shop.service.CurrentUserService  : Method finished successfully CurrentUserService.findCurrentUser: operation='read data', layer=SERVICE, durationMs=0, traceId='', eventUid=''.
2026-06-12T13:40:39.411+04:00  INFO 13028 --- [gqw] [http-nio-8080-exec-1] c.e.gqw.shop.service.CurrentUserService  : Method started CurrentUserService.findCurrentUser (operation='read data', layer=SERVICE, traceId='', eventUid='').
2026-06-12T13:40:39.411+04:00  INFO 13028 --- [gqw] [http-nio-8080-exec-1] c.e.gqw.shop.service.CurrentUserService  : Method finished successfully CurrentUserService.findCurrentUser: operation='read data', layer=SERVICE, durationMs=0, traceId='', eventUid=''.
2026-06-12T13:40:39.411+04:00  INFO 13028 --- [gqw] [http-nio-8080-exec-1] c.e.gqw.shop.service.CatalogService      : Method started CatalogService.topCategories (operation='execute business operation', layer=SERVICE, traceId='', eventUid='').
2026-06-12T13:40:39.411+04:00  INFO 13028 --- [gqw] [http-nio-8080-exec-1] c.e.gqw.shop.service.CatalogService      : Method finished successfully CatalogService.topCategories: operation='execute business operation', layer=SERVICE, durationMs=0, traceId='', eventUid=''.
2026-06-12T13:40:39.411+04:00  INFO 13028 --- [gqw] [http-nio-8080-exec-1] c.e.gqw.shop.service.CatalogService      : Method started CatalogService.subcategoriesByParentId (operation='execute business operation', layer=SERVICE, traceId='', eventUid='').
2026-06-12T13:40:39.428+04:00  INFO 13028 --- [gqw] [http-nio-8080-exec-1] c.e.gqw.shop.service.CatalogService      : Method finished successfully CatalogService.subcategoriesByParentId: operation='execute business operation', layer=SERVICE, durationMs=16, traceId='', eventUid=''.
2026-06-12T13:40:39.428+04:00  INFO 13028 --- [gqw] [http-nio-8080-exec-1] c.example.gqw.shop.service.CartService   : Method started CartService.items (operation='read data', layer=SERVICE, traceId='', eventUid='').
2026-06-12T13:40:39.428+04:00  INFO 13028 --- [gqw] [http-nio-8080-exec-1] c.e.gqw.shop.service.CurrentUserService  : Method started CurrentUserService.findCurrentUser (operation='read data', layer=SERVICE, traceId='', eventUid='').
2026-06-12T13:40:39.428+04:00  INFO 13028 --- [gqw] [http-nio-8080-exec-1] c.e.gqw.shop.service.CurrentUserService  : Method finished successfully CurrentUserService.findCurrentUser: operation='read data', layer=SERVICE, durationMs=0, traceId='', eventUid=''.
2026-06-12T13:40:39.428+04:00  INFO 13028 --- [gqw] [http-nio-8080-exec-1] c.example.gqw.shop.service.CartService   : Method finished successfully CartService.items: operation='read data', layer=SERVICE, durationMs=0, traceId='', eventUid=''.
2026-06-12T13:40:39.428+04:00  INFO 13028 --- [gqw] [http-nio-8080-exec-1] c.e.gqw.shop.service.WishlistService     : Method started WishlistService.items (operation='read data', layer=SERVICE, traceId='', eventUid='').
2026-06-12T13:40:39.428+04:00  INFO 13028 --- [gqw] [http-nio-8080-exec-1] c.e.gqw.shop.service.CurrentUserService  : Method started CurrentUserService.findCurrentUser (operation='read data', layer=SERVICE, traceId='', eventUid='').
2026-06-12T13:40:39.428+04:00  INFO 13028 --- [gqw] [http-nio-8080-exec-1] c.e.gqw.shop.service.CurrentUserService  : Method finished successfully CurrentUserService.findCurrentUser: operation='read data', layer=SERVICE, durationMs=0, traceId='', eventUid=''.
2026-06-12T13:40:39.428+04:00  INFO 13028 --- [gqw] [http-nio-8080-exec-1] c.e.gqw.shop.service.WishlistService     : Method finished successfully WishlistService.items: operation='read data', layer=SERVICE, durationMs=0, traceId='', eventUid=''.
2026-06-12T13:40:39.428+04:00  INFO 13028 --- [gqw] [http-nio-8080-exec-1] c.e.gqw.shop.service.WishlistService     : Method started WishlistService.count (operation='count data', layer=SERVICE, traceId='', eventUid='').
2026-06-12T13:40:39.428+04:00  INFO 13028 --- [gqw] [http-nio-8080-exec-1] c.e.gqw.shop.service.CurrentUserService  : Method started CurrentUserService.findCurrentUser (operation='read data', layer=SERVICE, traceId='', eventUid='').
2026-06-12T13:40:39.428+04:00  INFO 13028 --- [gqw] [http-nio-8080-exec-1] c.e.gqw.shop.service.CurrentUserService  : Method finished successfully CurrentUserService.findCurrentUser: operation='read data', layer=SERVICE, durationMs=0, traceId='', eventUid=''.
2026-06-12T13:40:39.428+04:00  INFO 13028 --- [gqw] [http-nio-8080-exec-1] c.e.gqw.shop.service.WishlistService     : Method finished successfully WishlistService.count: operation='count data', layer=SERVICE, durationMs=0, traceId='', eventUid=''.
2026-06-12T13:40:39.428+04:00  INFO 13028 --- [gqw] [http-nio-8080-exec-1] c.example.gqw.shop.service.CartService   : Method started CartService.items (operation='read data', layer=SERVICE, traceId='', eventUid='').
2026-06-12T13:40:39.428+04:00  INFO 13028 --- [gqw] [http-nio-8080-exec-1] c.e.gqw.shop.service.CurrentUserService  : Method started CurrentUserService.findCurrentUser (operation='read data', layer=SERVICE, traceId='', eventUid='').
2026-06-12T13:40:39.428+04:00  INFO 13028 --- [gqw] [http-nio-8080-exec-1] c.e.gqw.shop.service.CurrentUserService  : Method finished successfully CurrentUserService.findCurrentUser: operation='read data', layer=SERVICE, durationMs=0, traceId='', eventUid=''.
2026-06-12T13:40:39.428+04:00  INFO 13028 --- [gqw] [http-nio-8080-exec-1] c.example.gqw.shop.service.CartService   : Method finished successfully CartService.items: operation='read data', layer=SERVICE, durationMs=0, traceId='', eventUid=''.
2026-06-12T13:40:39.445+04:00  INFO 13028 --- [gqw] [http-nio-8080-exec-1] c.e.gqw.shop.controller.AuthController   : Method started AuthController.login (operation='handle incoming request', layer=CONTROLLER, traceId='', eventUid='4b65ec8e-d364-4bf5-bdf2-9c057713f2ce').
2026-06-12T13:40:39.445+04:00  INFO 13028 --- [gqw] [http-nio-8080-exec-1] c.e.gqw.shop.controller.AuthController   : Method finished successfully AuthController.login: operation='handle incoming request', layer=CONTROLLER, durationMs=0, traceId='', eventUid='4b65ec8e-d364-4bf5-bdf2-9c057713f2ce'.
2026-06-12T13:40:39.539+04:00  INFO 13028 --- [gqw] [http-nio-8080-exec-9] c.e.gqw.shop.service.CatalogService      : Method started CatalogService.topCategories (operation='execute business operation', layer=SERVICE, traceId='', eventUid='').
2026-06-12T13:40:39.543+04:00  INFO 13028 --- [gqw] [http-nio-8080-exec-9] c.e.gqw.shop.service.CatalogService      : Method finished successfully CatalogService.topCategories: operation='execute business operation', layer=SERVICE, durationMs=4, traceId='', eventUid=''.
2026-06-12T13:40:39.544+04:00  INFO 13028 --- [gqw] [http-nio-8080-exec-9] c.e.gqw.shop.service.CurrentUserService  : Method started CurrentUserService.findCurrentUser (operation='read data', layer=SERVICE, traceId='', eventUid='').
2026-06-12T13:40:39.544+04:00  INFO 13028 --- [gqw] [http-nio-8080-exec-9] c.e.gqw.shop.service.CurrentUserService  : Method finished successfully CurrentUserService.findCurrentUser: operation='read data', layer=SERVICE, durationMs=0, traceId='', eventUid=''.
2026-06-12T13:40:39.544+04:00  INFO 13028 --- [gqw] [http-nio-8080-exec-9] c.e.gqw.shop.service.CurrentUserService  : Method started CurrentUserService.findCurrentUser (operation='read data', layer=SERVICE, traceId='', eventUid='').
2026-06-12T13:40:39.544+04:00  INFO 13028 --- [gqw] [http-nio-8080-exec-9] c.e.gqw.shop.service.CurrentUserService  : Method finished successfully CurrentUserService.findCurrentUser: operation='read data', layer=SERVICE, durationMs=0, traceId='', eventUid=''.
2026-06-12T13:40:39.545+04:00  INFO 13028 --- [gqw] [http-nio-8080-exec-9] c.e.gqw.shop.service.CatalogService      : Method started CatalogService.topCategories (operation='execute business operation', layer=SERVICE, traceId='', eventUid='').
2026-06-12T13:40:39.545+04:00  INFO 13028 --- [gqw] [http-nio-8080-exec-9] c.e.gqw.shop.service.CatalogService      : Method finished successfully CatalogService.topCategories: operation='execute business operation', layer=SERVICE, durationMs=0, traceId='', eventUid=''.
2026-06-12T13:40:39.545+04:00  INFO 13028 --- [gqw] [http-nio-8080-exec-9] c.e.gqw.shop.service.CatalogService      : Method started CatalogService.subcategoriesByParentId (operation='execute business operation', layer=SERVICE, traceId='', eventUid='').
2026-06-12T13:40:39.545+04:00  INFO 13028 --- [gqw] [http-nio-8080-exec-9] c.e.gqw.shop.service.CatalogService      : Method finished successfully CatalogService.subcategoriesByParentId: operation='execute business operation', layer=SERVICE, durationMs=0, traceId='', eventUid=''.
2026-06-12T13:40:39.545+04:00  INFO 13028 --- [gqw] [http-nio-8080-exec-9] c.example.gqw.shop.service.CartService   : Method started CartService.items (operation='read data', layer=SERVICE, traceId='', eventUid='').
2026-06-12T13:40:39.545+04:00  INFO 13028 --- [gqw] [http-nio-8080-exec-9] c.e.gqw.shop.service.CurrentUserService  : Method started CurrentUserService.findCurrentUser (operation='read data', layer=SERVICE, traceId='', eventUid='').
2026-06-12T13:40:39.545+04:00  INFO 13028 --- [gqw] [http-nio-8080-exec-9] c.e.gqw.shop.service.CurrentUserService  : Method finished successfully CurrentUserService.findCurrentUser: operation='read data', layer=SERVICE, durationMs=0, traceId='', eventUid=''.
2026-06-12T13:40:39.545+04:00  INFO 13028 --- [gqw] [http-nio-8080-exec-9] c.example.gqw.shop.service.CartService   : Method finished successfully CartService.items: operation='read data', layer=SERVICE, durationMs=0, traceId='', eventUid=''.
2026-06-12T13:40:39.545+04:00  INFO 13028 --- [gqw] [http-nio-8080-exec-9] c.e.gqw.shop.service.WishlistService     : Method started WishlistService.items (operation='read data', layer=SERVICE, traceId='', eventUid='').
2026-06-12T13:40:39.545+04:00  INFO 13028 --- [gqw] [http-nio-8080-exec-9] c.e.gqw.shop.service.CurrentUserService  : Method started CurrentUserService.findCurrentUser (operation='read data', layer=SERVICE, traceId='', eventUid='').
2026-06-12T13:40:39.545+04:00  INFO 13028 --- [gqw] [http-nio-8080-exec-9] c.e.gqw.shop.service.CurrentUserService  : Method finished successfully CurrentUserService.findCurrentUser: operation='read data', layer=SERVICE, durationMs=0, traceId='', eventUid=''.
2026-06-12T13:40:39.545+04:00  INFO 13028 --- [gqw] [http-nio-8080-exec-9] c.e.gqw.shop.service.WishlistService     : Method finished successfully WishlistService.items: operation='read data', layer=SERVICE, durationMs=0, traceId='', eventUid=''.
2026-06-12T13:40:39.545+04:00  INFO 13028 --- [gqw] [http-nio-8080-exec-9] c.e.gqw.shop.service.WishlistService     : Method started WishlistService.count (operation='count data', layer=SERVICE, traceId='', eventUid='').
2026-06-12T13:40:39.545+04:00  INFO 13028 --- [gqw] [http-nio-8080-exec-9] c.e.gqw.shop.service.CurrentUserService  : Method started CurrentUserService.findCurrentUser (operation='read data', layer=SERVICE, traceId='', eventUid='').
2026-06-12T13:40:39.545+04:00  INFO 13028 --- [gqw] [http-nio-8080-exec-9] c.e.gqw.shop.service.CurrentUserService  : Method finished successfully CurrentUserService.findCurrentUser: operation='read data', layer=SERVICE, durationMs=0, traceId='', eventUid=''.
2026-06-12T13:40:39.545+04:00  INFO 13028 --- [gqw] [http-nio-8080-exec-9] c.e.gqw.shop.service.WishlistService     : Method finished successfully WishlistService.count: operation='count data', layer=SERVICE, durationMs=0, traceId='', eventUid=''.
2026-06-12T13:40:39.545+04:00  INFO 13028 --- [gqw] [http-nio-8080-exec-9] c.example.gqw.shop.service.CartService   : Method started CartService.items (operation='read data', layer=SERVICE, traceId='', eventUid='').
2026-06-12T13:40:39.545+04:00  INFO 13028 --- [gqw] [http-nio-8080-exec-9] c.e.gqw.shop.service.CurrentUserService  : Method started CurrentUserService.findCurrentUser (operation='read data', layer=SERVICE, traceId='', eventUid='').
2026-06-12T13:40:39.545+04:00  INFO 13028 --- [gqw] [http-nio-8080-exec-9] c.e.gqw.shop.service.CurrentUserService  : Method finished successfully CurrentUserService.findCurrentUser: operation='read data', layer=SERVICE, durationMs=0, traceId='', eventUid=''.
2026-06-12T13:40:39.545+04:00  INFO 13028 --- [gqw] [http-nio-8080-exec-9] c.example.gqw.shop.service.CartService   : Method finished successfully CartService.items: operation='read data', layer=SERVICE, durationMs=0, traceId='', eventUid=''.
2026-06-12T13:40:39.545+04:00  INFO 13028 --- [gqw] [http-nio-8080-exec-9] c.e.gqw.shop.controller.CartController   : Method started CartController.cartCountApi (operation='handle incoming request', layer=CONTROLLER, traceId='', eventUid='').
2026-06-12T13:40:39.545+04:00  INFO 13028 --- [gqw] [http-nio-8080-exec-9] c.example.gqw.shop.service.CartService   : Method started CartService.items (operation='read data', layer=SERVICE, traceId='', eventUid='').
2026-06-12T13:40:39.545+04:00  INFO 13028 --- [gqw] [http-nio-8080-exec-9] c.e.gqw.shop.service.CurrentUserService  : Method started CurrentUserService.findCurrentUser (operation='read data', layer=SERVICE, traceId='', eventUid='').
2026-06-12T13:40:39.545+04:00  INFO 13028 --- [gqw] [http-nio-8080-exec-9] c.e.gqw.shop.service.CurrentUserService  : Method finished successfully CurrentUserService.findCurrentUser: operation='read data', layer=SERVICE, durationMs=0, traceId='', eventUid=''.
2026-06-12T13:40:39.545+04:00  INFO 13028 --- [gqw] [http-nio-8080-exec-9] c.example.gqw.shop.service.CartService   : Method finished successfully CartService.items: operation='read data', layer=SERVICE, durationMs=0, traceId='', eventUid=''.
2026-06-12T13:40:39.545+04:00  INFO 13028 --- [gqw] [http-nio-8080-exec-9] c.e.gqw.shop.controller.CartController   : Method finished successfully CartController.cartCountApi: operation='handle incoming request', layer=CONTROLLER, durationMs=0, traceId='', eventUid=''.
2026-06-12T13:40:42.631+04:00  INFO 13028 --- [gqw] [http-nio-8080-exec-7] c.e.g.a.c.AdminDashboardController       : Method started AdminDashboardController.adminHome (operation='handle incoming request', layer=CONTROLLER, traceId='', eventUid='').
2026-06-12T13:40:42.631+04:00  INFO 13028 --- [gqw] [http-nio-8080-exec-7] c.e.gqw.admin.service.AdminService       : Method started AdminService.orders (operation='execute business operation', layer=SERVICE, traceId='', eventUid='').
2026-06-12T13:40:42.631+04:00  INFO 13028 --- [gqw] [http-nio-8080-exec-7] c.e.gqw.admin.service.AdminService       : Method finished successfully AdminService.orders: operation='execute business operation', layer=SERVICE, durationMs=0, traceId='', eventUid=''.
2026-06-12T13:40:42.631+04:00  INFO 13028 --- [gqw] [http-nio-8080-exec-7] c.e.gqw.admin.service.AdminService       : Method started AdminService.users (operation='execute business operation', layer=SERVICE, traceId='', eventUid='').
2026-06-12T13:40:42.631+04:00  INFO 13028 --- [gqw] [http-nio-8080-exec-7] c.e.gqw.admin.service.AdminService       : Method finished successfully AdminService.users: operation='execute business operation', layer=SERVICE, durationMs=0, traceId='', eventUid=''.
2026-06-12T13:40:42.631+04:00  INFO 13028 --- [gqw] [http-nio-8080-exec-7] c.e.gqw.admin.service.AdminService       : Method started AdminService.products (operation='execute business operation', layer=SERVICE, traceId='', eventUid='').
2026-06-12T13:40:42.648+04:00  INFO 13028 --- [gqw] [http-nio-8080-exec-7] c.e.gqw.admin.service.AdminService       : Method finished successfully AdminService.products: operation='execute business operation', layer=SERVICE, durationMs=17, traceId='', eventUid=''.
2026-06-12T13:40:42.648+04:00  INFO 13028 --- [gqw] [http-nio-8080-exec-7] c.e.gqw.shop.service.SupportService      : Method started SupportService.openRequests (operation='execute business operation', layer=SERVICE, traceId='', eventUid='').
2026-06-12T13:40:42.648+04:00  INFO 13028 --- [gqw] [http-nio-8080-exec-7] c.e.gqw.shop.service.SupportService      : Method finished successfully SupportService.openRequests: operation='execute business operation', layer=SERVICE, durationMs=0, traceId='', eventUid=''.
2026-06-12T13:40:42.648+04:00  INFO 13028 --- [gqw] [http-nio-8080-exec-7] c.e.gqw.shop.service.ReviewService       : Method started ReviewService.pendingReviews (operation='execute business operation', layer=SERVICE, traceId='', eventUid='').
2026-06-12T13:40:42.648+04:00  INFO 13028 --- [gqw] [http-nio-8080-exec-7] c.e.gqw.shop.service.ReviewService       : Method finished successfully ReviewService.pendingReviews: operation='execute business operation', layer=SERVICE, durationMs=0, traceId='', eventUid=''.
2026-06-12T13:40:42.648+04:00  INFO 13028 --- [gqw] [http-nio-8080-exec-7] c.e.gqw.admin.service.AdminService       : Method started AdminService.resolveAdminUsername (operation='execute business operation', layer=SERVICE, traceId='', eventUid='').
2026-06-12T13:40:42.648+04:00  INFO 13028 --- [gqw] [http-nio-8080-exec-7] c.e.gqw.shop.service.CurrentUserService  : Method started CurrentUserService.findCurrentUser (operation='read data', layer=SERVICE, traceId='', eventUid='').
2026-06-12T13:40:42.648+04:00  INFO 13028 --- [gqw] [http-nio-8080-exec-7] c.e.gqw.shop.service.CurrentUserService  : Method finished successfully CurrentUserService.findCurrentUser: operation='read data', layer=SERVICE, durationMs=0, traceId='', eventUid=''.
2026-06-12T13:40:42.648+04:00  INFO 13028 --- [gqw] [http-nio-8080-exec-7] c.e.gqw.admin.service.AdminService       : Method finished successfully AdminService.resolveAdminUsername: operation='execute business operation', layer=SERVICE, durationMs=0, traceId='', eventUid=''.
2026-06-12T13:40:42.648+04:00  INFO 13028 --- [gqw] [http-nio-8080-exec-7] c.e.g.a.c.AdminDashboardController       : Method finished successfully AdminDashboardController.adminHome: operation='handle incoming request', layer=CONTROLLER, durationMs=17, traceId='', eventUid=''.
2026-06-12T13:41:03.177+04:00  INFO 13028 --- [gqw] [http-nio-8080-exec-10] c.e.g.a.c.AdminProductsController        : Method started AdminProductsController.products (operation='handle incoming request', layer=CONTROLLER, traceId='', eventUid='').
2026-06-12T13:41:03.177+04:00  INFO 13028 --- [gqw] [http-nio-8080-exec-10] c.e.gqw.admin.service.AdminService       : Method started AdminService.products (operation='execute business operation', layer=SERVICE, traceId='', eventUid='').
2026-06-12T13:41:03.181+04:00  INFO 13028 --- [gqw] [http-nio-8080-exec-10] c.e.gqw.admin.service.AdminService       : Method finished successfully AdminService.products: operation='execute business operation', layer=SERVICE, durationMs=3, traceId='', eventUid=''.
2026-06-12T13:41:03.181+04:00  INFO 13028 --- [gqw] [http-nio-8080-exec-10] c.e.gqw.admin.service.AdminService       : Method started AdminService.categoryTreeRows (operation='execute business operation', layer=SERVICE, traceId='', eventUid='').
2026-06-12T13:41:03.185+04:00  INFO 13028 --- [gqw] [http-nio-8080-exec-10] c.e.gqw.admin.service.AdminService       : Method finished successfully AdminService.categoryTreeRows: operation='execute business operation', layer=SERVICE, durationMs=4, traceId='', eventUid=''.
2026-06-12T13:41:03.187+04:00  INFO 13028 --- [gqw] [http-nio-8080-exec-10] c.e.gqw.shop.service.CatalogService      : Method started CatalogService.categoryTree (operation='execute business operation', layer=SERVICE, traceId='', eventUid='').
2026-06-12T13:41:03.192+04:00  INFO 13028 --- [gqw] [http-nio-8080-exec-10] c.e.gqw.shop.service.CatalogService      : Method finished successfully CatalogService.categoryTree: operation='execute business operation', layer=SERVICE, durationMs=4, traceId='', eventUid=''.
2026-06-12T13:41:03.192+04:00  INFO 13028 --- [gqw] [http-nio-8080-exec-10] c.e.g.a.c.AdminProductsController        : Method finished successfully AdminProductsController.products: operation='handle incoming request', layer=CONTROLLER, durationMs=14, traceId='', eventUid=''.
2026-06-12T13:41:12.991+04:00  INFO 13028 --- [gqw] [http-nio-8080-exec-3] c.e.g.a.c.AdminProductsController        : Method started AdminProductsController.editProduct (operation='update data', layer=CONTROLLER, traceId='', eventUid='').
2026-06-12T13:41:12.991+04:00  INFO 13028 --- [gqw] [http-nio-8080-exec-3] c.e.g.s.service.LibraryStorageService    : Method started LibraryStorageService.listFolders (operation='read data', layer=SERVICE, traceId='', eventUid='').
2026-06-12T13:41:12.997+04:00  INFO 13028 --- [gqw] [http-nio-8080-exec-3] c.e.g.s.service.LibraryStorageService    : Method finished successfully LibraryStorageService.listFolders: operation='read data', layer=SERVICE, durationMs=5, traceId='', eventUid=''.
2026-06-12T13:41:12.997+04:00  INFO 13028 --- [gqw] [http-nio-8080-exec-3] c.e.g.s.service.LibraryStorageService    : Method started LibraryStorageService.listFilesInFolder (operation='read data', layer=SERVICE, traceId='', eventUid='').
2026-06-12T13:41:12.998+04:00  INFO 13028 --- [gqw] [http-nio-8080-exec-3] c.e.g.s.service.LibraryStorageService    : Method finished successfully LibraryStorageService.listFilesInFolder: operation='read data', layer=SERVICE, durationMs=1, traceId='', eventUid=''.
2026-06-12T13:41:12.998+04:00  INFO 13028 --- [gqw] [http-nio-8080-exec-3] c.e.gqw.admin.service.AdminService       : Method started AdminService.categoryTreeRows (operation='execute business operation', layer=SERVICE, traceId='', eventUid='').
2026-06-12T13:41:13.000+04:00  INFO 13028 --- [gqw] [http-nio-8080-exec-3] c.e.gqw.admin.service.AdminService       : Method finished successfully AdminService.categoryTreeRows: operation='execute business operation', layer=SERVICE, durationMs=1, traceId='', eventUid=''.
2026-06-12T13:41:13.000+04:00  INFO 13028 --- [gqw] [http-nio-8080-exec-3] c.e.gqw.shop.service.CatalogService      : Method started CatalogService.categoryTree (operation='execute business operation', layer=SERVICE, traceId='', eventUid='').
2026-06-12T13:41:13.007+04:00  INFO 13028 --- [gqw] [http-nio-8080-exec-3] c.e.gqw.shop.service.CatalogService      : Method finished successfully CatalogService.categoryTree: operation='execute business operation', layer=SERVICE, durationMs=6, traceId='', eventUid=''.
2026-06-12T13:41:13.007+04:00  INFO 13028 --- [gqw] [http-nio-8080-exec-3] c.e.gqw.admin.service.AdminService       : Method started AdminService.filters (operation='execute business operation', layer=SERVICE, traceId='', eventUid='').
2026-06-12T13:41:13.010+04:00  INFO 13028 --- [gqw] [http-nio-8080-exec-3] c.e.gqw.admin.service.AdminService       : Method finished successfully AdminService.filters: operation='execute business operation', layer=SERVICE, durationMs=0, traceId='', eventUid=''.
2026-06-12T13:41:13.010+04:00  INFO 13028 --- [gqw] [http-nio-8080-exec-3] c.e.gqw.admin.service.AdminService       : Method started AdminService.productById (operation='execute business operation', layer=SERVICE, traceId='', eventUid='').
2026-06-12T13:41:13.011+04:00  INFO 13028 --- [gqw] [http-nio-8080-exec-3] c.e.gqw.admin.service.AdminService       : Method finished successfully AdminService.productById: operation='execute business operation', layer=SERVICE, durationMs=1, traceId='', eventUid=''.
2026-06-12T13:41:13.011+04:00  INFO 13028 --- [gqw] [http-nio-8080-exec-3] c.e.gqw.admin.service.AdminService       : Method started AdminService.productCharacteristics (operation='execute business operation', layer=SERVICE, traceId='', eventUid='').
2026-06-12T13:41:13.011+04:00  INFO 13028 --- [gqw] [http-nio-8080-exec-3] c.e.gqw.admin.service.AdminService       : Method finished successfully AdminService.productCharacteristics: operation='execute business operation', layer=SERVICE, durationMs=0, traceId='', eventUid=''.
2026-06-12T13:41:13.011+04:00  INFO 13028 --- [gqw] [http-nio-8080-exec-3] c.e.gqw.admin.service.AdminService       : Method started AdminService.productFilterOptions (operation='execute business operation', layer=SERVICE, traceId='', eventUid='').
2026-06-12T13:41:13.011+04:00  INFO 13028 --- [gqw] [http-nio-8080-exec-3] c.e.gqw.admin.service.AdminService       : Method finished successfully AdminService.productFilterOptions: operation='execute business operation', layer=SERVICE, durationMs=0, traceId='', eventUid=''.
2026-06-12T13:41:13.011+04:00  INFO 13028 --- [gqw] [http-nio-8080-exec-3] c.e.gqw.admin.service.AdminService       : Method started AdminService.productImages (operation='execute business operation', layer=SERVICE, traceId='', eventUid='').
2026-06-12T13:41:13.011+04:00  INFO 13028 --- [gqw] [http-nio-8080-exec-3] c.e.gqw.admin.service.AdminService       : Method finished successfully AdminService.productImages: operation='execute business operation', layer=SERVICE, durationMs=0, traceId='', eventUid=''.
2026-06-12T13:41:13.011+04:00  INFO 13028 --- [gqw] [http-nio-8080-exec-3] c.e.gqw.admin.service.AdminService       : Method started AdminService.reviewsByProduct (operation='execute business operation', layer=SERVICE, traceId='', eventUid='').
2026-06-12T13:41:13.011+04:00  INFO 13028 --- [gqw] [http-nio-8080-exec-3] c.e.gqw.admin.service.AdminService       : Method finished successfully AdminService.reviewsByProduct: operation='execute business operation', layer=SERVICE, durationMs=0, traceId='', eventUid=''.
2026-06-12T13:41:13.011+04:00  INFO 13028 --- [gqw] [http-nio-8080-exec-3] c.e.gqw.shop.service.ReviewService       : Method started ReviewService.replies (operation='execute business operation', layer=SERVICE, traceId='', eventUid='').
2026-06-12T13:41:13.011+04:00  INFO 13028 --- [gqw] [http-nio-8080-exec-3] c.e.gqw.shop.service.ReviewService       : Method finished successfully ReviewService.replies: operation='execute business operation', layer=SERVICE, durationMs=0, traceId='', eventUid=''.
2026-06-12T13:41:13.011+04:00  INFO 13028 --- [gqw] [http-nio-8080-exec-3] c.e.gqw.shop.service.ReviewService       : Method started ReviewService.replies (operation='execute business operation', layer=SERVICE, traceId='', eventUid='').
2026-06-12T13:41:13.011+04:00  INFO 13028 --- [gqw] [http-nio-8080-exec-3] c.e.gqw.shop.service.ReviewService       : Method finished successfully ReviewService.replies: operation='execute business operation', layer=SERVICE, durationMs=0, traceId='', eventUid=''.
2026-06-12T13:41:13.011+04:00  INFO 13028 --- [gqw] [http-nio-8080-exec-3] c.e.gqw.shop.service.ReviewService       : Method started ReviewService.replies (operation='execute business operation', layer=SERVICE, traceId='', eventUid='').
2026-06-12T13:41:13.011+04:00  INFO 13028 --- [gqw] [http-nio-8080-exec-3] c.e.gqw.shop.service.ReviewService       : Method finished successfully ReviewService.replies: operation='execute business operation', layer=SERVICE, durationMs=0, traceId='', eventUid=''.
2026-06-12T13:41:13.011+04:00  INFO 13028 --- [gqw] [http-nio-8080-exec-3] c.e.gqw.shop.service.ReviewService       : Method started ReviewService.replies (operation='execute business operation', layer=SERVICE, traceId='', eventUid='').
2026-06-12T13:41:13.011+04:00  INFO 13028 --- [gqw] [http-nio-8080-exec-3] c.e.gqw.shop.service.ReviewService       : Method finished successfully ReviewService.replies: operation='execute business operation', layer=SERVICE, durationMs=0, traceId='', eventUid=''.
2026-06-12T13:41:13.011+04:00  INFO 13028 --- [gqw] [http-nio-8080-exec-3] c.e.gqw.shop.service.ReviewService       : Method started ReviewService.replies (operation='execute business operation', layer=SERVICE, traceId='', eventUid='').
2026-06-12T13:41:13.011+04:00  INFO 13028 --- [gqw] [http-nio-8080-exec-3] c.e.gqw.shop.service.ReviewService       : Method finished successfully ReviewService.replies: operation='execute business operation', layer=SERVICE, durationMs=0, traceId='', eventUid=''.
2026-06-12T13:41:13.011+04:00  INFO 13028 --- [gqw] [http-nio-8080-exec-3] c.e.gqw.shop.service.ReviewService       : Method started ReviewService.replies (operation='execute business operation', layer=SERVICE, traceId='', eventUid='').
2026-06-12T13:41:13.011+04:00  INFO 13028 --- [gqw] [http-nio-8080-exec-3] c.e.gqw.shop.service.ReviewService       : Method finished successfully ReviewService.replies: operation='execute business operation', layer=SERVICE, durationMs=0, traceId='', eventUid=''.
2026-06-12T13:41:13.011+04:00  INFO 13028 --- [gqw] [http-nio-8080-exec-3] c.e.gqw.shop.service.ReviewService       : Method started ReviewService.replies (operation='execute business operation', layer=SERVICE, traceId='', eventUid='').
2026-06-12T13:41:13.026+04:00  INFO 13028 --- [gqw] [http-nio-8080-exec-3] c.e.gqw.shop.service.ReviewService       : Method finished successfully ReviewService.replies: operation='execute business operation', layer=SERVICE, durationMs=14, traceId='', eventUid=''.
2026-06-12T13:41:13.026+04:00  INFO 13028 --- [gqw] [http-nio-8080-exec-3] c.e.gqw.shop.service.ReviewService       : Method started ReviewService.replies (operation='execute business operation', layer=SERVICE, traceId='', eventUid='').
2026-06-12T13:41:13.028+04:00  INFO 13028 --- [gqw] [http-nio-8080-exec-3] c.e.gqw.shop.service.ReviewService       : Method finished successfully ReviewService.replies: operation='execute business operation', layer=SERVICE, durationMs=1, traceId='', eventUid=''.
2026-06-12T13:41:13.028+04:00  INFO 13028 --- [gqw] [http-nio-8080-exec-3] c.e.gqw.shop.service.ReviewService       : Method started ReviewService.replies (operation='execute business operation', layer=SERVICE, traceId='', eventUid='').
2026-06-12T13:41:13.028+04:00  INFO 13028 --- [gqw] [http-nio-8080-exec-3] c.e.gqw.shop.service.ReviewService       : Method finished successfully ReviewService.replies: operation='execute business operation', layer=SERVICE, durationMs=0, traceId='', eventUid=''.
2026-06-12T13:41:13.028+04:00  INFO 13028 --- [gqw] [http-nio-8080-exec-3] c.e.gqw.shop.service.ReviewService       : Method started ReviewService.replies (operation='execute business operation', layer=SERVICE, traceId='', eventUid='').
2026-06-12T13:41:13.028+04:00  INFO 13028 --- [gqw] [http-nio-8080-exec-3] c.e.gqw.shop.service.ReviewService       : Method finished successfully ReviewService.replies: operation='execute business operation', layer=SERVICE, durationMs=0, traceId='', eventUid=''.
2026-06-12T13:41:13.028+04:00  INFO 13028 --- [gqw] [http-nio-8080-exec-3] c.e.gqw.shop.service.ReviewService       : Method started ReviewService.replies (operation='execute business operation', layer=SERVICE, traceId='', eventUid='').
2026-06-12T13:41:13.028+04:00  INFO 13028 --- [gqw] [http-nio-8080-exec-3] c.e.gqw.shop.service.ReviewService       : Method finished successfully ReviewService.replies: operation='execute business operation', layer=SERVICE, durationMs=0, traceId='', eventUid=''.
2026-06-12T13:41:13.028+04:00  INFO 13028 --- [gqw] [http-nio-8080-exec-3] c.e.gqw.shop.service.ReviewService       : Method started ReviewService.replies (operation='execute business operation', layer=SERVICE, traceId='', eventUid='').
2026-06-12T13:41:13.028+04:00  INFO 13028 --- [gqw] [http-nio-8080-exec-3] c.e.gqw.shop.service.ReviewService       : Method finished successfully ReviewService.replies: operation='execute business operation', layer=SERVICE, durationMs=0, traceId='', eventUid=''.
2026-06-12T13:41:13.028+04:00  INFO 13028 --- [gqw] [http-nio-8080-exec-3] c.e.gqw.shop.service.ReviewService       : Method started ReviewService.replies (operation='execute business operation', layer=SERVICE, traceId='', eventUid='').
2026-06-12T13:41:13.028+04:00  INFO 13028 --- [gqw] [http-nio-8080-exec-3] c.e.gqw.shop.service.ReviewService       : Method finished successfully ReviewService.replies: operation='execute business operation', layer=SERVICE, durationMs=0, traceId='', eventUid=''.
2026-06-12T13:41:13.028+04:00  INFO 13028 --- [gqw] [http-nio-8080-exec-3] c.e.gqw.shop.service.ReviewService       : Method started ReviewService.replies (operation='execute business operation', layer=SERVICE, traceId='', eventUid='').
2026-06-12T13:41:13.028+04:00  INFO 13028 --- [gqw] [http-nio-8080-exec-3] c.e.gqw.shop.service.ReviewService       : Method finished successfully ReviewService.replies: operation='execute business operation', layer=SERVICE, durationMs=0, traceId='', eventUid=''.
2026-06-12T13:41:13.028+04:00  INFO 13028 --- [gqw] [http-nio-8080-exec-3] c.e.gqw.admin.service.AdminService       : Method started AdminService.productSalesSummary (operation='execute business operation', layer=SERVICE, traceId='', eventUid='').
2026-06-12T13:41:13.033+04:00  INFO 13028 --- [gqw] [http-nio-8080-exec-3] c.e.gqw.admin.service.AdminService       : Method finished successfully AdminService.productSalesSummary: operation='execute business operation', layer=SERVICE, durationMs=5, traceId='', eventUid=''.
2026-06-12T13:41:13.033+04:00  INFO 13028 --- [gqw] [http-nio-8080-exec-3] c.e.gqw.admin.service.AdminService       : Method started AdminService.availableFiltersForCategoryIds (operation='execute business operation', layer=SERVICE, traceId='', eventUid='').
2026-06-12T13:41:13.033+04:00  INFO 13028 --- [gqw] [http-nio-8080-exec-3] c.e.gqw.admin.service.AdminService       : Method finished successfully AdminService.availableFiltersForCategoryIds: operation='execute business operation', layer=SERVICE, durationMs=0, traceId='', eventUid=''.
2026-06-12T13:41:13.033+04:00  INFO 13028 --- [gqw] [http-nio-8080-exec-3] c.e.gqw.admin.service.AdminService       : Method started AdminService.filterOptionsForCategoryIds (operation='execute business operation', layer=SERVICE, traceId='', eventUid='').
2026-06-12T13:41:13.045+04:00  INFO 13028 --- [gqw] [http-nio-8080-exec-3] c.e.gqw.admin.service.AdminService       : Method finished successfully AdminService.filterOptionsForCategoryIds: operation='execute business operation', layer=SERVICE, durationMs=12, traceId='', eventUid=''.
2026-06-12T13:41:13.045+04:00  INFO 13028 --- [gqw] [http-nio-8080-exec-3] c.e.g.a.c.AdminProductsController        : Method finished successfully AdminProductsController.editProduct: operation='update data', layer=CONTROLLER, durationMs=53, traceId='', eventUid=''.
2026-06-12T13:41:30.090+04:00  INFO 13028 --- [gqw] [http-nio-8080-exec-6] c.e.g.a.c.AdminProductsController        : Method started AdminProductsController.products (operation='handle incoming request', layer=CONTROLLER, traceId='', eventUid='').
2026-06-12T13:41:30.090+04:00  INFO 13028 --- [gqw] [http-nio-8080-exec-6] c.e.gqw.admin.service.AdminService       : Method started AdminService.products (operation='execute business operation', layer=SERVICE, traceId='', eventUid='').
2026-06-12T13:41:30.095+04:00  INFO 13028 --- [gqw] [http-nio-8080-exec-6] c.e.gqw.admin.service.AdminService       : Method finished successfully AdminService.products: operation='execute business operation', layer=SERVICE, durationMs=4, traceId='', eventUid=''.
2026-06-12T13:41:30.095+04:00  INFO 13028 --- [gqw] [http-nio-8080-exec-6] c.e.gqw.admin.service.AdminService       : Method started AdminService.categoryTreeRows (operation='execute business operation', layer=SERVICE, traceId='', eventUid='').
2026-06-12T13:41:30.097+04:00  INFO 13028 --- [gqw] [http-nio-8080-exec-6] c.e.gqw.admin.service.AdminService       : Method finished successfully AdminService.categoryTreeRows: operation='execute business operation', layer=SERVICE, durationMs=2, traceId='', eventUid=''.
2026-06-12T13:41:30.098+04:00  INFO 13028 --- [gqw] [http-nio-8080-exec-6] c.e.gqw.shop.service.CatalogService      : Method started CatalogService.categoryTree (operation='execute business operation', layer=SERVICE, traceId='', eventUid='').
2026-06-12T13:41:30.104+04:00  INFO 13028 --- [gqw] [http-nio-8080-exec-6] c.e.gqw.shop.service.CatalogService      : Method finished successfully CatalogService.categoryTree: operation='execute business operation', layer=SERVICE, durationMs=5, traceId='', eventUid=''.
2026-06-12T13:41:30.104+04:00  INFO 13028 --- [gqw] [http-nio-8080-exec-6] c.e.g.a.c.AdminProductsController        : Method finished successfully AdminProductsController.products: operation='handle incoming request', layer=CONTROLLER, durationMs=14, traceId='', eventUid=''.
2026-06-12T13:41:32.019+04:00  INFO 13028 --- [gqw] [http-nio-8080-exec-4] c.e.g.a.c.AdminProductsController        : Method started AdminProductsController.editProduct (operation='update data', layer=CONTROLLER, traceId='', eventUid='').
2026-06-12T13:41:32.019+04:00  INFO 13028 --- [gqw] [http-nio-8080-exec-4] c.e.g.s.service.LibraryStorageService    : Method started LibraryStorageService.listFolders (operation='read data', layer=SERVICE, traceId='', eventUid='').
2026-06-12T13:41:32.021+04:00  INFO 13028 --- [gqw] [http-nio-8080-exec-4] c.e.g.s.service.LibraryStorageService    : Method finished successfully LibraryStorageService.listFolders: operation='read data', layer=SERVICE, durationMs=1, traceId='', eventUid=''.
2026-06-12T13:41:32.021+04:00  INFO 13028 --- [gqw] [http-nio-8080-exec-4] c.e.g.s.service.LibraryStorageService    : Method started LibraryStorageService.listFilesInFolder (operation='read data', layer=SERVICE, traceId='', eventUid='').
2026-06-12T13:41:32.022+04:00  INFO 13028 --- [gqw] [http-nio-8080-exec-4] c.e.g.s.service.LibraryStorageService    : Method finished successfully LibraryStorageService.listFilesInFolder: operation='read data', layer=SERVICE, durationMs=1, traceId='', eventUid=''.
2026-06-12T13:41:32.022+04:00  INFO 13028 --- [gqw] [http-nio-8080-exec-4] c.e.gqw.admin.service.AdminService       : Method started AdminService.categoryTreeRows (operation='execute business operation', layer=SERVICE, traceId='', eventUid='').
2026-06-12T13:41:32.023+04:00  INFO 13028 --- [gqw] [http-nio-8080-exec-4] c.e.gqw.admin.service.AdminService       : Method finished successfully AdminService.categoryTreeRows: operation='execute business operation', layer=SERVICE, durationMs=1, traceId='', eventUid=''.
2026-06-12T13:41:32.023+04:00  INFO 13028 --- [gqw] [http-nio-8080-exec-4] c.e.gqw.shop.service.CatalogService      : Method started CatalogService.categoryTree (operation='execute business operation', layer=SERVICE, traceId='', eventUid='').
2026-06-12T13:41:32.030+04:00  INFO 13028 --- [gqw] [http-nio-8080-exec-4] c.e.gqw.shop.service.CatalogService      : Method finished successfully CatalogService.categoryTree: operation='execute business operation', layer=SERVICE, durationMs=6, traceId='', eventUid=''.
2026-06-12T13:41:32.030+04:00  INFO 13028 --- [gqw] [http-nio-8080-exec-4] c.e.gqw.admin.service.AdminService       : Method started AdminService.filters (operation='execute business operation', layer=SERVICE, traceId='', eventUid='').
2026-06-12T13:41:32.031+04:00  INFO 13028 --- [gqw] [http-nio-8080-exec-4] c.e.gqw.admin.service.AdminService       : Method finished successfully AdminService.filters: operation='execute business operation', layer=SERVICE, durationMs=0, traceId='', eventUid=''.
2026-06-12T13:41:32.031+04:00  INFO 13028 --- [gqw] [http-nio-8080-exec-4] c.e.gqw.admin.service.AdminService       : Method started AdminService.productById (operation='execute business operation', layer=SERVICE, traceId='', eventUid='').
2026-06-12T13:41:32.032+04:00  INFO 13028 --- [gqw] [http-nio-8080-exec-4] c.e.gqw.admin.service.AdminService       : Method finished successfully AdminService.productById: operation='execute business operation', layer=SERVICE, durationMs=1, traceId='', eventUid=''.
2026-06-12T13:41:32.033+04:00  INFO 13028 --- [gqw] [http-nio-8080-exec-4] c.e.gqw.admin.service.AdminService       : Method started AdminService.productCharacteristics (operation='execute business operation', layer=SERVICE, traceId='', eventUid='').
2026-06-12T13:41:32.034+04:00  INFO 13028 --- [gqw] [http-nio-8080-exec-4] c.e.gqw.admin.service.AdminService       : Method finished successfully AdminService.productCharacteristics: operation='execute business operation', layer=SERVICE, durationMs=1, traceId='', eventUid=''.
2026-06-12T13:41:32.034+04:00  INFO 13028 --- [gqw] [http-nio-8080-exec-4] c.e.gqw.admin.service.AdminService       : Method started AdminService.productFilterOptions (operation='execute business operation', layer=SERVICE, traceId='', eventUid='').
2026-06-12T13:41:32.035+04:00  INFO 13028 --- [gqw] [http-nio-8080-exec-4] c.e.gqw.admin.service.AdminService       : Method finished successfully AdminService.productFilterOptions: operation='execute business operation', layer=SERVICE, durationMs=0, traceId='', eventUid=''.
2026-06-12T13:41:32.035+04:00  INFO 13028 --- [gqw] [http-nio-8080-exec-4] c.e.gqw.admin.service.AdminService       : Method started AdminService.productImages (operation='execute business operation', layer=SERVICE, traceId='', eventUid='').
2026-06-12T13:41:32.036+04:00  INFO 13028 --- [gqw] [http-nio-8080-exec-4] c.e.gqw.admin.service.AdminService       : Method finished successfully AdminService.productImages: operation='execute business operation', layer=SERVICE, durationMs=0, traceId='', eventUid=''.
2026-06-12T13:41:32.036+04:00  INFO 13028 --- [gqw] [http-nio-8080-exec-4] c.e.gqw.admin.service.AdminService       : Method started AdminService.reviewsByProduct (operation='execute business operation', layer=SERVICE, traceId='', eventUid='').
2026-06-12T13:41:32.037+04:00  INFO 13028 --- [gqw] [http-nio-8080-exec-4] c.e.gqw.admin.service.AdminService       : Method finished successfully AdminService.reviewsByProduct: operation='execute business operation', layer=SERVICE, durationMs=0, traceId='', eventUid=''.
2026-06-12T13:41:32.037+04:00  INFO 13028 --- [gqw] [http-nio-8080-exec-4] c.e.gqw.shop.service.ReviewService       : Method started ReviewService.replies (operation='execute business operation', layer=SERVICE, traceId='', eventUid='').
2026-06-12T13:41:32.037+04:00  INFO 13028 --- [gqw] [http-nio-8080-exec-4] c.e.gqw.shop.service.ReviewService       : Method finished successfully ReviewService.replies: operation='execute business operation', layer=SERVICE, durationMs=0, traceId='', eventUid=''.
2026-06-12T13:41:32.038+04:00  INFO 13028 --- [gqw] [http-nio-8080-exec-4] c.e.gqw.shop.service.ReviewService       : Method started ReviewService.replies (operation='execute business operation', layer=SERVICE, traceId='', eventUid='').
2026-06-12T13:41:32.038+04:00  INFO 13028 --- [gqw] [http-nio-8080-exec-4] c.e.gqw.shop.service.ReviewService       : Method finished successfully ReviewService.replies: operation='execute business operation', layer=SERVICE, durationMs=1, traceId='', eventUid=''.
2026-06-12T13:41:32.038+04:00  INFO 13028 --- [gqw] [http-nio-8080-exec-4] c.e.gqw.shop.service.ReviewService       : Method started ReviewService.replies (operation='execute business operation', layer=SERVICE, traceId='', eventUid='').
2026-06-12T13:41:32.038+04:00  INFO 13028 --- [gqw] [http-nio-8080-exec-4] c.e.gqw.shop.service.ReviewService       : Method finished successfully ReviewService.replies: operation='execute business operation', layer=SERVICE, durationMs=0, traceId='', eventUid=''.
2026-06-12T13:41:32.039+04:00  INFO 13028 --- [gqw] [http-nio-8080-exec-4] c.e.gqw.shop.service.ReviewService       : Method started ReviewService.replies (operation='execute business operation', layer=SERVICE, traceId='', eventUid='').
2026-06-12T13:41:32.039+04:00  INFO 13028 --- [gqw] [http-nio-8080-exec-4] c.e.gqw.shop.service.ReviewService       : Method finished successfully ReviewService.replies: operation='execute business operation', layer=SERVICE, durationMs=0, traceId='', eventUid=''.
2026-06-12T13:41:32.039+04:00  INFO 13028 --- [gqw] [http-nio-8080-exec-4] c.e.gqw.shop.service.ReviewService       : Method started ReviewService.replies (operation='execute business operation', layer=SERVICE, traceId='', eventUid='').
2026-06-12T13:41:32.039+04:00  INFO 13028 --- [gqw] [http-nio-8080-exec-4] c.e.gqw.shop.service.ReviewService       : Method finished successfully ReviewService.replies: operation='execute business operation', layer=SERVICE, durationMs=0, traceId='', eventUid=''.
2026-06-12T13:41:32.039+04:00  INFO 13028 --- [gqw] [http-nio-8080-exec-4] c.e.gqw.shop.service.ReviewService       : Method started ReviewService.replies (operation='execute business operation', layer=SERVICE, traceId='', eventUid='').
2026-06-12T13:41:32.040+04:00  INFO 13028 --- [gqw] [http-nio-8080-exec-4] c.e.gqw.shop.service.ReviewService       : Method finished successfully ReviewService.replies: operation='execute business operation', layer=SERVICE, durationMs=0, traceId='', eventUid=''.
2026-06-12T13:41:32.040+04:00  INFO 13028 --- [gqw] [http-nio-8080-exec-4] c.e.gqw.shop.service.ReviewService       : Method started ReviewService.replies (operation='execute business operation', layer=SERVICE, traceId='', eventUid='').
2026-06-12T13:41:32.040+04:00  INFO 13028 --- [gqw] [http-nio-8080-exec-4] c.e.gqw.shop.service.ReviewService       : Method finished successfully ReviewService.replies: operation='execute business operation', layer=SERVICE, durationMs=0, traceId='', eventUid=''.
2026-06-12T13:41:32.040+04:00  INFO 13028 --- [gqw] [http-nio-8080-exec-4] c.e.gqw.shop.service.ReviewService       : Method started ReviewService.replies (operation='execute business operation', layer=SERVICE, traceId='', eventUid='').
2026-06-12T13:41:32.041+04:00  INFO 13028 --- [gqw] [http-nio-8080-exec-4] c.e.gqw.shop.service.ReviewService       : Method finished successfully ReviewService.replies: operation='execute business operation', layer=SERVICE, durationMs=1, traceId='', eventUid=''.
2026-06-12T13:41:32.041+04:00  INFO 13028 --- [gqw] [http-nio-8080-exec-4] c.e.gqw.shop.service.ReviewService       : Method started ReviewService.replies (operation='execute business operation', layer=SERVICE, traceId='', eventUid='').
2026-06-12T13:41:32.041+04:00  INFO 13028 --- [gqw] [http-nio-8080-exec-4] c.e.gqw.shop.service.ReviewService       : Method finished successfully ReviewService.replies: operation='execute business operation', layer=SERVICE, durationMs=0, traceId='', eventUid=''.
2026-06-12T13:41:32.041+04:00  INFO 13028 --- [gqw] [http-nio-8080-exec-4] c.e.gqw.shop.service.ReviewService       : Method started ReviewService.replies (operation='execute business operation', layer=SERVICE, traceId='', eventUid='').
2026-06-12T13:41:32.042+04:00  INFO 13028 --- [gqw] [http-nio-8080-exec-4] c.e.gqw.shop.service.ReviewService       : Method finished successfully ReviewService.replies: operation='execute business operation', layer=SERVICE, durationMs=1, traceId='', eventUid=''.
2026-06-12T13:41:32.042+04:00  INFO 13028 --- [gqw] [http-nio-8080-exec-4] c.e.gqw.shop.service.ReviewService       : Method started ReviewService.replies (operation='execute business operation', layer=SERVICE, traceId='', eventUid='').
2026-06-12T13:41:32.042+04:00  INFO 13028 --- [gqw] [http-nio-8080-exec-4] c.e.gqw.shop.service.ReviewService       : Method finished successfully ReviewService.replies: operation='execute business operation', layer=SERVICE, durationMs=0, traceId='', eventUid=''.
2026-06-12T13:41:32.042+04:00  INFO 13028 --- [gqw] [http-nio-8080-exec-4] c.e.gqw.shop.service.ReviewService       : Method started ReviewService.replies (operation='execute business operation', layer=SERVICE, traceId='', eventUid='').
2026-06-12T13:41:32.043+04:00  INFO 13028 --- [gqw] [http-nio-8080-exec-4] c.e.gqw.shop.service.ReviewService       : Method finished successfully ReviewService.replies: operation='execute business operation', layer=SERVICE, durationMs=1, traceId='', eventUid=''.
2026-06-12T13:41:32.043+04:00  INFO 13028 --- [gqw] [http-nio-8080-exec-4] c.e.gqw.shop.service.ReviewService       : Method started ReviewService.replies (operation='execute business operation', layer=SERVICE, traceId='', eventUid='').
2026-06-12T13:41:32.043+04:00  INFO 13028 --- [gqw] [http-nio-8080-exec-4] c.e.gqw.shop.service.ReviewService       : Method finished successfully ReviewService.replies: operation='execute business operation', layer=SERVICE, durationMs=0, traceId='', eventUid=''.
2026-06-12T13:41:32.043+04:00  INFO 13028 --- [gqw] [http-nio-8080-exec-4] c.e.gqw.shop.service.ReviewService       : Method started ReviewService.replies (operation='execute business operation', layer=SERVICE, traceId='', eventUid='').
2026-06-12T13:41:32.044+04:00  INFO 13028 --- [gqw] [http-nio-8080-exec-4] c.e.gqw.shop.service.ReviewService       : Method finished successfully ReviewService.replies: operation='execute business operation', layer=SERVICE, durationMs=1, traceId='', eventUid=''.
2026-06-12T13:41:32.044+04:00  INFO 13028 --- [gqw] [http-nio-8080-exec-4] c.e.gqw.shop.service.ReviewService       : Method started ReviewService.replies (operation='execute business operation', layer=SERVICE, traceId='', eventUid='').
2026-06-12T13:41:32.045+04:00  INFO 13028 --- [gqw] [http-nio-8080-exec-4] c.e.gqw.shop.service.ReviewService       : Method finished successfully ReviewService.replies: operation='execute business operation', layer=SERVICE, durationMs=0, traceId='', eventUid=''.
2026-06-12T13:41:32.045+04:00  INFO 13028 --- [gqw] [http-nio-8080-exec-4] c.e.gqw.shop.service.ReviewService       : Method started ReviewService.replies (operation='execute business operation', layer=SERVICE, traceId='', eventUid='').
2026-06-12T13:41:32.047+04:00  INFO 13028 --- [gqw] [http-nio-8080-exec-4] c.e.gqw.shop.service.ReviewService       : Method finished successfully ReviewService.replies: operation='execute business operation', layer=SERVICE, durationMs=2, traceId='', eventUid=''.
2026-06-12T13:41:32.047+04:00  INFO 13028 --- [gqw] [http-nio-8080-exec-4] c.e.gqw.shop.service.ReviewService       : Method started ReviewService.replies (operation='execute business operation', layer=SERVICE, traceId='', eventUid='').
2026-06-12T13:41:32.048+04:00  INFO 13028 --- [gqw] [http-nio-8080-exec-4] c.e.gqw.shop.service.ReviewService       : Method finished successfully ReviewService.replies: operation='execute business operation', layer=SERVICE, durationMs=0, traceId='', eventUid=''.
2026-06-12T13:41:32.049+04:00  INFO 13028 --- [gqw] [http-nio-8080-exec-4] c.e.gqw.shop.service.ReviewService       : Method started ReviewService.replies (operation='execute business operation', layer=SERVICE, traceId='', eventUid='').
2026-06-12T13:41:32.050+04:00  INFO 13028 --- [gqw] [http-nio-8080-exec-4] c.e.gqw.shop.service.ReviewService       : Method finished successfully ReviewService.replies: operation='execute business operation', layer=SERVICE, durationMs=0, traceId='', eventUid=''.
2026-06-12T13:41:32.050+04:00  INFO 13028 --- [gqw] [http-nio-8080-exec-4] c.e.gqw.shop.service.ReviewService       : Method started ReviewService.replies (operation='execute business operation', layer=SERVICE, traceId='', eventUid='').
2026-06-12T13:41:32.050+04:00  INFO 13028 --- [gqw] [http-nio-8080-exec-4] c.e.gqw.shop.service.ReviewService       : Method finished successfully ReviewService.replies: operation='execute business operation', layer=SERVICE, durationMs=0, traceId='', eventUid=''.
2026-06-12T13:41:32.051+04:00  INFO 13028 --- [gqw] [http-nio-8080-exec-4] c.e.gqw.shop.service.ReviewService       : Method started ReviewService.replies (operation='execute business operation', layer=SERVICE, traceId='', eventUid='').
2026-06-12T13:41:32.051+04:00  INFO 13028 --- [gqw] [http-nio-8080-exec-4] c.e.gqw.shop.service.ReviewService       : Method finished successfully ReviewService.replies: operation='execute business operation', layer=SERVICE, durationMs=0, traceId='', eventUid=''.
2026-06-12T13:41:32.051+04:00  INFO 13028 --- [gqw] [http-nio-8080-exec-4] c.e.gqw.shop.service.ReviewService       : Method started ReviewService.replies (operation='execute business operation', layer=SERVICE, traceId='', eventUid='').
2026-06-12T13:41:32.052+04:00  INFO 13028 --- [gqw] [http-nio-8080-exec-4] c.e.gqw.shop.service.ReviewService       : Method finished successfully ReviewService.replies: operation='execute business operation', layer=SERVICE, durationMs=1, traceId='', eventUid=''.
2026-06-12T13:41:32.052+04:00  INFO 13028 --- [gqw] [http-nio-8080-exec-4] c.e.gqw.shop.service.ReviewService       : Method started ReviewService.replies (operation='execute business operation', layer=SERVICE, traceId='', eventUid='').
2026-06-12T13:41:32.053+04:00  INFO 13028 --- [gqw] [http-nio-8080-exec-4] c.e.gqw.shop.service.ReviewService       : Method finished successfully ReviewService.replies: operation='execute business operation', layer=SERVICE, durationMs=0, traceId='', eventUid=''.
2026-06-12T13:41:32.053+04:00  INFO 13028 --- [gqw] [http-nio-8080-exec-4] c.e.gqw.shop.service.ReviewService       : Method started ReviewService.replies (operation='execute business operation', layer=SERVICE, traceId='', eventUid='').
2026-06-12T13:41:32.054+04:00  INFO 13028 --- [gqw] [http-nio-8080-exec-4] c.e.gqw.shop.service.ReviewService       : Method finished successfully ReviewService.replies: operation='execute business operation', layer=SERVICE, durationMs=0, traceId='', eventUid=''.
2026-06-12T13:41:32.054+04:00  INFO 13028 --- [gqw] [http-nio-8080-exec-4] c.e.gqw.shop.service.ReviewService       : Method started ReviewService.replies (operation='execute business operation', layer=SERVICE, traceId='', eventUid='').
2026-06-12T13:41:32.054+04:00  INFO 13028 --- [gqw] [http-nio-8080-exec-4] c.e.gqw.shop.service.ReviewService       : Method finished successfully ReviewService.replies: operation='execute business operation', layer=SERVICE, durationMs=0, traceId='', eventUid=''.
2026-06-12T13:41:32.054+04:00  INFO 13028 --- [gqw] [http-nio-8080-exec-4] c.e.gqw.shop.service.ReviewService       : Method started ReviewService.replies (operation='execute business operation', layer=SERVICE, traceId='', eventUid='').
2026-06-12T13:41:32.055+04:00  INFO 13028 --- [gqw] [http-nio-8080-exec-4] c.e.gqw.shop.service.ReviewService       : Method finished successfully ReviewService.replies: operation='execute business operation', layer=SERVICE, durationMs=0, traceId='', eventUid=''.
2026-06-12T13:41:32.055+04:00  INFO 13028 --- [gqw] [http-nio-8080-exec-4] c.e.gqw.shop.service.ReviewService       : Method started ReviewService.replies (operation='execute business operation', layer=SERVICE, traceId='', eventUid='').
2026-06-12T13:41:32.055+04:00  INFO 13028 --- [gqw] [http-nio-8080-exec-4] c.e.gqw.shop.service.ReviewService       : Method finished successfully ReviewService.replies: operation='execute business operation', layer=SERVICE, durationMs=0, traceId='', eventUid=''.
2026-06-12T13:41:32.056+04:00  INFO 13028 --- [gqw] [http-nio-8080-exec-4] c.e.gqw.shop.service.ReviewService       : Method started ReviewService.replies (operation='execute business operation', layer=SERVICE, traceId='', eventUid='').
2026-06-12T13:41:32.056+04:00  INFO 13028 --- [gqw] [http-nio-8080-exec-4] c.e.gqw.shop.service.ReviewService       : Method finished successfully ReviewService.replies: operation='execute business operation', layer=SERVICE, durationMs=0, traceId='', eventUid=''.
2026-06-12T13:41:32.056+04:00  INFO 13028 --- [gqw] [http-nio-8080-exec-4] c.e.gqw.shop.service.ReviewService       : Method started ReviewService.replies (operation='execute business operation', layer=SERVICE, traceId='', eventUid='').
2026-06-12T13:41:32.057+04:00  INFO 13028 --- [gqw] [http-nio-8080-exec-4] c.e.gqw.shop.service.ReviewService       : Method finished successfully ReviewService.replies: operation='execute business operation', layer=SERVICE, durationMs=0, traceId='', eventUid=''.
2026-06-12T13:41:32.057+04:00  INFO 13028 --- [gqw] [http-nio-8080-exec-4] c.e.gqw.shop.service.ReviewService       : Method started ReviewService.replies (operation='execute business operation', layer=SERVICE, traceId='', eventUid='').
2026-06-12T13:41:32.057+04:00  INFO 13028 --- [gqw] [http-nio-8080-exec-4] c.e.gqw.shop.service.ReviewService       : Method finished successfully ReviewService.replies: operation='execute business operation', layer=SERVICE, durationMs=0, traceId='', eventUid=''.
2026-06-12T13:41:32.057+04:00  INFO 13028 --- [gqw] [http-nio-8080-exec-4] c.e.gqw.shop.service.ReviewService       : Method started ReviewService.replies (operation='execute business operation', layer=SERVICE, traceId='', eventUid='').
2026-06-12T13:41:32.058+04:00  INFO 13028 --- [gqw] [http-nio-8080-exec-4] c.e.gqw.shop.service.ReviewService       : Method finished successfully ReviewService.replies: operation='execute business operation', layer=SERVICE, durationMs=1, traceId='', eventUid=''.
2026-06-12T13:41:32.058+04:00  INFO 13028 --- [gqw] [http-nio-8080-exec-4] c.e.gqw.shop.service.ReviewService       : Method started ReviewService.replies (operation='execute business operation', layer=SERVICE, traceId='', eventUid='').
2026-06-12T13:41:32.058+04:00  INFO 13028 --- [gqw] [http-nio-8080-exec-4] c.e.gqw.shop.service.ReviewService       : Method finished successfully ReviewService.replies: operation='execute business operation', layer=SERVICE, durationMs=0, traceId='', eventUid=''.
2026-06-12T13:41:32.059+04:00  INFO 13028 --- [gqw] [http-nio-8080-exec-4] c.e.gqw.admin.service.AdminService       : Method started AdminService.productSalesSummary (operation='execute business operation', layer=SERVICE, traceId='', eventUid='').
2026-06-12T13:41:32.064+04:00  INFO 13028 --- [gqw] [http-nio-8080-exec-4] c.e.gqw.admin.service.AdminService       : Method finished successfully AdminService.productSalesSummary: operation='execute business operation', layer=SERVICE, durationMs=5, traceId='', eventUid=''.
2026-06-12T13:41:32.064+04:00  INFO 13028 --- [gqw] [http-nio-8080-exec-4] c.e.gqw.admin.service.AdminService       : Method started AdminService.availableFiltersForCategoryIds (operation='execute business operation', layer=SERVICE, traceId='', eventUid='').
2026-06-12T13:41:32.067+04:00  INFO 13028 --- [gqw] [http-nio-8080-exec-4] c.e.gqw.admin.service.AdminService       : Method finished successfully AdminService.availableFiltersForCategoryIds: operation='execute business operation', layer=SERVICE, durationMs=2, traceId='', eventUid=''.
2026-06-12T13:41:32.067+04:00  INFO 13028 --- [gqw] [http-nio-8080-exec-4] c.e.gqw.admin.service.AdminService       : Method started AdminService.filterOptionsForCategoryIds (operation='execute business operation', layer=SERVICE, traceId='', eventUid='').
2026-06-12T13:41:32.072+04:00  INFO 13028 --- [gqw] [http-nio-8080-exec-4] c.e.gqw.admin.service.AdminService       : Method finished successfully AdminService.filterOptionsForCategoryIds: operation='execute business operation', layer=SERVICE, durationMs=4, traceId='', eventUid=''.
2026-06-12T13:41:32.072+04:00  INFO 13028 --- [gqw] [http-nio-8080-exec-4] c.e.g.a.c.AdminProductsController        : Method finished successfully AdminProductsController.editProduct: operation='update data', layer=CONTROLLER, durationMs=52, traceId='', eventUid=''.
2026-06-12T13:41:32.134+04:00 ERROR 13028 --- [gqw] [http-nio-8080-exec-4] org.thymeleaf.TemplateEngine             : [THYMELEAF][http-nio-8080-exec-4] Exception processing template "admin/product-form": An error happened during template rendering

org.thymeleaf.exceptions.TemplateOutputException: An error happened during template rendering
	at org.thymeleaf.engine.OutputTemplateHandler.handleText(OutputTemplateHandler.java:75) ~[thymeleaf-3.1.3.RELEASE.jar:3.1.3.RELEASE]
	at org.thymeleaf.engine.ProcessorTemplateHandler.handleText(ProcessorTemplateHandler.java:587) ~[thymeleaf-3.1.3.RELEASE.jar:3.1.3.RELEASE]
	at org.thymeleaf.engine.Text.beHandled(Text.java:97) ~[thymeleaf-3.1.3.RELEASE.jar:3.1.3.RELEASE]
	at org.thymeleaf.engine.TemplateModel.process(TemplateModel.java:136) ~[thymeleaf-3.1.3.RELEASE.jar:3.1.3.RELEASE]
	at org.thymeleaf.engine.TemplateManager.parseAndProcess(TemplateManager.java:592) ~[thymeleaf-3.1.3.RELEASE.jar:3.1.3.RELEASE]
	at org.thymeleaf.TemplateEngine.process(TemplateEngine.java:1103) ~[thymeleaf-3.1.3.RELEASE.jar:3.1.3.RELEASE]
	at org.thymeleaf.TemplateEngine.process(TemplateEngine.java:1077) ~[thymeleaf-3.1.3.RELEASE.jar:3.1.3.RELEASE]
	at org.thymeleaf.spring6.view.ThymeleafView.renderFragment(ThymeleafView.java:372) ~[thymeleaf-spring6-3.1.3.RELEASE.jar:3.1.3.RELEASE]
	at org.thymeleaf.spring6.view.ThymeleafView.render(ThymeleafView.java:192) ~[thymeleaf-spring6-3.1.3.RELEASE.jar:3.1.3.RELEASE]
	at org.springframework.web.servlet.DispatcherServlet.render(DispatcherServlet.java:1305) ~[spring-webmvc-7.0.6.jar:7.0.6]
	at org.springframework.web.servlet.DispatcherServlet.processDispatchResult(DispatcherServlet.java:1042) ~[spring-webmvc-7.0.6.jar:7.0.6]
	at org.springframework.web.servlet.DispatcherServlet.doDispatch(DispatcherServlet.java:980) ~[spring-webmvc-7.0.6.jar:7.0.6]
	at org.springframework.web.servlet.DispatcherServlet.doService(DispatcherServlet.java:866) ~[spring-webmvc-7.0.6.jar:7.0.6]
	at org.springframework.web.servlet.FrameworkServlet.processRequest(FrameworkServlet.java:1000) ~[spring-webmvc-7.0.6.jar:7.0.6]
	at org.springframework.web.servlet.FrameworkServlet.doGet(FrameworkServlet.java:892) ~[spring-webmvc-7.0.6.jar:7.0.6]
	at jakarta.servlet.http.HttpServlet.service(HttpServlet.java:622) ~[tomcat-embed-core-11.0.18.jar:6.1]
	at org.springframework.web.servlet.FrameworkServlet.service(FrameworkServlet.java:874) ~[spring-webmvc-7.0.6.jar:7.0.6]
	at jakarta.servlet.http.HttpServlet.service(HttpServlet.java:710) ~[tomcat-embed-core-11.0.18.jar:6.1]
	at org.apache.catalina.core.ApplicationFilterChain.doFilter(ApplicationFilterChain.java:128) ~[tomcat-embed-core-11.0.18.jar:11.0.18]
	at org.apache.tomcat.websocket.server.WsFilter.doFilter(WsFilter.java:53) ~[tomcat-embed-websocket-11.0.18.jar:11.0.18]
	at org.apache.catalina.core.ApplicationFilterChain.doFilter(ApplicationFilterChain.java:107) ~[tomcat-embed-core-11.0.18.jar:11.0.18]
	at org.springframework.web.filter.CompositeFilter$VirtualFilterChain.doFilter(CompositeFilter.java:108) ~[spring-web-7.0.6.jar:7.0.6]
	at org.springframework.security.web.FilterChainProxy.lambda$doFilterInternal$3(FilterChainProxy.java:235) ~[spring-security-web-7.0.4.jar:7.0.4]
	at org.springframework.security.web.FilterChainProxy$VirtualFilterChain.doFilter(FilterChainProxy.java:371) ~[spring-security-web-7.0.4.jar:7.0.4]
	at org.springframework.security.web.access.intercept.AuthorizationFilter.doFilter(AuthorizationFilter.java:101) ~[spring-security-web-7.0.4.jar:7.0.4]
	at org.springframework.security.web.FilterChainProxy$VirtualFilterChain.doFilter(FilterChainProxy.java:380) ~[spring-security-web-7.0.4.jar:7.0.4]
	at org.springframework.security.web.access.ExceptionTranslationFilter.doFilter(ExceptionTranslationFilter.java:126) ~[spring-security-web-7.0.4.jar:7.0.4]
	at org.springframework.security.web.access.ExceptionTranslationFilter.doFilter(ExceptionTranslationFilter.java:120) ~[spring-security-web-7.0.4.jar:7.0.4]
	at org.springframework.security.web.FilterChainProxy$VirtualFilterChain.doFilter(FilterChainProxy.java:380) ~[spring-security-web-7.0.4.jar:7.0.4]
	at org.springframework.security.web.authentication.AnonymousAuthenticationFilter.doFilter(AnonymousAuthenticationFilter.java:100) ~[spring-security-web-7.0.4.jar:7.0.4]
	at org.springframework.security.web.FilterChainProxy$VirtualFilterChain.doFilter(FilterChainProxy.java:380) ~[spring-security-web-7.0.4.jar:7.0.4]
	at org.springframework.security.web.servletapi.SecurityContextHolderAwareRequestFilter.doFilter(SecurityContextHolderAwareRequestFilter.java:181) ~[spring-security-web-7.0.4.jar:7.0.4]
	at org.springframework.security.web.FilterChainProxy$VirtualFilterChain.doFilter(FilterChainProxy.java:380) ~[spring-security-web-7.0.4.jar:7.0.4]
	at org.springframework.security.web.savedrequest.RequestCacheAwareFilter.doFilter(RequestCacheAwareFilter.java:63) ~[spring-security-web-7.0.4.jar:7.0.4]
	at org.springframework.security.web.FilterChainProxy$VirtualFilterChain.doFilter(FilterChainProxy.java:380) ~[spring-security-web-7.0.4.jar:7.0.4]
	at org.springframework.security.web.authentication.AbstractAuthenticationProcessingFilter.doFilter(AbstractAuthenticationProcessingFilter.java:245) ~[spring-security-web-7.0.4.jar:7.0.4]
	at org.springframework.security.web.authentication.AbstractAuthenticationProcessingFilter.doFilter(AbstractAuthenticationProcessingFilter.java:239) ~[spring-security-web-7.0.4.jar:7.0.4]
	at org.springframework.security.web.FilterChainProxy$VirtualFilterChain.doFilter(FilterChainProxy.java:380) ~[spring-security-web-7.0.4.jar:7.0.4]
	at org.springframework.security.web.authentication.logout.LogoutFilter.doFilter(LogoutFilter.java:110) ~[spring-security-web-7.0.4.jar:7.0.4]
	at org.springframework.security.web.authentication.logout.LogoutFilter.doFilter(LogoutFilter.java:96) ~[spring-security-web-7.0.4.jar:7.0.4]
	at org.springframework.security.web.FilterChainProxy$VirtualFilterChain.doFilter(FilterChainProxy.java:380) ~[spring-security-web-7.0.4.jar:7.0.4]
	at org.springframework.security.web.csrf.CsrfFilter.doFilterInternal(CsrfFilter.java:118) ~[spring-security-web-7.0.4.jar:7.0.4]
	at org.springframework.web.filter.OncePerRequestFilter.doFilter(OncePerRequestFilter.java:116) ~[spring-web-7.0.6.jar:7.0.6]
	at org.springframework.security.web.FilterChainProxy$VirtualFilterChain.doFilter(FilterChainProxy.java:380) ~[spring-security-web-7.0.4.jar:7.0.4]
	at org.springframework.security.web.header.HeaderWriterFilter.doHeadersAfter(HeaderWriterFilter.java:90) ~[spring-security-web-7.0.4.jar:7.0.4]
	at org.springframework.security.web.header.HeaderWriterFilter.doFilterInternal(HeaderWriterFilter.java:75) ~[spring-security-web-7.0.4.jar:7.0.4]
	at org.springframework.web.filter.OncePerRequestFilter.doFilter(OncePerRequestFilter.java:116) ~[spring-web-7.0.6.jar:7.0.6]
	at org.springframework.security.web.FilterChainProxy$VirtualFilterChain.doFilter(FilterChainProxy.java:380) ~[spring-security-web-7.0.4.jar:7.0.4]
	at org.springframework.security.web.context.SecurityContextHolderFilter.doFilter(SecurityContextHolderFilter.java:82) ~[spring-security-web-7.0.4.jar:7.0.4]
	at org.springframework.security.web.context.SecurityContextHolderFilter.doFilter(SecurityContextHolderFilter.java:69) ~[spring-security-web-7.0.4.jar:7.0.4]
	at org.springframework.security.web.FilterChainProxy$VirtualFilterChain.doFilter(FilterChainProxy.java:380) ~[spring-security-web-7.0.4.jar:7.0.4]
	at org.springframework.security.web.context.request.async.WebAsyncManagerIntegrationFilter.doFilterInternal(WebAsyncManagerIntegrationFilter.java:62) ~[spring-security-web-7.0.4.jar:7.0.4]
	at org.springframework.web.filter.OncePerRequestFilter.doFilter(OncePerRequestFilter.java:116) ~[spring-web-7.0.6.jar:7.0.6]
	at org.springframework.security.web.FilterChainProxy$VirtualFilterChain.doFilter(FilterChainProxy.java:380) ~[spring-security-web-7.0.4.jar:7.0.4]
	at org.springframework.security.web.session.DisableEncodeUrlFilter.doFilterInternal(DisableEncodeUrlFilter.java:42) ~[spring-security-web-7.0.4.jar:7.0.4]
	at org.springframework.web.filter.OncePerRequestFilter.doFilter(OncePerRequestFilter.java:116) ~[spring-web-7.0.6.jar:7.0.6]
	at org.springframework.security.web.FilterChainProxy$VirtualFilterChain.doFilter(FilterChainProxy.java:380) ~[spring-security-web-7.0.4.jar:7.0.4]
	at org.springframework.security.web.FilterChainProxy.doFilterInternal(FilterChainProxy.java:237) ~[spring-security-web-7.0.4.jar:7.0.4]
	at org.springframework.security.web.FilterChainProxy.doFilter(FilterChainProxy.java:195) ~[spring-security-web-7.0.4.jar:7.0.4]
	at org.springframework.web.filter.CompositeFilter$VirtualFilterChain.doFilter(CompositeFilter.java:113) ~[spring-web-7.0.6.jar:7.0.6]
	at org.springframework.web.filter.ServletRequestPathFilter.doFilter(ServletRequestPathFilter.java:52) ~[spring-web-7.0.6.jar:7.0.6]
	at org.springframework.web.filter.CompositeFilter$VirtualFilterChain.doFilter(CompositeFilter.java:113) ~[spring-web-7.0.6.jar:7.0.6]
	at org.springframework.web.filter.CompositeFilter.doFilter(CompositeFilter.java:74) ~[spring-web-7.0.6.jar:7.0.6]
	at org.springframework.security.config.annotation.web.configuration.WebSecurityConfiguration$CompositeFilterChainProxy.doFilter(WebSecurityConfiguration.java:317) ~[spring-security-config-7.0.4.jar:7.0.4]
	at org.springframework.web.filter.DelegatingFilterProxy.invokeDelegate(DelegatingFilterProxy.java:355) ~[spring-web-7.0.6.jar:7.0.6]
	at org.springframework.web.filter.DelegatingFilterProxy.doFilter(DelegatingFilterProxy.java:272) ~[spring-web-7.0.6.jar:7.0.6]
	at org.apache.catalina.core.ApplicationFilterChain.doFilter(ApplicationFilterChain.java:107) ~[tomcat-embed-core-11.0.18.jar:11.0.18]
	at org.springframework.web.filter.RequestContextFilter.doFilterInternal(RequestContextFilter.java:100) ~[spring-web-7.0.6.jar:7.0.6]
	at org.springframework.web.filter.OncePerRequestFilter.doFilter(OncePerRequestFilter.java:116) ~[spring-web-7.0.6.jar:7.0.6]
	at org.apache.catalina.core.ApplicationFilterChain.doFilter(ApplicationFilterChain.java:107) ~[tomcat-embed-core-11.0.18.jar:11.0.18]
	at org.springframework.web.filter.FormContentFilter.doFilterInternal(FormContentFilter.java:93) ~[spring-web-7.0.6.jar:7.0.6]
	at org.springframework.web.filter.OncePerRequestFilter.doFilter(OncePerRequestFilter.java:116) ~[spring-web-7.0.6.jar:7.0.6]
	at org.apache.catalina.core.ApplicationFilterChain.doFilter(ApplicationFilterChain.java:107) ~[tomcat-embed-core-11.0.18.jar:11.0.18]
	at org.springframework.web.filter.HiddenHttpMethodFilter.doFilterInternal(HiddenHttpMethodFilter.java:91) ~[spring-web-7.0.6.jar:7.0.6]
	at org.springframework.web.filter.OncePerRequestFilter.doFilter(OncePerRequestFilter.java:116) ~[spring-web-7.0.6.jar:7.0.6]
	at org.apache.catalina.core.ApplicationFilterChain.doFilter(ApplicationFilterChain.java:107) ~[tomcat-embed-core-11.0.18.jar:11.0.18]
	at com.example.gqw.analytics.logging.AppModuleMdcFilter.doFilterInternal(AppModuleMdcFilter.java:34) ~[gqw-analytics-module-0.0.1-SNAPSHOT.jar:na]
	at org.springframework.web.filter.OncePerRequestFilter.doFilter(OncePerRequestFilter.java:116) ~[spring-web-7.0.6.jar:7.0.6]
	at org.apache.catalina.core.ApplicationFilterChain.doFilter(ApplicationFilterChain.java:107) ~[tomcat-embed-core-11.0.18.jar:11.0.18]
	at org.springframework.web.filter.CharacterEncodingFilter.doFilterInternal(CharacterEncodingFilter.java:199) ~[spring-web-7.0.6.jar:7.0.6]
	at org.springframework.web.filter.OncePerRequestFilter.doFilter(OncePerRequestFilter.java:116) ~[spring-web-7.0.6.jar:7.0.6]
	at org.apache.catalina.core.ApplicationFilterChain.doFilter(ApplicationFilterChain.java:107) ~[tomcat-embed-core-11.0.18.jar:11.0.18]
	at org.apache.catalina.core.StandardWrapperValve.invoke(StandardWrapperValve.java:165) ~[tomcat-embed-core-11.0.18.jar:11.0.18]
	at org.apache.catalina.core.StandardContextValve.invoke(StandardContextValve.java:77) ~[tomcat-embed-core-11.0.18.jar:11.0.18]
	at org.apache.catalina.authenticator.AuthenticatorBase.invoke(AuthenticatorBase.java:492) ~[tomcat-embed-core-11.0.18.jar:11.0.18]
	at org.apache.catalina.core.StandardHostValve.invoke(StandardHostValve.java:113) ~[tomcat-embed-core-11.0.18.jar:11.0.18]
	at org.apache.catalina.valves.ErrorReportValve.invoke(ErrorReportValve.java:83) ~[tomcat-embed-core-11.0.18.jar:11.0.18]
	at org.apache.catalina.core.StandardEngineValve.invoke(StandardEngineValve.java:72) ~[tomcat-embed-core-11.0.18.jar:11.0.18]
	at org.apache.catalina.connector.CoyoteAdapter.service(CoyoteAdapter.java:341) ~[tomcat-embed-core-11.0.18.jar:11.0.18]
	at org.apache.coyote.http11.Http11Processor.service(Http11Processor.java:397) ~[tomcat-embed-core-11.0.18.jar:11.0.18]
	at org.apache.coyote.AbstractProcessorLight.process(AbstractProcessorLight.java:63) ~[tomcat-embed-core-11.0.18.jar:11.0.18]
	at org.apache.coyote.AbstractProtocol$ConnectionHandler.process(AbstractProtocol.java:903) ~[tomcat-embed-core-11.0.18.jar:11.0.18]
	at org.apache.tomcat.util.net.NioEndpoint$SocketProcessor.doRun(NioEndpoint.java:1779) ~[tomcat-embed-core-11.0.18.jar:11.0.18]
	at org.apache.tomcat.util.net.SocketProcessorBase.run(SocketProcessorBase.java:52) ~[tomcat-embed-core-11.0.18.jar:11.0.18]
	at org.apache.tomcat.util.threads.ThreadPoolExecutor.runWorker(ThreadPoolExecutor.java:946) ~[tomcat-embed-core-11.0.18.jar:11.0.18]
	at org.apache.tomcat.util.threads.ThreadPoolExecutor$Worker.run(ThreadPoolExecutor.java:480) ~[tomcat-embed-core-11.0.18.jar:11.0.18]
	at org.apache.tomcat.util.threads.TaskThread$WrappingRunnable.run(TaskThread.java:57) ~[tomcat-embed-core-11.0.18.jar:11.0.18]
	at java.base/java.lang.Thread.run(Thread.java:1583) ~[na:na]
Caused by: org.thymeleaf.exceptions.TemplateOutputException: An error happened during template rendering
	at org.thymeleaf.engine.OutputTemplateHandler.handleText(OutputTemplateHandler.java:75) ~[thymeleaf-3.1.3.RELEASE.jar:3.1.3.RELEASE]
	at org.thymeleaf.engine.Text.beHandled(Text.java:97) ~[thymeleaf-3.1.3.RELEASE.jar:3.1.3.RELEASE]
	at org.thymeleaf.engine.Model.process(Model.java:282) ~[thymeleaf-3.1.3.RELEASE.jar:3.1.3.RELEASE]
	at org.thymeleaf.engine.ProcessorTemplateHandler.handleOpenElement(ProcessorTemplateHandler.java:1587) ~[thymeleaf-3.1.3.RELEASE.jar:3.1.3.RELEASE]
	at org.thymeleaf.engine.OpenElementTag.beHandled(OpenElementTag.java:205) ~[thymeleaf-3.1.3.RELEASE.jar:3.1.3.RELEASE]
	at org.thymeleaf.engine.TemplateModel.process(TemplateModel.java:136) ~[thymeleaf-3.1.3.RELEASE.jar:3.1.3.RELEASE]
	at org.thymeleaf.engine.TemplateManager.process(TemplateManager.java:519) ~[thymeleaf-3.1.3.RELEASE.jar:3.1.3.RELEASE]
	at org.thymeleaf.util.LazyProcessingCharSequence.writeUnresolved(LazyProcessingCharSequence.java:85) ~[thymeleaf-3.1.3.RELEASE.jar:3.1.3.RELEASE]
	at org.thymeleaf.util.AbstractLazyCharSequence.write(AbstractLazyCharSequence.java:103) ~[thymeleaf-3.1.3.RELEASE.jar:3.1.3.RELEASE]
	at org.thymeleaf.engine.AbstractTextualTemplateEvent.writeContent(AbstractTextualTemplateEvent.java:224) ~[thymeleaf-3.1.3.RELEASE.jar:3.1.3.RELEASE]
	at org.thymeleaf.engine.Text.write(Text.java:78) ~[thymeleaf-3.1.3.RELEASE.jar:3.1.3.RELEASE]
	at org.thymeleaf.engine.OutputTemplateHandler.handleText(OutputTemplateHandler.java:71) ~[thymeleaf-3.1.3.RELEASE.jar:3.1.3.RELEASE]
	... 97 common frames omitted
Caused by: java.lang.IllegalArgumentException: Could not perform introspection on object of class org.hibernate.persister.entity.SingleTableEntityPersister
	at org.thymeleaf.standard.serializer.StandardJavaScriptSerializer$DefaultStandardJavaScriptSerializer.writeObject(StandardJavaScriptSerializer.java:571) ~[thymeleaf-3.1.3.RELEASE.jar:3.1.3.RELEASE]
	at org.thymeleaf.standard.serializer.StandardJavaScriptSerializer$DefaultStandardJavaScriptSerializer.writeValue(StandardJavaScriptSerializer.java:379) ~[thymeleaf-3.1.3.RELEASE.jar:3.1.3.RELEASE]
	at org.thymeleaf.standard.serializer.StandardJavaScriptSerializer$DefaultStandardJavaScriptSerializer.writeKeyValue(StandardJavaScriptSerializer.java:548) ~[thymeleaf-3.1.3.RELEASE.jar:3.1.3.RELEASE]
	at org.thymeleaf.standard.serializer.StandardJavaScriptSerializer$DefaultStandardJavaScriptSerializer.writeMap(StandardJavaScriptSerializer.java:539) ~[thymeleaf-3.1.3.RELEASE.jar:3.1.3.RELEASE]
	at org.thymeleaf.standard.serializer.StandardJavaScriptSerializer$DefaultStandardJavaScriptSerializer.writeObject(StandardJavaScriptSerializer.java:567) ~[thymeleaf-3.1.3.RELEASE.jar:3.1.3.RELEASE]
	at org.thymeleaf.standard.serializer.StandardJavaScriptSerializer$DefaultStandardJavaScriptSerializer.writeValue(StandardJavaScriptSerializer.java:379) ~[thymeleaf-3.1.3.RELEASE.jar:3.1.3.RELEASE]
	at org.thymeleaf.standard.serializer.StandardJavaScriptSerializer$DefaultStandardJavaScriptSerializer.writeKeyValue(StandardJavaScriptSerializer.java:548) ~[thymeleaf-3.1.3.RELEASE.jar:3.1.3.RELEASE]
	at org.thymeleaf.standard.serializer.StandardJavaScriptSerializer$DefaultStandardJavaScriptSerializer.writeMap(StandardJavaScriptSerializer.java:539) ~[thymeleaf-3.1.3.RELEASE.jar:3.1.3.RELEASE]
	at org.thymeleaf.standard.serializer.StandardJavaScriptSerializer$DefaultStandardJavaScriptSerializer.writeObject(StandardJavaScriptSerializer.java:567) ~[thymeleaf-3.1.3.RELEASE.jar:3.1.3.RELEASE]
	at org.thymeleaf.standard.serializer.StandardJavaScriptSerializer$DefaultStandardJavaScriptSerializer.writeValue(StandardJavaScriptSerializer.java:379) ~[thymeleaf-3.1.3.RELEASE.jar:3.1.3.RELEASE]
	at org.thymeleaf.standard.serializer.StandardJavaScriptSerializer$DefaultStandardJavaScriptSerializer.writeCollection(StandardJavaScriptSerializer.java:524) ~[thymeleaf-3.1.3.RELEASE.jar:3.1.3.RELEASE]
	at org.thymeleaf.standard.serializer.StandardJavaScriptSerializer$DefaultStandardJavaScriptSerializer.writeValue(StandardJavaScriptSerializer.java:368) ~[thymeleaf-3.1.3.RELEASE.jar:3.1.3.RELEASE]
	at org.thymeleaf.standard.serializer.StandardJavaScriptSerializer$DefaultStandardJavaScriptSerializer.writeKeyValue(StandardJavaScriptSerializer.java:548) ~[thymeleaf-3.1.3.RELEASE.jar:3.1.3.RELEASE]
	at org.thymeleaf.standard.serializer.StandardJavaScriptSerializer$DefaultStandardJavaScriptSerializer.writeMap(StandardJavaScriptSerializer.java:539) ~[thymeleaf-3.1.3.RELEASE.jar:3.1.3.RELEASE]
	at org.thymeleaf.standard.serializer.StandardJavaScriptSerializer$DefaultStandardJavaScriptSerializer.writeValue(StandardJavaScriptSerializer.java:372) ~[thymeleaf-3.1.3.RELEASE.jar:3.1.3.RELEASE]
	at org.thymeleaf.standard.serializer.StandardJavaScriptSerializer$DefaultStandardJavaScriptSerializer.serializeValue(StandardJavaScriptSerializer.java:326) ~[thymeleaf-3.1.3.RELEASE.jar:3.1.3.RELEASE]
	at org.thymeleaf.standard.serializer.StandardJavaScriptSerializer.serializeValue(StandardJavaScriptSerializer.java:140) ~[thymeleaf-3.1.3.RELEASE.jar:3.1.3.RELEASE]
	at org.thymeleaf.util.LazyEscapingCharSequence.produceEscapedOutput(LazyEscapingCharSequence.java:135) ~[thymeleaf-3.1.3.RELEASE.jar:3.1.3.RELEASE]
	at org.thymeleaf.util.LazyEscapingCharSequence.writeUnresolved(LazyEscapingCharSequence.java:94) ~[thymeleaf-3.1.3.RELEASE.jar:3.1.3.RELEASE]
	at org.thymeleaf.util.AbstractLazyCharSequence.write(AbstractLazyCharSequence.java:103) ~[thymeleaf-3.1.3.RELEASE.jar:3.1.3.RELEASE]
	at org.thymeleaf.engine.AbstractTextualTemplateEvent.writeContent(AbstractTextualTemplateEvent.java:224) ~[thymeleaf-3.1.3.RELEASE.jar:3.1.3.RELEASE]
	at org.thymeleaf.engine.Text.write(Text.java:78) ~[thymeleaf-3.1.3.RELEASE.jar:3.1.3.RELEASE]
	at org.thymeleaf.engine.OutputTemplateHandler.handleText(OutputTemplateHandler.java:71) ~[thymeleaf-3.1.3.RELEASE.jar:3.1.3.RELEASE]
	... 108 common frames omitted
Caused by: java.lang.reflect.InvocationTargetException
	at java.base/jdk.internal.reflect.DirectMethodHandleAccessor.invoke(DirectMethodHandleAccessor.java:109) ~[na:na]
	at java.base/java.lang.reflect.Method.invoke(Method.java:580) ~[na:na]
	at org.thymeleaf.standard.serializer.StandardJavaScriptSerializer$DefaultStandardJavaScriptSerializer.writeObject(StandardJavaScriptSerializer.java:562) ~[thymeleaf-3.1.3.RELEASE.jar:3.1.3.RELEASE]
	... 130 common frames omitted
Caused by: java.lang.ClassCastException: class org.hibernate.id.IdentityGenerator cannot be cast to class org.hibernate.id.IdentifierGenerator (org.hibernate.id.IdentityGenerator and org.hibernate.id.IdentifierGenerator are in unnamed module of loader 'app')
	at org.hibernate.tuple.IdentifierProperty.getIdentifierGenerator(IdentifierProperty.java:79) ~[hibernate-core-7.2.7.Final.jar:7.2.7.Final]
	at org.hibernate.persister.entity.AbstractEntityPersister.getIdentifierGenerator(AbstractEntityPersister.java:3955) ~[hibernate-core-7.2.7.Final.jar:7.2.7.Final]
	at java.base/jdk.internal.reflect.DirectMethodHandleAccessor.invoke(DirectMethodHandleAccessor.java:103) ~[na:na]
	... 132 common frames omitted

2026-06-12T13:41:32.143+04:00 ERROR 13028 --- [gqw] [http-nio-8080-exec-4] o.a.c.c.C.[.[.[/].[dispatcherServlet]    : Servlet.service() for servlet [dispatcherServlet] in context with path [] threw exception [Request processing failed: org.thymeleaf.exceptions.TemplateOutputException: An error happened during template rendering] with root cause

java.lang.ClassCastException: class org.hibernate.id.IdentityGenerator cannot be cast to class org.hibernate.id.IdentifierGenerator (org.hibernate.id.IdentityGenerator and org.hibernate.id.IdentifierGenerator are in unnamed module of loader 'app')
	at org.hibernate.tuple.IdentifierProperty.getIdentifierGenerator(IdentifierProperty.java:79) ~[hibernate-core-7.2.7.Final.jar:7.2.7.Final]
	at org.hibernate.persister.entity.AbstractEntityPersister.getIdentifierGenerator(AbstractEntityPersister.java:3955) ~[hibernate-core-7.2.7.Final.jar:7.2.7.Final]
	at java.base/jdk.internal.reflect.DirectMethodHandleAccessor.invoke(DirectMethodHandleAccessor.java:103) ~[na:na]
	at java.base/java.lang.reflect.Method.invoke(Method.java:580) ~[na:na]
	at org.thymeleaf.standard.serializer.StandardJavaScriptSerializer$DefaultStandardJavaScriptSerializer.writeObject(StandardJavaScriptSerializer.java:562) ~[thymeleaf-3.1.3.RELEASE.jar:3.1.3.RELEASE]
	at org.thymeleaf.standard.serializer.StandardJavaScriptSerializer$DefaultStandardJavaScriptSerializer.writeValue(StandardJavaScriptSerializer.java:379) ~[thymeleaf-3.1.3.RELEASE.jar:3.1.3.RELEASE]
	at org.thymeleaf.standard.serializer.StandardJavaScriptSerializer$DefaultStandardJavaScriptSerializer.writeKeyValue(StandardJavaScriptSerializer.java:548) ~[thymeleaf-3.1.3.RELEASE.jar:3.1.3.RELEASE]
	at org.thymeleaf.standard.serializer.StandardJavaScriptSerializer$DefaultStandardJavaScriptSerializer.writeMap(StandardJavaScriptSerializer.java:539) ~[thymeleaf-3.1.3.RELEASE.jar:3.1.3.RELEASE]
	at org.thymeleaf.standard.serializer.StandardJavaScriptSerializer$DefaultStandardJavaScriptSerializer.writeObject(StandardJavaScriptSerializer.java:567) ~[thymeleaf-3.1.3.RELEASE.jar:3.1.3.RELEASE]
	at org.thymeleaf.standard.serializer.StandardJavaScriptSerializer$DefaultStandardJavaScriptSerializer.writeValue(StandardJavaScriptSerializer.java:379) ~[thymeleaf-3.1.3.RELEASE.jar:3.1.3.RELEASE]
	at org.thymeleaf.standard.serializer.StandardJavaScriptSerializer$DefaultStandardJavaScriptSerializer.writeKeyValue(StandardJavaScriptSerializer.java:548) ~[thymeleaf-3.1.3.RELEASE.jar:3.1.3.RELEASE]
	at org.thymeleaf.standard.serializer.StandardJavaScriptSerializer$DefaultStandardJavaScriptSerializer.writeMap(StandardJavaScriptSerializer.java:539) ~[thymeleaf-3.1.3.RELEASE.jar:3.1.3.RELEASE]
	at org.thymeleaf.standard.serializer.StandardJavaScriptSerializer$DefaultStandardJavaScriptSerializer.writeObject(StandardJavaScriptSerializer.java:567) ~[thymeleaf-3.1.3.RELEASE.jar:3.1.3.RELEASE]
	at org.thymeleaf.standard.serializer.StandardJavaScriptSerializer$DefaultStandardJavaScriptSerializer.writeValue(StandardJavaScriptSerializer.java:379) ~[thymeleaf-3.1.3.RELEASE.jar:3.1.3.RELEASE]
	at org.thymeleaf.standard.serializer.StandardJavaScriptSerializer$DefaultStandardJavaScriptSerializer.writeCollection(StandardJavaScriptSerializer.java:524) ~[thymeleaf-3.1.3.RELEASE.jar:3.1.3.RELEASE]
	at org.thymeleaf.standard.serializer.StandardJavaScriptSerializer$DefaultStandardJavaScriptSerializer.writeValue(StandardJavaScriptSerializer.java:368) ~[thymeleaf-3.1.3.RELEASE.jar:3.1.3.RELEASE]
	at org.thymeleaf.standard.serializer.StandardJavaScriptSerializer$DefaultStandardJavaScriptSerializer.writeKeyValue(StandardJavaScriptSerializer.java:548) ~[thymeleaf-3.1.3.RELEASE.jar:3.1.3.RELEASE]
	at org.thymeleaf.standard.serializer.StandardJavaScriptSerializer$DefaultStandardJavaScriptSerializer.writeMap(StandardJavaScriptSerializer.java:539) ~[thymeleaf-3.1.3.RELEASE.jar:3.1.3.RELEASE]
	at org.thymeleaf.standard.serializer.StandardJavaScriptSerializer$DefaultStandardJavaScriptSerializer.writeValue(StandardJavaScriptSerializer.java:372) ~[thymeleaf-3.1.3.RELEASE.jar:3.1.3.RELEASE]
	at org.thymeleaf.standard.serializer.StandardJavaScriptSerializer$DefaultStandardJavaScriptSerializer.serializeValue(StandardJavaScriptSerializer.java:326) ~[thymeleaf-3.1.3.RELEASE.jar:3.1.3.RELEASE]
	at org.thymeleaf.standard.serializer.StandardJavaScriptSerializer.serializeValue(StandardJavaScriptSerializer.java:140) ~[thymeleaf-3.1.3.RELEASE.jar:3.1.3.RELEASE]
	at org.thymeleaf.util.LazyEscapingCharSequence.produceEscapedOutput(LazyEscapingCharSequence.java:135) ~[thymeleaf-3.1.3.RELEASE.jar:3.1.3.RELEASE]
	at org.thymeleaf.util.LazyEscapingCharSequence.writeUnresolved(LazyEscapingCharSequence.java:94) ~[thymeleaf-3.1.3.RELEASE.jar:3.1.3.RELEASE]
	at org.thymeleaf.util.AbstractLazyCharSequence.write(AbstractLazyCharSequence.java:103) ~[thymeleaf-3.1.3.RELEASE.jar:3.1.3.RELEASE]
	at org.thymeleaf.engine.AbstractTextualTemplateEvent.writeContent(AbstractTextualTemplateEvent.java:224) ~[thymeleaf-3.1.3.RELEASE.jar:3.1.3.RELEASE]
	at org.thymeleaf.engine.Text.write(Text.java:78) ~[thymeleaf-3.1.3.RELEASE.jar:3.1.3.RELEASE]
	at org.thymeleaf.engine.OutputTemplateHandler.handleText(OutputTemplateHandler.java:71) ~[thymeleaf-3.1.3.RELEASE.jar:3.1.3.RELEASE]
	at org.thymeleaf.engine.Text.beHandled(Text.java:97) ~[thymeleaf-3.1.3.RELEASE.jar:3.1.3.RELEASE]
	at org.thymeleaf.engine.Model.process(Model.java:282) ~[thymeleaf-3.1.3.RELEASE.jar:3.1.3.RELEASE]
	at org.thymeleaf.engine.ProcessorTemplateHandler.handleOpenElement(ProcessorTemplateHandler.java:1587) ~[thymeleaf-3.1.3.RELEASE.jar:3.1.3.RELEASE]
	at org.thymeleaf.engine.OpenElementTag.beHandled(OpenElementTag.java:205) ~[thymeleaf-3.1.3.RELEASE.jar:3.1.3.RELEASE]
	at org.thymeleaf.engine.TemplateModel.process(TemplateModel.java:136) ~[thymeleaf-3.1.3.RELEASE.jar:3.1.3.RELEASE]
	at org.thymeleaf.engine.TemplateManager.process(TemplateManager.java:519) ~[thymeleaf-3.1.3.RELEASE.jar:3.1.3.RELEASE]
	at org.thymeleaf.util.LazyProcessingCharSequence.writeUnresolved(LazyProcessingCharSequence.java:85) ~[thymeleaf-3.1.3.RELEASE.jar:3.1.3.RELEASE]
	at org.thymeleaf.util.AbstractLazyCharSequence.write(AbstractLazyCharSequence.java:103) ~[thymeleaf-3.1.3.RELEASE.jar:3.1.3.RELEASE]
	at org.thymeleaf.engine.AbstractTextualTemplateEvent.writeContent(AbstractTextualTemplateEvent.java:224) ~[thymeleaf-3.1.3.RELEASE.jar:3.1.3.RELEASE]
	at org.thymeleaf.engine.Text.write(Text.java:78) ~[thymeleaf-3.1.3.RELEASE.jar:3.1.3.RELEASE]
	at org.thymeleaf.engine.OutputTemplateHandler.handleText(OutputTemplateHandler.java:71) ~[thymeleaf-3.1.3.RELEASE.jar:3.1.3.RELEASE]
	at org.thymeleaf.engine.ProcessorTemplateHandler.handleText(ProcessorTemplateHandler.java:587) ~[thymeleaf-3.1.3.RELEASE.jar:3.1.3.RELEASE]
	at org.thymeleaf.engine.Text.beHandled(Text.java:97) ~[thymeleaf-3.1.3.RELEASE.jar:3.1.3.RELEASE]
	at org.thymeleaf.engine.TemplateModel.process(TemplateModel.java:136) ~[thymeleaf-3.1.3.RELEASE.jar:3.1.3.RELEASE]
	at org.thymeleaf.engine.TemplateManager.parseAndProcess(TemplateManager.java:592) ~[thymeleaf-3.1.3.RELEASE.jar:3.1.3.RELEASE]
	at org.thymeleaf.TemplateEngine.process(TemplateEngine.java:1103) ~[thymeleaf-3.1.3.RELEASE.jar:3.1.3.RELEASE]
	at org.thymeleaf.TemplateEngine.process(TemplateEngine.java:1077) ~[thymeleaf-3.1.3.RELEASE.jar:3.1.3.RELEASE]
	at org.thymeleaf.spring6.view.ThymeleafView.renderFragment(ThymeleafView.java:372) ~[thymeleaf-spring6-3.1.3.RELEASE.jar:3.1.3.RELEASE]
	at org.thymeleaf.spring6.view.ThymeleafView.render(ThymeleafView.java:192) ~[thymeleaf-spring6-3.1.3.RELEASE.jar:3.1.3.RELEASE]
	at org.springframework.web.servlet.DispatcherServlet.render(DispatcherServlet.java:1305) ~[spring-webmvc-7.0.6.jar:7.0.6]
	at org.springframework.web.servlet.DispatcherServlet.processDispatchResult(DispatcherServlet.java:1042) ~[spring-webmvc-7.0.6.jar:7.0.6]
	at org.springframework.web.servlet.DispatcherServlet.doDispatch(DispatcherServlet.java:980) ~[spring-webmvc-7.0.6.jar:7.0.6]
	at org.springframework.web.servlet.DispatcherServlet.doService(DispatcherServlet.java:866) ~[spring-webmvc-7.0.6.jar:7.0.6]
	at org.springframework.web.servlet.FrameworkServlet.processRequest(FrameworkServlet.java:1000) ~[spring-webmvc-7.0.6.jar:7.0.6]
	at org.springframework.web.servlet.FrameworkServlet.doGet(FrameworkServlet.java:892) ~[spring-webmvc-7.0.6.jar:7.0.6]
	at jakarta.servlet.http.HttpServlet.service(HttpServlet.java:622) ~[tomcat-embed-core-11.0.18.jar:6.1]
	at org.springframework.web.servlet.FrameworkServlet.service(FrameworkServlet.java:874) ~[spring-webmvc-7.0.6.jar:7.0.6]
	at jakarta.servlet.http.HttpServlet.service(HttpServlet.java:710) ~[tomcat-embed-core-11.0.18.jar:6.1]
	at org.apache.catalina.core.ApplicationFilterChain.doFilter(ApplicationFilterChain.java:128) ~[tomcat-embed-core-11.0.18.jar:11.0.18]
	at org.apache.tomcat.websocket.server.WsFilter.doFilter(WsFilter.java:53) ~[tomcat-embed-websocket-11.0.18.jar:11.0.18]
	at org.apache.catalina.core.ApplicationFilterChain.doFilter(ApplicationFilterChain.java:107) ~[tomcat-embed-core-11.0.18.jar:11.0.18]
	at org.springframework.web.filter.CompositeFilter$VirtualFilterChain.doFilter(CompositeFilter.java:108) ~[spring-web-7.0.6.jar:7.0.6]
	at org.springframework.security.web.FilterChainProxy.lambda$doFilterInternal$3(FilterChainProxy.java:235) ~[spring-security-web-7.0.4.jar:7.0.4]
	at org.springframework.security.web.FilterChainProxy$VirtualFilterChain.doFilter(FilterChainProxy.java:371) ~[spring-security-web-7.0.4.jar:7.0.4]
	at org.springframework.security.web.access.intercept.AuthorizationFilter.doFilter(AuthorizationFilter.java:101) ~[spring-security-web-7.0.4.jar:7.0.4]
	at org.springframework.security.web.FilterChainProxy$VirtualFilterChain.doFilter(FilterChainProxy.java:380) ~[spring-security-web-7.0.4.jar:7.0.4]
	at org.springframework.security.web.access.ExceptionTranslationFilter.doFilter(ExceptionTranslationFilter.java:126) ~[spring-security-web-7.0.4.jar:7.0.4]
	at org.springframework.security.web.access.ExceptionTranslationFilter.doFilter(ExceptionTranslationFilter.java:120) ~[spring-security-web-7.0.4.jar:7.0.4]
	at org.springframework.security.web.FilterChainProxy$VirtualFilterChain.doFilter(FilterChainProxy.java:380) ~[spring-security-web-7.0.4.jar:7.0.4]
	at org.springframework.security.web.authentication.AnonymousAuthenticationFilter.doFilter(AnonymousAuthenticationFilter.java:100) ~[spring-security-web-7.0.4.jar:7.0.4]
	at org.springframework.security.web.FilterChainProxy$VirtualFilterChain.doFilter(FilterChainProxy.java:380) ~[spring-security-web-7.0.4.jar:7.0.4]
	at org.springframework.security.web.servletapi.SecurityContextHolderAwareRequestFilter.doFilter(SecurityContextHolderAwareRequestFilter.java:181) ~[spring-security-web-7.0.4.jar:7.0.4]
	at org.springframework.security.web.FilterChainProxy$VirtualFilterChain.doFilter(FilterChainProxy.java:380) ~[spring-security-web-7.0.4.jar:7.0.4]
	at org.springframework.security.web.savedrequest.RequestCacheAwareFilter.doFilter(RequestCacheAwareFilter.java:63) ~[spring-security-web-7.0.4.jar:7.0.4]
	at org.springframework.security.web.FilterChainProxy$VirtualFilterChain.doFilter(FilterChainProxy.java:380) ~[spring-security-web-7.0.4.jar:7.0.4]
	at org.springframework.security.web.authentication.AbstractAuthenticationProcessingFilter.doFilter(AbstractAuthenticationProcessingFilter.java:245) ~[spring-security-web-7.0.4.jar:7.0.4]
	at org.springframework.security.web.authentication.AbstractAuthenticationProcessingFilter.doFilter(AbstractAuthenticationProcessingFilter.java:239) ~[spring-security-web-7.0.4.jar:7.0.4]
	at org.springframework.security.web.FilterChainProxy$VirtualFilterChain.doFilter(FilterChainProxy.java:380) ~[spring-security-web-7.0.4.jar:7.0.4]
	at org.springframework.security.web.authentication.logout.LogoutFilter.doFilter(LogoutFilter.java:110) ~[spring-security-web-7.0.4.jar:7.0.4]
	at org.springframework.security.web.authentication.logout.LogoutFilter.doFilter(LogoutFilter.java:96) ~[spring-security-web-7.0.4.jar:7.0.4]
	at org.springframework.security.web.FilterChainProxy$VirtualFilterChain.doFilter(FilterChainProxy.java:380) ~[spring-security-web-7.0.4.jar:7.0.4]
	at org.springframework.security.web.csrf.CsrfFilter.doFilterInternal(CsrfFilter.java:118) ~[spring-security-web-7.0.4.jar:7.0.4]
	at org.springframework.web.filter.OncePerRequestFilter.doFilter(OncePerRequestFilter.java:116) ~[spring-web-7.0.6.jar:7.0.6]
	at org.springframework.security.web.FilterChainProxy$VirtualFilterChain.doFilter(FilterChainProxy.java:380) ~[spring-security-web-7.0.4.jar:7.0.4]
	at org.springframework.security.web.header.HeaderWriterFilter.doHeadersAfter(HeaderWriterFilter.java:90) ~[spring-security-web-7.0.4.jar:7.0.4]
	at org.springframework.security.web.header.HeaderWriterFilter.doFilterInternal(HeaderWriterFilter.java:75) ~[spring-security-web-7.0.4.jar:7.0.4]
	at org.springframework.web.filter.OncePerRequestFilter.doFilter(OncePerRequestFilter.java:116) ~[spring-web-7.0.6.jar:7.0.6]
	at org.springframework.security.web.FilterChainProxy$VirtualFilterChain.doFilter(FilterChainProxy.java:380) ~[spring-security-web-7.0.4.jar:7.0.4]
	at org.springframework.security.web.context.SecurityContextHolderFilter.doFilter(SecurityContextHolderFilter.java:82) ~[spring-security-web-7.0.4.jar:7.0.4]
	at org.springframework.security.web.context.SecurityContextHolderFilter.doFilter(SecurityContextHolderFilter.java:69) ~[spring-security-web-7.0.4.jar:7.0.4]
	at org.springframework.security.web.FilterChainProxy$VirtualFilterChain.doFilter(FilterChainProxy.java:380) ~[spring-security-web-7.0.4.jar:7.0.4]
	at org.springframework.security.web.context.request.async.WebAsyncManagerIntegrationFilter.doFilterInternal(WebAsyncManagerIntegrationFilter.java:62) ~[spring-security-web-7.0.4.jar:7.0.4]
	at org.springframework.web.filter.OncePerRequestFilter.doFilter(OncePerRequestFilter.java:116) ~[spring-web-7.0.6.jar:7.0.6]
	at org.springframework.security.web.FilterChainProxy$VirtualFilterChain.doFilter(FilterChainProxy.java:380) ~[spring-security-web-7.0.4.jar:7.0.4]
	at org.springframework.security.web.session.DisableEncodeUrlFilter.doFilterInternal(DisableEncodeUrlFilter.java:42) ~[spring-security-web-7.0.4.jar:7.0.4]
	at org.springframework.web.filter.OncePerRequestFilter.doFilter(OncePerRequestFilter.java:116) ~[spring-web-7.0.6.jar:7.0.6]
	at org.springframework.security.web.FilterChainProxy$VirtualFilterChain.doFilter(FilterChainProxy.java:380) ~[spring-security-web-7.0.4.jar:7.0.4]
	at org.springframework.security.web.FilterChainProxy.doFilterInternal(FilterChainProxy.java:237) ~[spring-security-web-7.0.4.jar:7.0.4]
	at org.springframework.security.web.FilterChainProxy.doFilter(FilterChainProxy.java:195) ~[spring-security-web-7.0.4.jar:7.0.4]
	at org.springframework.web.filter.CompositeFilter$VirtualFilterChain.doFilter(CompositeFilter.java:113) ~[spring-web-7.0.6.jar:7.0.6]
	at org.springframework.web.filter.ServletRequestPathFilter.doFilter(ServletRequestPathFilter.java:52) ~[spring-web-7.0.6.jar:7.0.6]
	at org.springframework.web.filter.CompositeFilter$VirtualFilterChain.doFilter(CompositeFilter.java:113) ~[spring-web-7.0.6.jar:7.0.6]
	at org.springframework.web.filter.CompositeFilter.doFilter(CompositeFilter.java:74) ~[spring-web-7.0.6.jar:7.0.6]
	at org.springframework.security.config.annotation.web.configuration.WebSecurityConfiguration$CompositeFilterChainProxy.doFilter(WebSecurityConfiguration.java:317) ~[spring-security-config-7.0.4.jar:7.0.4]
	at org.springframework.web.filter.DelegatingFilterProxy.invokeDelegate(DelegatingFilterProxy.java:355) ~[spring-web-7.0.6.jar:7.0.6]
	at org.springframework.web.filter.DelegatingFilterProxy.doFilter(DelegatingFilterProxy.java:272) ~[spring-web-7.0.6.jar:7.0.6]
	at org.apache.catalina.core.ApplicationFilterChain.doFilter(ApplicationFilterChain.java:107) ~[tomcat-embed-core-11.0.18.jar:11.0.18]
	at org.springframework.web.filter.RequestContextFilter.doFilterInternal(RequestContextFilter.java:100) ~[spring-web-7.0.6.jar:7.0.6]
	at org.springframework.web.filter.OncePerRequestFilter.doFilter(OncePerRequestFilter.java:116) ~[spring-web-7.0.6.jar:7.0.6]
	at org.apache.catalina.core.ApplicationFilterChain.doFilter(ApplicationFilterChain.java:107) ~[tomcat-embed-core-11.0.18.jar:11.0.18]
	at org.springframework.web.filter.FormContentFilter.doFilterInternal(FormContentFilter.java:93) ~[spring-web-7.0.6.jar:7.0.6]
	at org.springframework.web.filter.OncePerRequestFilter.doFilter(OncePerRequestFilter.java:116) ~[spring-web-7.0.6.jar:7.0.6]
	at org.apache.catalina.core.ApplicationFilterChain.doFilter(ApplicationFilterChain.java:107) ~[tomcat-embed-core-11.0.18.jar:11.0.18]
	at org.springframework.web.filter.HiddenHttpMethodFilter.doFilterInternal(HiddenHttpMethodFilter.java:91) ~[spring-web-7.0.6.jar:7.0.6]
	at org.springframework.web.filter.OncePerRequestFilter.doFilter(OncePerRequestFilter.java:116) ~[spring-web-7.0.6.jar:7.0.6]
	at org.apache.catalina.core.ApplicationFilterChain.doFilter(ApplicationFilterChain.java:107) ~[tomcat-embed-core-11.0.18.jar:11.0.18]
	at com.example.gqw.analytics.logging.AppModuleMdcFilter.doFilterInternal(AppModuleMdcFilter.java:34) ~[gqw-analytics-module-0.0.1-SNAPSHOT.jar:na]
	at org.springframework.web.filter.OncePerRequestFilter.doFilter(OncePerRequestFilter.java:116) ~[spring-web-7.0.6.jar:7.0.6]
	at org.apache.catalina.core.ApplicationFilterChain.doFilter(ApplicationFilterChain.java:107) ~[tomcat-embed-core-11.0.18.jar:11.0.18]
	at org.springframework.web.filter.CharacterEncodingFilter.doFilterInternal(CharacterEncodingFilter.java:199) ~[spring-web-7.0.6.jar:7.0.6]
	at org.springframework.web.filter.OncePerRequestFilter.doFilter(OncePerRequestFilter.java:116) ~[spring-web-7.0.6.jar:7.0.6]
	at org.apache.catalina.core.ApplicationFilterChain.doFilter(ApplicationFilterChain.java:107) ~[tomcat-embed-core-11.0.18.jar:11.0.18]
	at org.apache.catalina.core.StandardWrapperValve.invoke(StandardWrapperValve.java:165) ~[tomcat-embed-core-11.0.18.jar:11.0.18]
	at org.apache.catalina.core.StandardContextValve.invoke(StandardContextValve.java:77) ~[tomcat-embed-core-11.0.18.jar:11.0.18]
	at org.apache.catalina.authenticator.AuthenticatorBase.invoke(AuthenticatorBase.java:492) ~[tomcat-embed-core-11.0.18.jar:11.0.18]
	at org.apache.catalina.core.StandardHostValve.invoke(StandardHostValve.java:113) ~[tomcat-embed-core-11.0.18.jar:11.0.18]
	at org.apache.catalina.valves.ErrorReportValve.invoke(ErrorReportValve.java:83) ~[tomcat-embed-core-11.0.18.jar:11.0.18]
	at org.apache.catalina.core.StandardEngineValve.invoke(StandardEngineValve.java:72) ~[tomcat-embed-core-11.0.18.jar:11.0.18]
	at org.apache.catalina.connector.CoyoteAdapter.service(CoyoteAdapter.java:341) ~[tomcat-embed-core-11.0.18.jar:11.0.18]
	at org.apache.coyote.http11.Http11Processor.service(Http11Processor.java:397) ~[tomcat-embed-core-11.0.18.jar:11.0.18]
	at org.apache.coyote.AbstractProcessorLight.process(AbstractProcessorLight.java:63) ~[tomcat-embed-core-11.0.18.jar:11.0.18]
	at org.apache.coyote.AbstractProtocol$ConnectionHandler.process(AbstractProtocol.java:903) ~[tomcat-embed-core-11.0.18.jar:11.0.18]
	at org.apache.tomcat.util.net.NioEndpoint$SocketProcessor.doRun(NioEndpoint.java:1779) ~[tomcat-embed-core-11.0.18.jar:11.0.18]
	at org.apache.tomcat.util.net.SocketProcessorBase.run(SocketProcessorBase.java:52) ~[tomcat-embed-core-11.0.18.jar:11.0.18]
	at org.apache.tomcat.util.threads.ThreadPoolExecutor.runWorker(ThreadPoolExecutor.java:946) ~[tomcat-embed-core-11.0.18.jar:11.0.18]
	at org.apache.tomcat.util.threads.ThreadPoolExecutor$Worker.run(ThreadPoolExecutor.java:480) ~[tomcat-embed-core-11.0.18.jar:11.0.18]
	at org.apache.tomcat.util.threads.TaskThread$WrappingRunnable.run(TaskThread.java:57) ~[tomcat-embed-core-11.0.18.jar:11.0.18]
	at java.base/java.lang.Thread.run(Thread.java:1583) ~[na:na]

